id,query,user_feedback,extra_results,date_created,num_doc_feedback,extra_results_size
15,"Solicito alterar a Lei 12.249 de 11 de junho de 2010 no que se refere a  criação no perímetro desafetado, uma Área de Proteção Ambiental - APA e uma Floresta Estadual.","[{'id': 'PL 1158/2022', 'class': 'pr', 'score': '263.9735954714763', 'score_normalized': '1.0'}, {'id': 'INC 1366/2022', 'class': 'pr', 'score': '251.33515959366258', 'score_normalized': '0.9166661872471005'}, {'id': 'PL 6988/2013', 'class': 'i', 'score': '173.9023077920463', 'score_normalized': '0.4060986743567981'}, {'id': 'PL 7715/2010', 'class': 'r', 'score': '173.2295985582733', 'score_normalized': '0.40166304435745653'}, {'id': 'INC 637/2011', 'class': 'pr', 'score': '169.62476367747857', 'score_normalized': '0.3778939135990676'}, {'id': 'PL 5334/2013', 'class': 'pr', 'score': '168.32325687313786', 'score_normalized': '0.36931219309360935'}, {'id': 'PL 6293/2016', 'class': 'i', 'score': '167.58663675486966', 'score_normalized': '0.36445515511840065'}, {'id': 'PL 4341/2016', 'class': 'i', 'score': '166.0046019001788', 'score_normalized': '0.3540237221765441'}, {'id': 'INC 3386/2002', 'class': 'pr', 'score': '165.19278933986465', 'score_normalized': '0.34867088923537043'}, {'id': 'INC 1645/2011', 'class': 'pr', 'score': '165.0926783077641', 'score_normalized': '0.3480107890390943'}, {'id': 'INC 850/2011', 'class': 'i', 'score': '161.92354469646486', 'score_normalized': '0.3271145334022287'}]",[],2022-06-24 10:54:39.327499,11,0
20,Gostaria de pedir à Consultoria a elaboração de projeto para excetuar a saúde e a educação do limite de gastos com pessoal. ,"[{'id': 'PLP 319/2013', 'class': 'pr', 'score': '86.06358663081534', 'score_normalized': '1.0'}, {'id': 'PLP 393/2014', 'class': 'r', 'score': '85.9619832248899', 'score_normalized': '0.9969233793380176'}, {'id': 'PLP 251/2005', 'class': 'i', 'score': '83.56089434901776', 'score_normalized': '0.9242167650323293'}, {'id': 'PLP 121/2007', 'class': 'r', 'score': '83.4543541295494', 'score_normalized': '0.9209906542778428'}, {'id': 'PLP 515/2009', 'class': 'r', 'score': '82.28113252046461', 'score_normalized': '0.8854647010805281'}, {'id': 'PLP 360/2013', 'class': 'r', 'score': '81.07151087654267', 'score_normalized': '0.8488365299186008'}, {'id': 'PLP 307/2002', 'class': 'r', 'score': '80.70132000200044', 'score_normalized': '0.8376268969036417'}, {'id': 'PL 6814/2013', 'class': 'r', 'score': '80.29426056119658', 'score_normalized': '0.825300858471905'}, {'id': 'PLP 75/2019', 'class': 'r', 'score': '80.26140517322011', 'score_normalized': '0.8243059748399524'}, {'id': 'PLP 95/2003', 'class': 'r', 'score': '79.00852840300969', 'score_normalized': '0.7863680088531008'}, {'id': 'PDL 213/2019', 'class': 'i', 'score': '78.643615797967', 'score_normalized': '0.7753182054506816'}, {'id': 'PLP 268/2005', 'class': 'i', 'score': '78.23712577738615', 'score_normalized': '0.7630094094529708'}]","['PLP 106/2019', 'PLP 53/2019', 'PLP 152/2019', 'PLP 209/2015', 'PLP 382/2006', 'PLP 264/2005', 'PLP 150/2012', 'PLP 14/2022', 'PLP 276/2013', 'PLP 36/2007', 'PLP 92/2011', 'PLP 331/2006', 'PLP 328/2006', 'PLP 438/2017', 'PLP 145/2012', 'PLP 227/2016']",2022-06-24 12:43:28.550627,12,16
22,altera a emissão e distribuição de valores mobiliários no mercado.,"[{'id': 'PLP 140/2004', 'class': 'r', 'score': '85.16456293453216', 'score_normalized': '1.0'}, {'id': 'PL 4546/2004', 'class': 'i', 'score': '59.335400327056725', 'score_normalized': '0.5383205888035631'}, {'id': 'INC 519/2019', 'class': 'pr', 'score': '59.38505414508333', 'score_normalized': '0.5392081183692156'}, {'id': 'PL 3643/2008', 'class': 'i', 'score': '57.74582645684424', 'score_normalized': '0.509907994109512'}, {'id': 'PLP 211/2019', 'class': 'i', 'score': '56.339686027657805', 'score_normalized': '0.48477415236357746'}, {'id': 'INC 3151/2012', 'class': 'pr', 'score': '56.34320583358105', 'score_normalized': '0.48483706659548137'}, {'id': 'PL 6558/2013', 'class': 'r', 'score': '56.1005033437209', 'score_normalized': '0.4804989181112516'}, {'id': 'PL 4707/2012', 'class': 'i', 'score': '54.51844066211049', 'score_normalized': '0.4522205810075022'}, {'id': 'PL 2081/2021', 'class': 'i', 'score': '53.98372105563858', 'score_normalized': '0.4426628172958868'}, {'id': 'PL 2631/2021', 'class': 'r', 'score': '54.010450247652315', 'score_normalized': '0.44314058414486257'}, {'id': 'PL 961/2007', 'class': 'pr', 'score': '53.069996429329535', 'score_normalized': '0.4263305864031998'}, {'id': 'PL 594/2007', 'class': 'r', 'score': '52.92438055901698', 'score_normalized': '0.4237277978309021'}]","['MPV 1103/2022', 'MPV 1072/2021']",2022-06-24 13:44:42.285506,12,2
27,Para criar uma lei geral dos conselhos de fiscalização profissional ,"[{'id': 'INC 5598/2018', 'class': 'pr', 'score': '66.37792415632346', 'score_normalized': '1.0'}, {'id': 'INC 604/2019', 'class': 'pr', 'score': '66.37792415632346', 'score_normalized': '1.0'}, {'id': 'INC 5602/2018', 'class': 'pr', 'score': '66.37792415632346', 'score_normalized': '1.0'}, {'id': 'INC 2737/2012', 'class': 'pr', 'score': '60.10965918579359', 'score_normalized': '0.833313292675591'}, {'id': 'INC 4497/2017', 'class': 'pr', 'score': '59.808090545378676', 'score_normalized': '0.8252939310277678'}, {'id': 'PL 2546/2015', 'class': 'pr', 'score': '58.50426943003449', 'score_normalized': '0.7906225108375665'}, {'id': 'INC 368/2003', 'class': 'pr', 'score': '57.54510726273644', 'score_normalized': '0.7651163166660171'}, {'id': 'INC 2940/2016 => PL 5179/2016', 'class': 'pr', 'score': '57.50930421238489', 'score_normalized': '0.7641642362094111'}, {'id': 'PL 3568/2015', 'class': 'i', 'score': '57.29522129728035', 'score_normalized': '0.7584713089989377'}, {'id': 'PL 4819/2016', 'class': 'i', 'score': '57.24192545881329', 'score_normalized': '0.7570540575154835'}, {'id': 'PL 3443/2012', 'class': 'i', 'score': '56.99744253332793', 'score_normalized': '0.7505527283537794'}, {'id': 'INC 9890/2006', 'class': 'pr', 'score': '56.41217195127558', 'score_normalized': '0.7349891191772676'}]",[],2022-06-26 22:15:18.66484,12,0
40,Elaborar projeto de lei que discipline a classificação indicativa para mostras culturais e exposições de artes ,"[{'id': 'PL 8873/2017', 'class': 'r', 'score': '95.58490872215684', 'score_normalized': '1.0'}, {'id': 'PL 8744/2017', 'class': 'r', 'score': '95.50392748754159', 'score_normalized': '0.998231200984721'}, {'id': 'PL 4325/2020', 'class': 'r', 'score': '94.35420031892424', 'score_normalized': '0.9731187623641945'}, {'id': 'PL 5001/2019', 'class': 'r', 'score': '88.3937506008769', 'score_normalized': '0.8429301125863482'}, {'id': 'PL 8876/2017', 'class': 'r', 'score': '83.56374818938491', 'score_normalized': '0.7374327890417948'}, {'id': 'PL 9230/2017', 'class': 'i', 'score': '83.27526518178146', 'score_normalized': '0.7311317186494002'}, {'id': 'PL 1621/2019', 'class': 'r', 'score': '81.7412901598284', 'score_normalized': '0.6976265057295877'}, {'id': 'PL 9219/2017', 'class': 'r', 'score': '79.15880204565475', 'score_normalized': '0.6412195806558626'}, {'id': 'PL 2596/2015', 'class': 'i', 'score': '78.44197934493229', 'score_normalized': '0.6255626782488847'}, {'id': 'PL 7463/2010', 'class': 'i', 'score': '78.2118135959059', 'score_normalized': '0.6205353783791913'}, {'id': 'PL 7265/2014', 'class': 'i', 'score': '78.1810785362042', 'score_normalized': '0.6198640605906544'}, {'id': 'PL 8615/2017', 'class': 'r', 'score': '78.08562801269855', 'score_normalized': '0.6177792221365754'}]",[],2022-06-27 08:29:55.064989,12,0
52,"Favor elaborar projeto de decreto legislativo para sustar os efeitos da Portaria 666, de 2019, que dispõe sobre o impedimento de ingresso, a repatriação e a deportação sumária de pessoa perigosa ou que tenha praticado ato contrário aos princípios e objetivos dispostos na Constituição Federal.","[{'id': 'PDL 493/2019', 'class': 'r', 'score': '421.1365310545193', 'score_normalized': '1.0'}, {'id': 'PDL 496/2019', 'class': 'r', 'score': '404.759140290466', 'score_normalized': '0.9384158903617685'}, {'id': 'PDL 504/2019', 'class': 'r', 'score': '372.1780439107046', 'score_normalized': '0.8159007815454714'}, {'id': 'PDL 499/2019', 'class': 'r', 'score': '371.29532797750454', 'score_normalized': '0.8125814936568949'}, {'id': 'PDL 498/2019', 'class': 'r', 'score': '364.22357379064', 'score_normalized': '0.7859894869414917'}, {'id': 'PDL 501/2019', 'class': 'r', 'score': '363.56970567736613', 'score_normalized': '0.7835307384047477'}, {'id': 'PDL 500/2019', 'class': 'r', 'score': '348.74677200746066', 'score_normalized': '0.7277918734390709'}, {'id': 'PDL 494/2019', 'class': 'r', 'score': '335.4654308073729', 'score_normalized': '0.6778498781363629'}, {'id': 'PL 5326/2019', 'class': 'r', 'score': '334.81576187250454', 'score_normalized': '0.67540691982329'}, {'id': 'PDL 62/2022', 'class': 'i', 'score': '304.9678732516526', 'score_normalized': '0.5631695267135872'}, {'id': 'PDL 18/2020', 'class': 'i', 'score': '202.99129328698555', 'score_normalized': '0.17970570322955698'}, {'id': 'PDL 77/2022', 'class': 'i', 'score': '200.33135793639977', 'score_normalized': '0.16970351468676248'}]",[],2022-06-27 11:41:50.357246,12,0
98,Solicito PL sobre proteção de cavernas.,"[{'id': 'PDL 5/2022', 'class': 'r', 'score': '52.58282181898146', 'score_normalized': '1.0'}, {'id': 'PDL 9/2022', 'class': 'r', 'score': '52.3420351955035', 'score_normalized': '0.9912535014191338'}, {'id': 'PDL 4/2022', 'class': 'r', 'score': '48.27457156406924', 'score_normalized': '0.8435041606700581'}, {'id': 'PDL 13/2022', 'class': 'r', 'score': '46.416630857781946', 'score_normalized': '0.776015047212878'}, {'id': 'PDL 8/2022', 'class': 'r', 'score': '44.08392907591073', 'score_normalized': '0.6912803865825787'}, {'id': 'PL 32/2022', 'class': 'r', 'score': '43.69833142105319', 'score_normalized': '0.6772736727033689'}, {'id': 'PL 4630/2009', 'class': 'r', 'score': '40.13179521176342', 'score_normalized': '0.5477203634597755'}, {'id': 'PL 7182/2014', 'class': 'r', 'score': '40.12338010304631', 'score_normalized': '0.5474146872748242'}, {'id': 'PL 855/2011', 'class': 'r', 'score': '40.120577680637865', 'score_normalized': '0.5473128901597504'}, {'id': 'PL 2316/2021', 'class': 'i', 'score': '38.873777225285636', 'score_normalized': '0.5020232546482505'}, {'id': 'PDL 6/2022', 'class': 'r', 'score': '38.842286460758665', 'score_normalized': '0.500879362503134'}, {'id': 'PDC 1138/2008', 'class': 'r', 'score': '38.66472248943033', 'score_normalized': '0.49442940693332893'}]","['PDL 16/2022', 'PL 5071/1990', 'PL 2832/2003', 'PL 2047/2007']",2022-06-28 15:00:40.354319,12,4
111,"Indicação para o ministério da saúde para incorporar o medicamento zolgensma, para tratamento da atrofia muscular espinhal","[{'id': 'INC 215/2019', 'class': 'r', 'score': '148.6309956283135', 'score_normalized': '1.0'}, {'id': 'INC 3939/2017', 'class': 'r', 'score': '148.42173768467092', 'score_normalized': '0.997312491060227'}, {'id': 'PL 1531/2021', 'class': 'r', 'score': '143.68028519413747', 'score_normalized': '0.9364178089563957'}, {'id': 'INC 1286/2020', 'class': 'r', 'score': '140.40608416543918', 'score_normalized': '0.894367101671087'}, {'id': 'INC 723/2020', 'class': 'r', 'score': '136.74408899806363', 'score_normalized': '0.8473359372698146'}, {'id': 'INC 3847/2017', 'class': 'r', 'score': '136.06633840782936', 'score_normalized': '0.8386315567407678'}, {'id': 'INC 297/2020', 'class': 'r', 'score': '133.9491399422945', 'score_normalized': '0.8114402840734'}, {'id': 'PL 5253/2020', 'class': 'r', 'score': '133.8070756428973', 'score_normalized': '0.8096157460510602'}, {'id': 'INC 571/2021', 'class': 'pr', 'score': '132.11664902884752', 'score_normalized': '0.7879055229732295'}, {'id': 'INC 731/2020', 'class': 'r', 'score': '131.84361439546566', 'score_normalized': '0.7843989272124748'}, {'id': 'INC 794/2021', 'class': 'i', 'score': '131.76532611265307', 'score_normalized': '0.7833934673657621'}, {'id': 'PL 6374/2019', 'class': 'pr', 'score': '129.57163464495096', 'score_normalized': '0.7552197917196779'}]",[],2022-06-28 20:12:06.54672,12,0
113,Elaboração de PEC para aumentar a remuneração dos agentes comunitários da saúde na constituição,"[{'id': 'PEC 323/2009', 'class': 'r', 'score': '88.0928963637793', 'score_normalized': '1.0'}, {'id': 'PL 7994/2014', 'class': 'pr', 'score': '84.26965174731308', 'score_normalized': '0.9067996180997802'}, {'id': 'PL 1802/2019', 'class': 'pr', 'score': '83.92066372397935', 'score_normalized': '0.8982922322753885'}, {'id': 'INC 6265/2010', 'class': 'pr', 'score': '83.31458712094462', 'score_normalized': '0.883517720955777'}, {'id': 'PL 6681/2009', 'class': 'r', 'score': '83.23685402788311', 'score_normalized': '0.8816227980077616'}, {'id': 'PL 4367/2019', 'class': 'pr', 'score': '83.13928713645561', 'score_normalized': '0.8792443806021116'}, {'id': 'PL 7095/2010', 'class': 'r', 'score': '82.48540560768048', 'score_normalized': '0.8633045142548545'}, {'id': 'PL 7495/2006', 'class': 'r', 'score': '82.19694928548115', 'score_normalized': '0.8562727278829539'}, {'id': 'PL 7363/2010', 'class': 'r', 'score': '81.13012954755456', 'score_normalized': '0.8302665428313286'}, {'id': 'PEC 391/2009', 'class': 'r', 'score': '80.4228847773474', 'score_normalized': '0.813025824725992'}, {'id': 'PEC 22/2011', 'class': 'r', 'score': '80.07506693551991', 'score_normalized': '0.8045469647675113'}, {'id': 'PL 6733/2006', 'class': 'r', 'score': '78.68402023246959', 'score_normalized': '0.7706370016416986'}]",[],2022-06-28 20:20:11.49697,12,0
123,Consulta sobre juros praticados nos cartões de crédito.,"[{'id': 'PL 7277/2002', 'class': 'i', 'score': '61.40687240790685', 'score_normalized': '1.0'}, {'id': 'PLP 326/2016', 'class': 'r', 'score': '58.6146069681693', 'score_normalized': '0.9136826778323135'}, {'id': 'PLP 298/2016', 'class': 'pr', 'score': '58.29516292704045', 'score_normalized': '0.9038077018288653'}, {'id': 'PL 3877/2019', 'class': 'r', 'score': '56.875371041143566', 'score_normalized': '0.8599176647708027'}, {'id': 'PL 6237/2019', 'class': 'r', 'score': '56.8237997721245', 'score_normalized': '0.8583234417506111'}, {'id': 'PLP 95/2019', 'class': 'r', 'score': '56.182871332460145', 'score_normalized': '0.8385104161601282'}, {'id': 'INC 202/2015', 'class': 'r', 'score': '56.009867526925056', 'score_normalized': '0.8331623482414809'}, {'id': 'PLP 140/2015', 'class': 'r', 'score': '55.98313861523453', 'score_normalized': '0.8323360771969203'}, {'id': 'PL 1166/2020', 'class': 'r', 'score': '55.869071600090194', 'score_normalized': '0.8288099227150435'}, {'id': 'PLP 5/2019', 'class': 'r', 'score': '55.56791244481167', 'score_normalized': '0.8195001875229737'}, {'id': 'INC 9125/2006', 'class': 'i', 'score': '54.92577366717181', 'score_normalized': '0.7996497467457123'}, {'id': 'PLP 392/2008', 'class': 'i', 'score': '53.95446186830893', 'score_normalized': '0.7696235779314744'}]","['PL 8421/2015', 'PL 3206/2020', 'PL 2487/2020', 'PL 3684/2020', 'PL 2352/2020', 'PL 3877/2019', 'PL 2520/2020', 'PL 326/2021', 'PL 2653/2020']",2022-06-29 11:40:20.692834,12,9
146,Projeto de lei para permitir a desaposentação e recálculo da aposentadoria.,"[{'id': 'PL 1990/2015', 'class': 'r', 'score': '58.176280339977836', 'score_normalized': '1.0'}, {'id': 'PL 10466/2018', 'class': 'r', 'score': '55.90129868956354', 'score_normalized': '0.9313427919925459'}, {'id': 'PL 3541/2015', 'class': 'r', 'score': '55.09209833363255', 'score_normalized': '0.9069217435209056'}, {'id': 'PL 5668/2009', 'class': 'r', 'score': '52.441274831745424', 'score_normalized': '0.8269219155983514'}, {'id': 'PL 7098/2017', 'class': 'r', 'score': '51.84709940574311', 'score_normalized': '0.8089901552219415'}, {'id': 'PL 7842/2014', 'class': 'r', 'score': '51.53856530116644', 'score_normalized': '0.7996788316816148'}, {'id': 'PL 2920/2015', 'class': 'r', 'score': '50.152255326203786', 'score_normalized': '0.7578410558487916'}, {'id': 'PL 5693/2009', 'class': 'r', 'score': '48.786462293380765', 'score_normalized': '0.716622465653752'}, {'id': 'PL 6237/2005', 'class': 'r', 'score': '48.18049399129688', 'score_normalized': '0.6983348052875593'}, {'id': 'PL 1168/2011', 'class': 'r', 'score': '47.098896149234186', 'score_normalized': '0.6656930088100412'}, {'id': 'PL 6656/2006', 'class': 'r', 'score': '46.17333407498185', 'score_normalized': '0.6377602525857522'}, {'id': 'PL 7369/2010', 'class': 'r', 'score': '44.21747292988685', 'score_normalized': '0.5787338576044871'}]",['PL 6951/2010'],2022-06-29 20:32:57.572314,12,1
157,"Impedir a retirada de conteúdo da internet sem ordem judicial. Muitas plataformas de internet utilizam seus termos de serviço para retirarem conteúdo de suas redes, o que é contrário à liberdade de expressão. As plataformas, em especial as redes sociais, se tornaram arenas públicas de debate.","[{'id': 'PL 3573/2020', 'class': 'r', 'score': '267.8890006563869', 'score_normalized': '1.0'}, {'id': 'PL 2602/2019', 'class': 'r', 'score': '250.21443950792937', 'score_normalized': '0.811652831410816'}, {'id': 'PL 213/2021', 'class': 'r', 'score': '244.15404290738923', 'score_normalized': '0.7470708295918419'}, {'id': 'PL 649/2021', 'class': 'r', 'score': '243.87256285905886', 'score_normalized': '0.7440712660003014'}, {'id': 'PL 1589/2021', 'class': 'i', 'score': '243.22636469129316', 'score_normalized': '0.7371851207532489'}, {'id': 'PL 283/2020', 'class': 'r', 'score': '240.2293173744969', 'score_normalized': '0.7052473899374742'}, {'id': 'PL 2401/2021', 'class': 'r', 'score': '239.0397314998796', 'score_normalized': '0.6925706886946028'}, {'id': 'PL 3496/2019', 'class': 'r', 'score': '237.34032971498482', 'score_normalized': '0.6744611859017557'}, {'id': 'PL 388/2021', 'class': 'r', 'score': '237.26988392616994', 'score_normalized': '0.6737104874968072'}, {'id': 'PL 2393/2021', 'class': 'r', 'score': '235.98558607940723', 'score_normalized': '0.6600244977270384'}, {'id': 'PL 495/2021', 'class': 'r', 'score': '234.64661004369063', 'score_normalized': '0.6457558353813257'}, {'id': 'PL 3395/2020', 'class': 'r', 'score': '232.84648460274917', 'score_normalized': '0.6265729811617023'}]","['PL 3227/2021', 'PL 7460/2017', 'PL 2854/2020', 'PL 2630/2020']",2022-06-30 13:54:04.814273,12,4
165,exportação de commodities,"[{'id': 'PL 3885/2021', 'class': 'r', 'score': '32.04813129798698', 'score_normalized': '1.0'}, {'id': 'PFC 180/2018', 'class': 'pr', 'score': '31.243384132722742', 'score_normalized': '0.9592887643742023'}, {'id': 'PEC 283/2008', 'class': 'pr', 'score': '29.841270443179724', 'score_normalized': '0.8883574417762533'}, {'id': 'PLP 390/2008', 'class': 'r', 'score': '29.605279635883043', 'score_normalized': '0.8764189376397115'}, {'id': 'PDL 355/2020', 'class': 'i', 'score': '25.9014032765315', 'score_normalized': '0.6890440828990034'}, {'id': 'PLP 50/2022', 'class': 'r', 'score': '25.550464968345175', 'score_normalized': '0.6712905165972182'}, {'id': 'PLP 11/2011', 'class': 'r', 'score': '25.333596864944248', 'score_normalized': '0.6603194081070428'}, {'id': 'PLP 126/2019', 'class': 'r', 'score': '24.667230885530998', 'score_normalized': '0.6266087178780183'}, {'id': 'PEC 122/2011', 'class': 'pr', 'score': '24.366127299897634', 'score_normalized': '0.6113762330037565'}, {'id': 'INC 1037/2021', 'class': 'pr', 'score': '23.19572077457286', 'score_normalized': '0.552166709954585'}, {'id': 'PL 5043/2019', 'class': 'pr', 'score': '22.904641782697123', 'score_normalized': '0.5374413577750818'}, {'id': 'PFC 143/2013', 'class': 'i', 'score': '22.11704987010961', 'score_normalized': '0.497597986696173'}]",[],2022-06-30 14:52:08.079473,12,0
168,liquidação extrajudicial,"[{'id': 'PL 1111/2003', 'class': 'r', 'score': '32.26454884251302', 'score_normalized': '1.0'}, {'id': 'INC 916/2011', 'class': 'i', 'score': '30.64467444155555', 'score_normalized': '0.9252997479633776'}, {'id': 'INC 915/2011', 'class': 'i', 'score': '30.51470488539966', 'score_normalized': '0.9193062224183141'}, {'id': 'PLP 220/2016', 'class': 'r', 'score': '27.84590415070542', 'score_normalized': '0.7962348982469181'}, {'id': 'INC 1641/2011', 'class': 'i', 'score': '27.36423899915931', 'score_normalized': '0.7740229858934139'}, {'id': 'PLP 186/2004', 'class': 'pr', 'score': '27.341962232579938', 'score_normalized': '0.7729956963226569'}, {'id': 'PLP 326/2002', 'class': 'pr', 'score': '27.341962232579938', 'score_normalized': '0.7729956963226569'}, {'id': 'INC 554/2011', 'class': 'i', 'score': '26.94399355040541', 'score_normalized': '0.7546434334289732'}, {'id': 'PL 4438/2008', 'class': 'r', 'score': '25.200776546782244', 'score_normalized': '0.6742552567603334'}, {'id': 'PL 7161/2006', 'class': 'pr', 'score': '24.917381091396454', 'score_normalized': '0.6611865201157893'}, {'id': 'PL 1969/2003', 'class': 'i', 'score': '24.498421742341037', 'score_normalized': '0.6418662759357218'}, {'id': 'PL 3888/2019', 'class': 'i', 'score': '24.418330978208807', 'score_normalized': '0.6381729030032605'}]",[],2022-06-30 15:13:11.633968,12,0
170,lei das sociedades anônimas,"[{'id': 'PL 4493/2012', 'class': 'r', 'score': '39.98914436278051', 'score_normalized': '1.0'}, {'id': 'PL 3566/2021', 'class': 'r', 'score': '38.46325928947529', 'score_normalized': '0.9438591372833578'}, {'id': 'PL 6104/2013', 'class': 'r', 'score': '37.70228348632649', 'score_normalized': '0.9158610666274052'}, {'id': 'PL 896/2003', 'class': 'r', 'score': '37.20451101945658', 'score_normalized': '0.8975468592106333'}, {'id': 'PL 5516/2019', 'class': 'pr', 'score': '35.864459991789694', 'score_normalized': '0.8482432634853124'}, {'id': 'PL 6962/2010', 'class': 'r', 'score': '35.698049703180594', 'score_normalized': '0.8421206417158998'}, {'id': 'PL 4917/2009', 'class': 'pr', 'score': '35.236204345010506', 'score_normalized': '0.8251282762337592'}, {'id': 'PL 7603/2014', 'class': 'r', 'score': '34.7034272235708', 'score_normalized': '0.8055261661164322'}, {'id': 'PL 5817/2016', 'class': 'r', 'score': '34.529828192108084', 'score_normalized': '0.7991390537685936'}, {'id': 'PL 1454/2003', 'class': 'pr', 'score': '34.34247820239737', 'score_normalized': '0.7922460116671133'}, {'id': 'PL 2104/2015', 'class': 'pr', 'score': '33.89735951968321', 'score_normalized': '0.7758690594994515'}, {'id': 'PL 7012/2017', 'class': 'r', 'score': '33.894441265827986', 'score_normalized': '0.7757616901490827'}]",[],2022-06-30 15:35:55.281753,12,0
174,defesa da concorrência,"[{'id': 'PLP 344/2002', 'class': 'pr', 'score': '29.12211190498258', 'score_normalized': '1.0'}, {'id': 'PL 4063/2019', 'class': 'r', 'score': '27.435518089473028', 'score_normalized': '0.9193684798535852'}, {'id': 'INC 1716/2004', 'class': 'pr', 'score': '27.41534309467798', 'score_normalized': '0.9184039675422558'}, {'id': 'PDC 131/2007', 'class': 'pr', 'score': '26.703370731650953', 'score_normalized': '0.8843664812161481'}, {'id': 'PL 3045/2004', 'class': 'r', 'score': '26.573954638284953', 'score_normalized': '0.8781794454025736'}, {'id': 'PDC 7/2015', 'class': 'r', 'score': '25.733485607477153', 'score_normalized': '0.8379988785305537'}, {'id': 'PL 11275/2018', 'class': 'r', 'score': '25.32179221630679', 'score_normalized': '0.81831692330278'}, {'id': 'INC 2525/2012', 'class': 'pr', 'score': '24.574643051482557', 'score_normalized': '0.7825977285672643'}, {'id': 'INC 1229/2003', 'class': 'pr', 'score': '24.520271194673334', 'score_normalized': '0.779998356135446'}, {'id': 'INC 1252/2019', 'class': 'pr', 'score': '24.26772711972444', 'score_normalized': '0.7679249022428457'}, {'id': 'INC 459/2011', 'class': 'pr', 'score': '23.432179343977083', 'score_normalized': '0.7279796073568267'}, {'id': 'PLP 265/2007', 'class': 'r', 'score': '23.245544552420775', 'score_normalized': '0.7190570992715898'}]","['PL 4323/2019', 'PL 9049/2017', 'PL 10830/2018', 'PL 3712/2003', 'PLP 499/2018']",2022-06-30 16:52:37.068405,12,5
175,"Possibilitar dedução do imposto de renda de pessoa física de doações para atividades de CTI (ciência, tecnologia e inovação) indicadas em cadastro criado para tal finalidade. ","[{'id': 'PL 5425/2016', 'class': 'r', 'score': '149.9652640012366', 'score_normalized': '1.0'}, {'id': 'PL 2119/2003', 'class': 'pr', 'score': '143.63065630304246', 'score_normalized': '0.8882950368938652'}, {'id': 'PL 6461/2016', 'class': 'i', 'score': '140.548674700892', 'score_normalized': '0.833947134456253'}, {'id': 'PL 3631/2015', 'class': 'r', 'score': '139.79849136464972', 'score_normalized': '0.820718343362896'}, {'id': 'PL 2805/2019', 'class': 'r', 'score': '139.3621348176785', 'score_normalized': '0.8130235981943142'}, {'id': 'PL 2924/2011', 'class': 'pr', 'score': '139.30409550848555', 'score_normalized': '0.8120001285177384'}, {'id': 'PL 4289/2020', 'class': 'r', 'score': '139.0410006712006', 'score_normalized': '0.8073606937662057'}, {'id': 'INC 2356/2016', 'class': 'r', 'score': '138.17335596148712', 'score_normalized': '0.7920605797093544'}, {'id': 'PL 4207/2004', 'class': 'pr', 'score': '137.09527859880174', 'score_normalized': '0.7730496799406663'}, {'id': 'PL 3229/2004', 'class': 'r', 'score': '136.2383195034584', 'score_normalized': '0.7579379968357939'}, {'id': 'INC 6857/2005', 'class': 'pr', 'score': '136.06452367587605', 'score_normalized': '0.7548732677423693'}, {'id': 'PL 3039/2008', 'class': 'r', 'score': '135.4323143592037', 'score_normalized': '0.7437248396535436'}]",[],2022-06-30 17:43:47.505975,12,0
177,Pl para facilitar o financiamento imobiliário para famílias ,"[{'id': 'PL 3078/2015', 'class': 'r', 'score': '69.58502672762219', 'score_normalized': '1.0'}, {'id': 'INC 5120/2013', 'class': 'r', 'score': '57.98674057073793', 'score_normalized': '0.679718606429145'}, {'id': 'PL 758/2020', 'class': 'pr', 'score': '56.541670519856574', 'score_normalized': '0.6398136546592604'}, {'id': 'PL 3448/2008', 'class': 'r', 'score': '55.84481965610127', 'score_normalized': '0.6205704352097966'}, {'id': 'PL 658/2020', 'class': 'pr', 'score': '54.96322097658705', 'score_normalized': '0.5962254889112055'}, {'id': 'PL 1560/2020', 'class': 'pr', 'score': '54.821792272308436', 'score_normalized': '0.5923199996100651'}, {'id': 'PL 4970/2016', 'class': 'i', 'score': '54.40410066489148', 'score_normalized': '0.5807856359724731'}, {'id': 'INC 1784/2019', 'class': 'r', 'score': '54.39648773318232', 'score_normalized': '0.580575408328148'}, {'id': 'PL 2538/2003', 'class': 'pr', 'score': '54.32136135926099', 'score_normalized': '0.5785008277040817'}, {'id': 'INC 355/2020', 'class': 'r', 'score': '54.254013587528924', 'score_normalized': '0.576641049639248'}, {'id': 'PL 795/2020', 'class': 'r', 'score': '54.17212777643498', 'score_normalized': '0.574379810234038'}, {'id': 'PL 1148/2020', 'class': 'r', 'score': '54.13079909073861', 'score_normalized': '0.5732385373881851'}]","['PL 7562/2010', 'MP 1070/2021', 'MP 996/2020']",2022-06-30 18:03:23.173306,12,3
197,Regulamentar a profissão de garçom,"[{'id': 'PL 4251/2019', 'class': 'r', 'score': '58.595789106363775', 'score_normalized': '1.0'}, {'id': 'PL 6997/2002', 'class': 'r', 'score': '51.82904848946886', 'score_normalized': '0.8287652255337548'}, {'id': 'PL 1860/2003', 'class': 'r', 'score': '51.14362338550146', 'score_normalized': '0.8114202998544227'}, {'id': 'PL 6227/2013', 'class': 'r', 'score': '47.964370402428926', 'score_normalized': '0.7309681740306057'}, {'id': 'PL 4303/2008', 'class': 'r', 'score': '45.71559541052821', 'score_normalized': '0.6740621242254706'}, {'id': 'PL 5063/2019', 'class': 'r', 'score': '45.564559374651324', 'score_normalized': '0.6702401036983233'}, {'id': 'PL 363/2020', 'class': 'i', 'score': '42.394380377683106', 'score_normalized': '0.5900175983154321'}, {'id': 'PL 6178/2016', 'class': 'i', 'score': '40.60824605482016', 'score_normalized': '0.5448188349435619'}, {'id': 'PL 965/2007', 'class': 'r', 'score': '40.25999318230009', 'score_normalized': '0.536006172325121'}, {'id': 'PL 2437/2007', 'class': 'i', 'score': '35.618730463991135', 'score_normalized': '0.4185573709296693'}, {'id': 'PL 1408/2007', 'class': 'r', 'score': '35.24624837948383', 'score_normalized': '0.4091315794970737'}, {'id': 'PL 6646/2009', 'class': 'r', 'score': '35.161370653326344', 'score_normalized': '0.4069837184929889'}]",[],2022-07-01 10:26:44.564858,12,0
199,projeto de lei para criar multa diária caso o cadastro do consumidor não seja excluído do banco de dados de cadastro positivo,"[{'id': 'PL 904/2019', 'class': 'r', 'score': '134.58255106579702', 'score_normalized': '1.0'}, {'id': 'PL 2407/2011', 'class': 'r', 'score': '132.63656765307758', 'score_normalized': '0.9659229639682296'}, {'id': 'PL 5029/2005', 'class': 'r', 'score': '132.38657414308332', 'score_normalized': '0.9615452093624605'}, {'id': 'PL 2684/2011', 'class': 'r', 'score': '129.6691094646986', 'score_normalized': '0.9139583999605397'}, {'id': 'PL 5407/2005', 'class': 'r', 'score': '129.0730661296199', 'score_normalized': '0.9035208031787718'}, {'id': 'PL 7654/2014', 'class': 'i', 'score': '128.8015088756015', 'score_normalized': '0.8987654356512856'}, {'id': 'PL 2731/2003', 'class': 'r', 'score': '128.5542878617057', 'score_normalized': '0.8944362315361458'}, {'id': 'PL 6573/2009', 'class': 'r', 'score': '127.04511822476817', 'score_normalized': '0.8680084481543211'}, {'id': 'PL 5242/2005', 'class': 'r', 'score': '126.08743543672705', 'score_normalized': '0.8512380118485575'}, {'id': 'PL 6487/2002', 'class': 'pr', 'score': '125.67021814706182', 'score_normalized': '0.843931922536557'}, {'id': 'PL 3434/2019', 'class': 'r', 'score': '125.49956250660989', 'score_normalized': '0.8409434908928473'}, {'id': 'PL 2308/2003', 'class': 'i', 'score': '125.17316994966978', 'score_normalized': '0.8352278764376313'}]","['PLP 411/2021', 'PL 4374/2020']",2022-07-01 11:03:24.844186,12,2
203,Solicito a elaboração de projeto de lei para permitir o uso do FGTS para o pagamento de mensalidade escolar,"[{'id': 'PL 6436/2005', 'class': 'r', 'score': '99.99658372221523', 'score_normalized': '1.0'}, {'id': 'PL 485/2003', 'class': 'r', 'score': '94.8168644214777', 'score_normalized': '0.8896388516522895'}, {'id': 'PL 1450/2003', 'class': 'i', 'score': '93.13475368450591', 'score_normalized': '0.8537991349028147'}, {'id': 'PL 10031/2018', 'class': 'r', 'score': '89.64112268162475', 'score_normalized': '0.7793624507901777'}, {'id': 'PL 7340/2014', 'class': 'i', 'score': '89.48114650798449', 'score_normalized': '0.775953935153298'}, {'id': 'PL 107/2022', 'class': 'r', 'score': '88.84582791471846', 'score_normalized': '0.7624175858940808'}, {'id': 'PL 912/2011', 'class': 'r', 'score': '88.78938925055479', 'score_normalized': '0.7612150813901348'}, {'id': 'PL 3696/2019', 'class': 'r', 'score': '88.44764458329263', 'score_normalized': '0.753933734326523'}, {'id': 'PL 2422/2011', 'class': 'r', 'score': '88.16035900063179', 'score_normalized': '0.7478127140616455'}, {'id': 'PL 3286/2004', 'class': 'r', 'score': '86.44228956174855', 'score_normalized': '0.7112068469851686'}, {'id': 'PL 7373/2002', 'class': 'r', 'score': '86.0402207936702', 'score_normalized': '0.7026402107673414'}, {'id': 'PL 253/2007', 'class': 'r', 'score': '85.98664067838719', 'score_normalized': '0.7014986116365943'}]","['PL 3961/2004', 'PL 2752/2003', 'PL 2765/2003', 'PL 1986/2015', 'PL 4935/2016', 'PL 10277/2018', 'PL 1647/2019', 'PL 4860/2020']",2022-07-01 11:25:25.857634,12,8
220,"Elaborar projeto de lei para estabelecer identificação do motociclista e passageiro.
Pode ser no capacete, colete ou outro acessório.","[{'id': 'PL 7455/2006', 'class': 'r', 'score': '114.23545852837536', 'score_normalized': '1.0'}, {'id': 'PL 3556/2004', 'class': 'i', 'score': '111.61499663613463', 'score_normalized': '0.9313722288184808'}, {'id': 'INC 2206/2016', 'class': 'i', 'score': '108.22300176914838', 'score_normalized': '0.8425386349128781'}, {'id': 'PL 1018/2015', 'class': 'r', 'score': '107.46852853728954', 'score_normalized': '0.8227795930157585'}, {'id': 'PL 3294/2019', 'class': 'r', 'score': '105.6488144887202', 'score_normalized': '0.7751227582757477'}, {'id': 'PL 703/2007', 'class': 'i', 'score': '105.17647823415743', 'score_normalized': '0.7627526549382968'}, {'id': 'PL 2216/2011', 'class': 'i', 'score': '104.9306370304496', 'score_normalized': '0.756314273244975'}, {'id': 'INC 2041/2016', 'class': 'i', 'score': '104.512590524251', 'score_normalized': '0.7453659743761449'}, {'id': 'PL 5643/2013', 'class': 'i', 'score': '103.84819311178686', 'score_normalized': '0.7279659451174886'}, {'id': 'INC 6991/2005', 'class': 'i', 'score': '103.39885479369426', 'score_normalized': '0.7161981390797603'}, {'id': 'PL 6614/2013', 'class': 'i', 'score': '102.71713882455316', 'score_normalized': '0.6983445508709282'}, {'id': 'PL 5251/2009', 'class': 'i', 'score': '102.45481994576068', 'score_normalized': '0.6914746322341914'}]","['PL 5651/2009', 'PL 833/2021', 'PL 1228/2011', 'PL 1371/2011', 'PL 1919/2011', 'PL 3515/2012', 'PL 4986/2013', 'PL 5064/2013', 'PL 6746/2013', 'PL 6735/2016']",2022-07-01 15:18:00.67846,12,10
223,Gratuidade para obtenção da carteira de motorista (CNH) para pessoas de baixa renda. ,"[{'id': 'PL 1469/2007', 'class': 'r', 'score': '105.17702445291496', 'score_normalized': '1.0'}, {'id': 'PL 5445/2005', 'class': 'r', 'score': '95.21766986775556', 'score_normalized': '0.816088385626652'}, {'id': 'PL 9430/2017', 'class': 'r', 'score': '91.93967465504649', 'score_normalized': '0.75555621094379'}, {'id': 'PL 6367/2019', 'class': 'i', 'score': '87.82690282242265', 'score_normalized': '0.6796088690935274'}, {'id': 'PL 5888/2013', 'class': 'r', 'score': '87.63429625323374', 'score_normalized': '0.6760521541703306'}, {'id': 'PL 2606/2020', 'class': 'i', 'score': '85.04369467846021', 'score_normalized': '0.6282135403584787'}, {'id': 'PL 3904/2019', 'class': 'r', 'score': '84.62613681980471', 'score_normalized': '0.6205028258515323'}, {'id': 'PL 536/2019', 'class': 'r', 'score': '81.99937791931978', 'score_normalized': '0.5719965229754799'}, {'id': 'PL 4167/2021', 'class': 'r', 'score': '81.61427189147489', 'score_normalized': '0.5648850710555531'}, {'id': 'PL 7123/2017', 'class': 'i', 'score': '81.46186323076539', 'score_normalized': '0.5620706594793923'}, {'id': 'PL 3528/2008', 'class': 'i', 'score': '80.94785771744458', 'score_normalized': '0.5525789215416252'}]","['PL 10141/2018', 'PL 923/2019', 'PL 3352/2019', 'PL 5122/2020', 'PL 3965/2021']",2022-07-01 16:15:05.239019,11,5
236,"Solicito minuta de proposição que permita a prática de pesca esportiva, na modalidade pesque e solte , em unidades de conservação de proteção integral. ","[{'id': 'PL 7985/2017', 'class': 'pr', 'score': '179.2808161182494', 'score_normalized': '1.0'}, {'id': 'PL 6439/2016', 'class': 'pr', 'score': '160.2152544482825', 'score_normalized': '0.7962453409181418'}, {'id': 'PDL 46/2020', 'class': 'r', 'score': '154.97130670608195', 'score_normalized': '0.7402029959324034'}, {'id': 'PDL 34/2020', 'class': 'r', 'score': '140.7041524167376', 'score_normalized': '0.5877291685878415'}, {'id': 'PDL 42/2020', 'class': 'r', 'score': '138.29867382375562', 'score_normalized': '0.5620216925047306'}, {'id': 'PL 1543/2011', 'class': 'i', 'score': '131.19700835128944', 'score_normalized': '0.48612582054963677'}, {'id': 'PL 4811/2009', 'class': 'i', 'score': '130.64732027972093', 'score_normalized': '0.4802512752536418'}, {'id': 'PL 3415/2015', 'class': 'i', 'score': '129.77075141638926', 'score_normalized': '0.47088333776500935'}, {'id': 'PL 9078/2017', 'class': 'pr', 'score': '129.63361865563905', 'score_normalized': '0.469417792747281'}, {'id': 'PL 2912/2019', 'class': 'i', 'score': '127.18355423989392', 'score_normalized': '0.4432338256342047'}, {'id': 'PDL 58/2020', 'class': 'r', 'score': '127.07274956464819', 'score_normalized': '0.44204965024927834'}, {'id': 'PL 3729/2012', 'class': 'i', 'score': '126.3443552473873', 'score_normalized': '0.43426526191812076'}]","['PL 2877/2019', 'PL 41969/2012', 'PL 4119/2012']",2022-07-04 11:19:44.404296,12,3
241,Elaborar projeto de lei ampliando o prazo da licença paternidade,"[{'id': 'PL 7601/2017', 'class': 'r', 'score': '78.74105699170383', 'score_normalized': '1.0'}, {'id': 'PL 3831/2012', 'class': 'r', 'score': '75.73473199234694', 'score_normalized': '0.9264994708452041'}, {'id': 'PL 7985/2014', 'class': 'r', 'score': '75.15300013043937', 'score_normalized': '0.9122769234873643'}, {'id': 'PL 2513/2019', 'class': 'r', 'score': '74.85194689894962', 'score_normalized': '0.9049165842615683'}, {'id': 'PL 9598/2018', 'class': 'r', 'score': '73.94711959883958', 'score_normalized': '0.8827947959100029'}, {'id': 'PL 1099/2015', 'class': 'r', 'score': '73.21696895548602', 'score_normalized': '0.8649436126012517'}, {'id': 'PL 879/2011', 'class': 'r', 'score': '72.3032455373572', 'score_normalized': '0.8426043263471162'}, {'id': 'PLP 333/2013', 'class': 'r', 'score': '71.09436258142944', 'score_normalized': '0.8130487936066734'}, {'id': 'PL 5939/2016', 'class': 'i', 'score': '71.05971132469303', 'score_normalized': '0.8122016178334122'}, {'id': 'PL 2915/2015', 'class': 'r', 'score': '71.03668168639379', 'score_normalized': '0.8116385747154528'}, {'id': 'PL 480/2021', 'class': 'r', 'score': '70.90795183000856', 'score_normalized': '0.8084913060188349'}, {'id': 'PL 5044/2016', 'class': 'r', 'score': '70.43824338887826', 'score_normalized': '0.7970075778860028'}]","['PEC 166/2015', 'PEC 349/2009', 'PL 569/2020', 'PL 559/2020', 'PL 2786/2019', 'PL 11033/2018', 'PL 7824/2017', 'PL 4878/2016', 'PL 2534/2015', 'PL 2272/2011']",2022-07-04 13:33:52.496021,12,10
249,Elaboração de proposição que condicione a matrícula em escola pública a estar com vacinação atualizada das crianças,"[{'id': 'INC 6263/2014', 'class': 'r', 'score': '98.90546638189915', 'score_normalized': '1.0'}, {'id': 'PL 3904/2008', 'class': 'r', 'score': '95.88673256399271', 'score_normalized': '0.9281473202840984'}, {'id': 'PL 43/2015', 'class': 'r', 'score': '94.84049513020685', 'score_normalized': '0.9032445074588399'}, {'id': 'INC 495/2015', 'class': 'r', 'score': '87.73790203426998', 'score_normalized': '0.7341867575348474'}, {'id': 'INC 6619/2014', 'class': 'r', 'score': '87.71801858525', 'score_normalized': '0.7337134865609026'}, {'id': 'PL 6183/2009', 'class': 'r', 'score': '85.84718588585554', 'score_normalized': '0.6891834448744675'}, {'id': 'PL 6403/2013', 'class': 'i', 'score': '84.29208489584285', 'score_normalized': '0.6521685306417325'}, {'id': 'PL 5057/2016', 'class': 'i', 'score': '83.50201427646985', 'score_normalized': '0.6333630663010169'}, {'id': 'PL 4729/2020', 'class': 'i', 'score': '82.83272538356488', 'score_normalized': '0.6174324797173137'}, {'id': 'PL 3146/2012', 'class': 'r', 'score': '81.85675149937462', 'score_normalized': '0.5942020979937469'}, {'id': 'PL 380/2019', 'class': 'i', 'score': '81.23609388126623', 'score_normalized': '0.5794290455362416'}, {'id': 'PL 2454/2019', 'class': 'r', 'score': '81.1182630722116', 'score_normalized': '0.576624406275421'}]",[],2022-07-04 14:52:45.867912,12,0
250,"PL que torne o Serviço Militar facultativo. 
","[{'id': 'PEC 50/2003', 'class': 'r', 'score': '56.285006326481046', 'score_normalized': '1.0'}, {'id': 'PEC 18/2003', 'class': 'r', 'score': '56.285006326481046', 'score_normalized': '1.0'}, {'id': 'PEC 264/2008', 'class': 'r', 'score': '54.172908574373686', 'score_normalized': '0.9356497456600344'}, {'id': 'PEC 315/2017', 'class': 'r', 'score': '52.69410647287181', 'score_normalized': '0.89059440139144'}, {'id': 'PEC 162/2007', 'class': 'r', 'score': '50.557101192104135', 'score_normalized': '0.8254852779116951'}, {'id': 'PL 2279/2015', 'class': 'i', 'score': '48.93665091405761', 'score_normalized': '0.7761142734524935'}, {'id': 'PL 26/2007', 'class': 'i', 'score': '48.30122762707233', 'score_normalized': '0.7567545397042607'}, {'id': 'PL 2132/2007', 'class': 'i', 'score': '48.28509946895592', 'score_normalized': '0.7562631556876873'}, {'id': 'PL 5953/2005', 'class': 'i', 'score': '48.26900043844665', 'score_normalized': '0.7557726591153271'}, {'id': 'PL 351/2011', 'class': 'i', 'score': '48.26900043844665', 'score_normalized': '0.7557726591153271'}, {'id': 'PEC 539/2002', 'class': 'r', 'score': '42.888435237487776', 'score_normalized': '0.5918405026471862'}, {'id': 'PL 4570/2021', 'class': 'i', 'score': '41.448766806450735', 'score_normalized': '0.5479774619285369'}]","['PEC 80/1995', 'PEC 354/2001', 'PEC 535/2011']",2022-07-04 14:55:46.07559,12,3
254,Projeto de lei para adicionar a disciplina da educação moral e cívica na grade escolar do ensino fundamental,"[{'id': 'INC 5583/2018', 'class': 'r', 'score': '124.71901890331226', 'score_normalized': '1.0'}, {'id': 'INC 283/2015', 'class': 'r', 'score': '122.6642513608237', 'score_normalized': '0.9709927035583164'}, {'id': 'INC 1699/2011', 'class': 'r', 'score': '122.55798907793883', 'score_normalized': '0.9694925915132923'}, {'id': 'PL 5072/2005', 'class': 'r', 'score': '121.77463728748535', 'score_normalized': '0.958433959753766'}, {'id': 'PL 5960/2013', 'class': 'r', 'score': '117.82789037656877', 'score_normalized': '0.9027174588562472'}, {'id': 'INC 425/2015', 'class': 'r', 'score': '116.93874384320137', 'score_normalized': '0.890165315346015'}, {'id': 'PL 5985/2016', 'class': 'r', 'score': '115.84497460971762', 'score_normalized': '0.8747244989332588'}, {'id': 'INC 915/2020', 'class': 'r', 'score': '114.73779791163592', 'score_normalized': '0.8590944084094013'}, {'id': 'PL 542/2015', 'class': 'r', 'score': '114.46411626205307', 'score_normalized': '0.8552308255096617'}, {'id': 'PL 7877/2010', 'class': 'r', 'score': '113.87414172193783', 'score_normalized': '0.8469021138552805'}, {'id': 'INC 723/2015', 'class': 'r', 'score': '113.87034844157836', 'score_normalized': '0.8468485638523734'}, {'id': 'INC 1062/2019', 'class': 'r', 'score': '112.59189620026335', 'score_normalized': '0.8288005645612001'}]",['PL 516/2021'],2022-07-04 15:34:21.444816,12,1
266,Alterar a lei de locações para fixar o IPCA como índice de reajuste dos aluguéis de imóveis residenciais.,"[{'id': 'PL 1447/2021', 'class': 'r', 'score': '102.06496798704305', 'score_normalized': '1.0'}, {'id': 'PL 9577/2018', 'class': 'r', 'score': '98.10842180997483', 'score_normalized': '0.9153542022020711'}, {'id': 'PL 1703/2021', 'class': 'r', 'score': '96.33777114163706', 'score_normalized': '0.8774731484406956'}, {'id': 'PL 1026/2021', 'class': 'r', 'score': '96.17088851653058', 'score_normalized': '0.8739028848045415'}, {'id': 'PL 2554/2021', 'class': 'r', 'score': '96.01649726674556', 'score_normalized': '0.8705998599120692'}, {'id': 'PL 1538/2021', 'class': 'r', 'score': '95.87228168181184', 'score_normalized': '0.8675145317760394'}, {'id': 'PL 7279/2014', 'class': 'i', 'score': '93.06424280450983', 'score_normalized': '0.8074397391717091'}, {'id': 'PL 1623/2020', 'class': 'r', 'score': '92.56338605081092', 'score_normalized': '0.7967244795482918'}, {'id': 'PL 286/2011', 'class': 'i', 'score': '91.62570427056853', 'score_normalized': '0.7766638461531289'}, {'id': 'PL 7100/2002', 'class': 'i', 'score': '90.90130706981451', 'score_normalized': '0.761166193342756'}, {'id': 'PL 5143/2005', 'class': 'i', 'score': '90.80348695816096', 'score_normalized': '0.7590734434995753'}]",[],2022-07-04 16:36:41.780272,11,0
282,Vedar a oferta de cursos superiores na modalidade EAD para a área de saúde,"[{'id': 'PDC 733/2017', 'class': 'r', 'score': '105.36785437994985', 'score_normalized': '1.0'}, {'id': 'PL 8445/2017', 'class': 'r', 'score': '103.8377337495535', 'score_normalized': '0.9729082719840954'}, {'id': 'INC 2953/2016', 'class': 'pr', 'score': '101.46885568625095', 'score_normalized': '0.9309658271082222'}, {'id': 'PL 11112/2018', 'class': 'r', 'score': '93.2694215838585', 'score_normalized': '0.7857897970792643'}, {'id': 'PL 2891/2015', 'class': 'r', 'score': '88.94633124643464', 'score_normalized': '0.7092468204779133'}, {'id': 'INC 1049/2019', 'class': 'r', 'score': '87.5303376934693', 'score_normalized': '0.6841757826478605'}, {'id': 'PL 1549/2019', 'class': 'r', 'score': '86.48640508791607', 'score_normalized': '0.6656923130084395'}, {'id': 'PL 1946/2021', 'class': 'r', 'score': '85.56737869943223', 'score_normalized': '0.6494203848600072'}, {'id': 'PL 6858/2017', 'class': 'r', 'score': '83.32697308510292', 'score_normalized': '0.6097526238070811'}, {'id': 'PL 1171/2019', 'class': 'r', 'score': '80.67001247009095', 'score_normalized': '0.5627094999507423'}, {'id': 'PL 5731/2019', 'class': 'r', 'score': '80.58620516064697', 'score_normalized': '0.5612256399281419'}, {'id': 'PDC 1458/2014', 'class': 'r', 'score': '80.39496587350716', 'score_normalized': '0.5578396305833722'}]","['PL 5414/2016', 'PL 7121/2017']",2022-07-04 18:13:10.642408,12,2
284,"estabelecer uma legislação para incentivar a implantação da internet das coisas (internet of things) para possibilitar a oferta de novos produtos e serviços, como forma de promover o crescimento econômico","[{'id': 'INC 316/2019', 'class': 'r', 'score': '157.16062591415385', 'score_normalized': '1.0'}, {'id': 'PL 4298/2019', 'class': 'i', 'score': '152.26288055221568', 'score_normalized': '0.9006424680493309'}, {'id': 'PL 7656/2017', 'class': 'r', 'score': '151.37965940529267', 'score_normalized': '0.8827251067248985'}, {'id': 'PL 9772/2018', 'class': 'i', 'score': '143.32802387048457', 'score_normalized': '0.7193865548430874'}, {'id': 'PL 1086/2019', 'class': 'i', 'score': '140.4306831692055', 'score_normalized': '0.6606099954211845'}, {'id': 'PL 4899/2019', 'class': 'r', 'score': '138.20947715350576', 'score_normalized': '0.6155497623210767'}, {'id': 'PL 3463/2012', 'class': 'i', 'score': '135.79188396584695', 'score_normalized': '0.5665055440868576'}, {'id': 'PL 4348/2012', 'class': 'i', 'score': '135.52613054141227', 'score_normalized': '0.5611143686769504'}, {'id': 'PL 979/2007', 'class': 'i', 'score': '135.50522196059572', 'score_normalized': '0.560690209225406'}, {'id': 'PL 6514/2019', 'class': 'i', 'score': '135.3489749480753', 'score_normalized': '0.5575205226877312'}, {'id': 'PL 5341/2016', 'class': 'i', 'score': '135.32941324627058', 'score_normalized': '0.5571236865379435'}, {'id': 'PL 5912/2019', 'class': 'i', 'score': '135.25265753073936', 'score_normalized': '0.5555665907939394'}]",[],2022-07-04 18:24:52.423366,12,0
304,Gostaria que fosse analisada a viabilidade da apresentação de um projeto para incluir a totalidade do Estado do Espírito Santo no âmbito de atuação da Superintendência do Desenvolvimento do Nordeste,"[{'id': 'INC 3454/2012', 'class': 'r', 'score': '147.8216493641272', 'score_normalized': '1.0'}, {'id': 'INC 5584/2013', 'class': 'pr', 'score': '142.30701332404274', 'score_normalized': '0.9159977218822876'}, {'id': 'PLP 98/2021', 'class': 'r', 'score': '141.37592613275493', 'score_normalized': '0.9018148375312831'}, {'id': 'PL 3801/2021', 'class': 'r', 'score': '139.78897889640507', 'score_normalized': '0.8776414955125134'}, {'id': 'INC 3438/2017', 'class': 'pr', 'score': '137.69793558335232', 'score_normalized': '0.8457894565633483'}, {'id': 'PL 6048/2013', 'class': 'r', 'score': '137.49413646484152', 'score_normalized': '0.8426850648847586'}, {'id': 'PLP 142/2021', 'class': 'r', 'score': '136.91858917572551', 'score_normalized': '0.8339179797863416'}, {'id': 'PLP 403/2008', 'class': 'r', 'score': '136.75518023845663', 'score_normalized': '0.8314288358255064'}, {'id': 'PLP 128/2015', 'class': 'r', 'score': '134.58153202448568', 'score_normalized': '0.7983185089657016'}, {'id': 'PLP 177/2021', 'class': 'r', 'score': '133.46309613172238', 'score_normalized': '0.7812818156575978'}, {'id': 'PL 578/2015', 'class': 'r', 'score': '132.87079674058535', 'score_normalized': '0.7722595523891622'}, {'id': 'PLP 106/2015', 'class': 'r', 'score': '131.96255849567788', 'score_normalized': '0.7584247170362399'}]",[],2022-07-04 20:54:11.408746,12,0
306,"Prezados, a pedido do Deputado, solicitamos a elaboração de projeto que preveja a concessão de descontos em restaurantes a la carte para pessoas que tenham feito cirurgia de redução de estomago","[{'id': 'PL 9079/2017', 'class': 'r', 'score': '164.03086447627197', 'score_normalized': '1.0'}, {'id': 'PL 6024/2013', 'class': 'r', 'score': '156.4241564852224', 'score_normalized': '0.8848901708068917'}, {'id': 'PL 3166/2021', 'class': 'r', 'score': '153.381570978214', 'score_normalized': '0.8388477174316258'}, {'id': 'INC 1777/2007', 'class': 'i', 'score': '146.7875421175216', 'score_normalized': '0.7390624309789516'}, {'id': 'PL 2425/2019', 'class': 'r', 'score': '146.0223267017304', 'score_normalized': '0.7274826758586943'}, {'id': 'INC 801/2003', 'class': 'i', 'score': '145.67900283913698', 'score_normalized': '0.7222872679072456'}, {'id': 'PL 6605/2016', 'class': 'i', 'score': '140.71481808561208', 'score_normalized': '0.6471658803459441'}, {'id': 'PL 1707/2022', 'class': 'r', 'score': '140.0167232455572', 'score_normalized': '0.6366018389900959'}, {'id': 'PL 4833/2012', 'class': 'r', 'score': '137.36667679579392', 'score_normalized': '0.5964995510430648'}, {'id': 'PL 4597/2019', 'class': 'i', 'score': '123.4937916215132', 'score_normalized': '0.38656570782125915'}, {'id': 'INC 3386/2017', 'class': 'i', 'score': '122.4313033128582', 'score_normalized': '0.3704874190433991'}, {'id': 'PL 6567/2016', 'class': 'r', 'score': '121.72455618360196', 'score_normalized': '0.3597924454191808'}]",[],2022-07-04 21:31:23.124969,12,0
321,"Cria carreira agente de trânsito.
","[{'id': 'INC 431/2015', 'class': 'r', 'score': '55.710695156719396', 'score_normalized': '1.0'}, {'id': 'INC 6396/2014', 'class': 'r', 'score': '55.577596083534885', 'score_normalized': '0.996087219982157'}, {'id': 'INC 493/2015', 'class': 'r', 'score': '54.57647531193466', 'score_normalized': '0.9666567719944783'}, {'id': 'PL 3206/2015', 'class': 'i', 'score': '49.943965319036195', 'score_normalized': '0.8304725589944081'}, {'id': 'PL 1027/2015', 'class': 'pr', 'score': '47.53228049483233', 'score_normalized': '0.759575054122989'}, {'id': 'PL 5166/2019', 'class': 'pr', 'score': '47.124848307422376', 'score_normalized': '0.747597566351051'}, {'id': 'PL 5227/2016', 'class': 'i', 'score': '43.81222056253995', 'score_normalized': '0.650214591874886'}, {'id': 'PL 2177/2015', 'class': 'i', 'score': '43.77504280286895', 'score_normalized': '0.6491216586810749'}, {'id': 'PEC 55/2011', 'class': 'r', 'score': '43.184481788606604', 'score_normalized': '0.631760641202617'}, {'id': 'INC 620/2003', 'class': 'pr', 'score': '41.843598085016026', 'score_normalized': '0.5923420123862657'}, {'id': 'INC 5376/2009', 'class': 'pr', 'score': '41.761604482672716', 'score_normalized': '0.5899316054528145'}, {'id': 'PL 297/2022', 'class': 'pr', 'score': '41.3365301803789', 'score_normalized': '0.5774354836067357'}]",[],2022-07-05 11:08:23.97321,12,0
324,vagas pessoas com deficiência em cargos públicos,"[{'id': 'PL 6562/2016', 'class': 'pr', 'score': '54.565581765731125', 'score_normalized': '1.0'}, {'id': 'PL 233/2015', 'class': 'r', 'score': '52.76050922083854', 'score_normalized': '0.9438771104850909'}, {'id': 'INC 116/2015', 'class': 'pr', 'score': '52.08286206541481', 'score_normalized': '0.9228078650735709'}, {'id': 'PL 1546/2022', 'class': 'r', 'score': '50.77202695650239', 'score_normalized': '0.8820516892633995'}, {'id': 'INC 1249/2019', 'class': 'pr', 'score': '49.23294911024142', 'score_normalized': '0.834199044135672'}, {'id': 'INC 6619/2010', 'class': 'pr', 'score': '48.848127448973564', 'score_normalized': '0.8222342598729072'}, {'id': 'PL 5260/2016', 'class': 'pr', 'score': '48.460979167135164', 'score_normalized': '0.8101971368725147'}, {'id': 'PL 6680/2013', 'class': 'pr', 'score': '48.42033593571677', 'score_normalized': '0.8089334671142674'}, {'id': 'PL 5402/2019', 'class': 'pr', 'score': '48.34231513605324', 'score_normalized': '0.8065076628263617'}, {'id': 'PL 10621/2018', 'class': 'i', 'score': '48.301047994884144', 'score_normalized': '0.8052245946134068'}, {'id': 'PL 5567/2016', 'class': 'pr', 'score': '48.24033044055506', 'score_normalized': '0.8033367787453585'}]",['PL 1658/2021'],2022-07-05 11:24:44.211715,11,1
327,"uti neonatal em todos os municípios
","[{'id': 'INC 2556/2016', 'class': 'pr', 'score': '53.664969552055126', 'score_normalized': '1.0'}, {'id': 'INC 5804/2014', 'class': 'pr', 'score': '50.469082896039836', 'score_normalized': '0.8953089582809802'}, {'id': 'PL 92/2003', 'class': 'i', 'score': '45.572104067736404', 'score_normalized': '0.7348934398375695'}, {'id': 'PL 11008/2018', 'class': 'i', 'score': '43.059664966222556', 'score_normalized': '0.6525908130225638'}, {'id': 'PL 1464/2011', 'class': 'pr', 'score': '42.21525004082794', 'score_normalized': '0.6249294195822616'}, {'id': 'PFC 68/2009', 'class': 'i', 'score': '41.397679485738635', 'score_normalized': '0.5981473955921445'}, {'id': 'PL 1468/2019', 'class': 'i', 'score': '40.96434535947344', 'score_normalized': '0.5839522109770342'}, {'id': 'PL 438/2019', 'class': 'i', 'score': '40.21732174497569', 'score_normalized': '0.5594811677867896'}, {'id': 'INC 2257/2016', 'class': 'i', 'score': '40.173349328713755', 'score_normalized': '0.5580407168068714'}, {'id': 'PL 1373/2015', 'class': 'i', 'score': '40.168254504756874', 'score_normalized': '0.5578738202661518'}, {'id': 'PL 4017/2021', 'class': 'i', 'score': '39.63144591408978', 'score_normalized': '0.5402890131032072'}, {'id': 'INC 697/2011', 'class': 'pr', 'score': '37.71466667261585', 'score_normalized': '0.4774990467702026'}]",[],2022-07-05 11:52:19.697901,12,0
329,"contratação de médicos sem crm
","[{'id': 'PL 1361/2021', 'class': 'r', 'score': '44.56773406027034', 'score_normalized': '1.0'}, {'id': 'PL 2609/2020', 'class': 'r', 'score': '43.512714675391244', 'score_normalized': '0.9577674105778384'}, {'id': 'INC 205/2020', 'class': 'r', 'score': '42.92865017914342', 'score_normalized': '0.9343872183087429'}, {'id': 'PL 1184/2021', 'class': 'r', 'score': '41.796648644308036', 'score_normalized': '0.8890730214976216'}, {'id': 'INC 3801/2017', 'class': 'i', 'score': '38.98197832192398', 'score_normalized': '0.7764013324389305'}, {'id': 'INC 160/2021', 'class': 'r', 'score': '37.821779530999386', 'score_normalized': '0.7299583950981897'}, {'id': 'INC 9788/2006', 'class': 'i', 'score': '37.40382019986044', 'score_normalized': '0.7132274183217059'}, {'id': 'PL 6102/2013', 'class': 'r', 'score': '37.16104826857688', 'score_normalized': '0.7035092203017719'}, {'id': 'PL 3063/2008', 'class': 'i', 'score': '34.84141511304608', 'score_normalized': '0.6106539457242419'}, {'id': 'INC 521/2020', 'class': 'r', 'score': '34.71006872454065', 'score_normalized': '0.6053961294439567'}, {'id': 'PL 3252/2020', 'class': 'pr', 'score': '34.121930901180626', 'score_normalized': '0.5818528812595132'}, {'id': 'PL 612/2020', 'class': 'pr', 'score': '34.09372946455145', 'score_normalized': '0.5807239733822313'}]","['PL 1894/2020', 'MPV 621/2013']",2022-07-05 12:08:08.923215,12,2
331,Projeto de Decreto legislativo para sustar o reajuste das tarifas de energia elétrica em Pernambuco.,"[{'id': 'PDC 862/2017', 'class': 'r', 'score': '90.73716027361397', 'score_normalized': '1.0'}, {'id': 'PDC 714/2017', 'class': 'r', 'score': '90.02842188302182', 'score_normalized': '0.9861514271799425'}, {'id': 'INC 3952/2009', 'class': 'r', 'score': '88.7365905964059', 'score_normalized': '0.9609093634207292'}, {'id': 'PDL 35/2019', 'class': 'i', 'score': '87.41292182846684', 'score_normalized': '0.9350452031526159'}, {'id': 'PFC 16/2007', 'class': 'r', 'score': '86.45958678462955', 'score_normalized': '0.9164172722379903'}, {'id': 'PDL 175/2021', 'class': 'r', 'score': '85.62376418286445', 'score_normalized': '0.9000855053704961'}, {'id': 'PL 4317/2020', 'class': 'pr', 'score': '85.21483657090235', 'score_normalized': '0.8920951609958139'}, {'id': 'INC 1437/2015', 'class': 'pr', 'score': '84.84349188746535', 'score_normalized': '0.8848391777470132'}, {'id': 'PDL 93/2022', 'class': 'r', 'score': '84.67982669132589', 'score_normalized': '0.8816412003029627'}, {'id': 'PDL 362/2020', 'class': 'r', 'score': '83.44507670883499', 'score_normalized': '0.8575144911052242'}, {'id': 'PDC 1109/2018', 'class': 'r', 'score': '83.01402599894033', 'score_normalized': '0.8490918668698891'}, {'id': 'PDC 1107/2018', 'class': 'r', 'score': '83.01402599894033', 'score_normalized': '0.8490918668698891'}]",[],2022-07-05 12:18:11.542463,12,0
335,Solicito projeto de lei para conceder incentivos à instalação de pontos de recarga de baterias de veículos elétricos.,"[{'id': 'PL 874/2019', 'class': 'r', 'score': '135.9576430221291', 'score_normalized': '1.0'}, {'id': 'PL 3197/2019', 'class': 'r', 'score': '134.09899715005318', 'score_normalized': '0.9745274266865369'}, {'id': 'PL 4751/2012', 'class': 'r', 'score': '129.14466039968983', 'score_normalized': '0.9066286903058068'}, {'id': 'PL 3435/2019', 'class': 'r', 'score': '124.80618164857523', 'score_normalized': '0.8471702320179797'}, {'id': 'PL 1618/2019', 'class': 'r', 'score': '118.32079056082374', 'score_normalized': '0.7582885346321735'}, {'id': 'PL 2156/2021', 'class': 'r', 'score': '114.59189748908625', 'score_normalized': '0.7071843928615792'}, {'id': 'PL 1621/2022', 'class': 'r', 'score': '112.20534482001808', 'score_normalized': '0.6744769047151784'}, {'id': 'PL 6503/2016', 'class': 'r', 'score': '108.81059819956272', 'score_normalized': '0.6279522097911268'}, {'id': 'PL 2715/2021', 'class': 'r', 'score': '107.26495951380659', 'score_normalized': '0.6067693716127739'}, {'id': 'PL 8826/2017', 'class': 'i', 'score': '106.15294507821393', 'score_normalized': '0.5915293145035484'}, {'id': 'PL 3412/2015', 'class': 'r', 'score': '103.01649775768524', 'score_normalized': '0.5485445880872414'}, {'id': 'PL 2092/2011', 'class': 'r', 'score': '100.92842097285016', 'score_normalized': '0.5199276848971541'}]",['PL 5272/2019'],2022-07-05 12:44:45.003796,12,1
338,regulamentar a tele educação física,"[{'id': 'PL 279/2007', 'class': 'pr', 'score': '32.35843332832748', 'score_normalized': '1.0'}, {'id': 'INC 5286/2013', 'class': 'pr', 'score': '31.854079024465236', 'score_normalized': '0.9702929877912794'}, {'id': 'PL 2664/2019', 'class': 'pr', 'score': '31.605142661204084', 'score_normalized': '0.9556303676332616'}, {'id': 'PL 841/2003', 'class': 'i', 'score': '30.915089307699134', 'score_normalized': '0.9149854812106422'}, {'id': 'PL 2980/2019', 'class': 'pr', 'score': '30.815500698847558', 'score_normalized': '0.909119604789349'}, {'id': 'INC 3975/2017', 'class': 'pr', 'score': '30.55812345864423', 'score_normalized': '0.8939598078798822'}, {'id': 'PL 3549/2019', 'class': 'pr', 'score': '30.517284552700794', 'score_normalized': '0.8915543522940729'}, {'id': 'INC 4193/2004', 'class': 'i', 'score': '30.515795596887443', 'score_normalized': '0.8914666511915211'}, {'id': 'PL 10297/2018', 'class': 'pr', 'score': '30.503804894336554', 'score_normalized': '0.8907603858848852'}, {'id': 'PL 2488/2019', 'class': 'pr', 'score': '30.24538167235908', 'score_normalized': '0.8755389795213171'}, {'id': 'PL 598/2011', 'class': 'i', 'score': '30.239968796675974', 'score_normalized': '0.8752201553083165'}, {'id': 'PL 4398/2008', 'class': 'pr', 'score': '30.18082322131268', 'score_normalized': '0.87173641715846'}]",[],2022-07-05 13:34:36.100386,12,0
340,Regulamentação dos transgêneros no esporte,"[{'id': 'PL 2639/2019', 'class': 'r', 'score': '36.254138146328145', 'score_normalized': '1.0'}, {'id': 'PL 2596/2019', 'class': 'r', 'score': '29.924200326681373', 'score_normalized': '0.6930275835700415'}, {'id': 'PL 1670/2021', 'class': 'r', 'score': '28.884131058167956', 'score_normalized': '0.6425890823229756'}, {'id': 'PL 3396/2020', 'class': 'r', 'score': '28.430393585420436', 'score_normalized': '0.6205849343514397'}, {'id': 'PL 2139/2021', 'class': 'r', 'score': '27.43878400580564', 'score_normalized': '0.5724965016555187'}, {'id': 'PL 1728/2021', 'class': 'r', 'score': '26.758105595705892', 'score_normalized': '0.5394867782880177'}, {'id': 'PL 79/2021', 'class': 'i', 'score': '26.44221901796659', 'score_normalized': '0.524167754807968'}, {'id': 'PL 78/2021', 'class': 'i', 'score': '25.876768013928537', 'score_normalized': '0.4967460223948061'}, {'id': 'PL 994/2022', 'class': 'i', 'score': '25.773055572157507', 'score_normalized': '0.491716453420923'}, {'id': 'PL 3667/2020', 'class': 'i', 'score': '25.725706095630485', 'score_normalized': '0.489420224983879'}, {'id': 'PL 3311/2021', 'class': 'i', 'score': '25.614097390111404', 'score_normalized': '0.48400772410251586'}, {'id': 'PL 8032/2014', 'class': 'i', 'score': '25.567212494511644', 'score_normalized': '0.48173402567033635'}]",[],2022-07-05 13:48:53.481301,12,0
343,Colégios eleitorais de entidades de administração do desporto,"[{'id': 'PL 7475/2002', 'class': 'r', 'score': '60.54675560233165', 'score_normalized': '1.0'}, {'id': 'PL 259/2003', 'class': 'i', 'score': '59.873711381599406', 'score_normalized': '0.9782466243629915'}, {'id': 'PL 4915/2009', 'class': 'r', 'score': '57.62597484120066', 'score_normalized': '0.9055978209260831'}, {'id': 'PL 5025/2009', 'class': 'i', 'score': '57.16634167114839', 'score_normalized': '0.8907420763919454'}, {'id': 'PL 4410/2008', 'class': 'r', 'score': '56.43370280256747', 'score_normalized': '0.8670625498116941'}, {'id': 'INC 81/2003', 'class': 'i', 'score': '55.94826468783742', 'score_normalized': '0.8513727669817409'}, {'id': 'PL 2977/2004', 'class': 'i', 'score': '54.98128124296889', 'score_normalized': '0.8201190195116144'}, {'id': 'PRC 246/2014', 'class': 'i', 'score': '54.49781937298167', 'score_normalized': '0.8044931106336498'}, {'id': 'PEC 10/2007', 'class': 'pr', 'score': '54.45618662334011', 'score_normalized': '0.80314750389065'}, {'id': 'INC 933/2019', 'class': 'i', 'score': '54.44575776570975', 'score_normalized': '0.8028104341253808'}, {'id': 'PL 2639/2019', 'class': 'i', 'score': '54.366974795557326', 'score_normalized': '0.8002640998865096'}, {'id': 'PL 2596/2019', 'class': 'i', 'score': '53.41709550211846', 'score_normalized': '0.7695631734934244'}]",[],2022-07-05 13:57:25.469793,12,0
347,"proibir refrigerante escolas
","[{'id': 'PL 1755/2007', 'class': 'r', 'score': '43.07575174232771', 'score_normalized': '1.0'}, {'id': 'PL 6168/2005', 'class': 'r', 'score': '40.81969403937418', 'score_normalized': '0.9223947352069246'}, {'id': 'PL 10498/2018', 'class': 'r', 'score': '38.23072992108132', 'score_normalized': '0.8333379501447093'}, {'id': 'PL 6283/2013', 'class': 'r', 'score': '33.675428444505116', 'score_normalized': '0.6766418794550384'}, {'id': 'PL 2516/2019', 'class': 'r', 'score': '33.21882899073272', 'score_normalized': '0.6609354897346021'}, {'id': 'PL 4910/2016', 'class': 'pr', 'score': '28.94824199490251', 'score_normalized': '0.5140332034148034'}, {'id': 'PL 7920/2010', 'class': 'i', 'score': '28.404048150754125', 'score_normalized': '0.4953136878108327'}, {'id': 'PL 5043/2013', 'class': 'pr', 'score': '27.663790887418834', 'score_normalized': '0.46984986174781834'}, {'id': 'PL 2249/2011', 'class': 'i', 'score': '26.700534286795772', 'score_normalized': '0.4367151668961902'}, {'id': 'INC 6982/2005', 'class': 'pr', 'score': '26.353350207786896', 'score_normalized': '0.4247725147432108'}, {'id': 'PL 3348/2012', 'class': 'r', 'score': '26.267199005803576', 'score_normalized': '0.42180903254441576'}, {'id': 'PL 7083/2017', 'class': 'pr', 'score': '26.042135687729072', 'score_normalized': '0.4140671656712794'}]","['PL 2781/2021', 'PL 4962/2001']",2022-07-05 14:16:07.217101,12,2
350,Solicito elaborar proposição para revogar a reforma trabalhista.,"[{'id': 'PL 913/2019', 'class': 'r', 'score': '50.9659228931194', 'score_normalized': '1.0'}, {'id': 'PL 10824/2018', 'class': 'r', 'score': '50.39588780097706', 'score_normalized': '0.9747669358226574'}, {'id': 'PL 8181/2017', 'class': 'r', 'score': '49.501109769628165', 'score_normalized': '0.9351588629149897'}, {'id': 'PL 10818/2018', 'class': 'r', 'score': '49.36421315153531', 'score_normalized': '0.9290990234461318'}, {'id': 'PDC 1016/2018', 'class': 'r', 'score': '49.03801030055423', 'score_normalized': '0.9146593905408958'}, {'id': 'PL 4014/2019', 'class': 'r', 'score': '48.4567238312173', 'score_normalized': '0.8889282750562777'}, {'id': 'PL 8845/2017', 'class': 'r', 'score': '48.063750544862216', 'score_normalized': '0.8715329948511371'}, {'id': 'INC 912/2011', 'class': 'i', 'score': '47.59938072773035', 'score_normalized': '0.8509772894932933'}, {'id': 'PL 8883/2017', 'class': 'r', 'score': '47.420163216848984', 'score_normalized': '0.8430440814924008'}, {'id': 'PL 10816/2018', 'class': 'r', 'score': '46.25784762787781', 'score_normalized': '0.7915932423157982'}, {'id': 'PL 273/2019', 'class': 'r', 'score': '46.12882475666576', 'score_normalized': '0.7858819406178569'}, {'id': 'PL 301/2019', 'class': 'r', 'score': '45.90421127541179', 'score_normalized': '0.7759392432897378'}]",[],2022-07-05 14:20:56.245573,12,0
351,"A deputada gostaria de solicitar um pl para melhorar a segurança dos torcedores nos estádios, pois tem havido muitas brigas e confusões e as famílias não estão podendo frequentar.","[{'id': 'PL 327/2003', 'class': 'r', 'score': '152.5401116114829', 'score_normalized': '1.0'}, {'id': 'PL 555/2003', 'class': 'r', 'score': '149.41448313070433', 'score_normalized': '0.9332320528784812'}, {'id': 'PL 7874/2014', 'class': 'r', 'score': '148.54140162530558', 'score_normalized': '0.914581768577668'}, {'id': 'PL 957/2022', 'class': 'r', 'score': '140.26198348635134', 'score_normalized': '0.7377214168442012'}, {'id': 'PL 3083/2015', 'class': 'r', 'score': '140.24555352856834', 'score_normalized': '0.7373704491718721'}, {'id': 'PL 3462/2012', 'class': 'r', 'score': '138.3941541229641', 'score_normalized': '0.697821878900525'}, {'id': 'PRC 232/2005', 'class': 'r', 'score': '138.2363798948114', 'score_normalized': '0.6944515930884972'}, {'id': 'PL 6614/2016', 'class': 'pr', 'score': '137.92223560403838', 'score_normalized': '0.6877410164720354'}, {'id': 'PL 3875/2015', 'class': 'r', 'score': '137.29208235223274', 'score_normalized': '0.6742800311841961'}, {'id': 'PL 4780/2005', 'class': 'r', 'score': '135.9592217544009', 'score_normalized': '0.6458082001704777'}, {'id': 'PL 297/2020', 'class': 'r', 'score': '135.73158341418363', 'score_normalized': '0.6409455158316564'}, {'id': 'PL 6986/2010', 'class': 'r', 'score': '134.86597952889377', 'score_normalized': '0.6224549643164557'}]","['LEI 13912/2019', 'LEI 10671/2003', 'PL 2758/2019']",2022-07-05 14:28:13.383531,12,3
370,fornecimento de escovas de dentes pelo SUS e escolas,"[{'id': 'INC 8797/2006', 'class': 'r', 'score': '59.03947899004806', 'score_normalized': '1.0'}, {'id': 'PL 2263/2011', 'class': 'r', 'score': '58.95983356309428', 'score_normalized': '0.9975161086210089'}, {'id': 'PL 8096/2014', 'class': 'pr', 'score': '54.69918918080694', 'score_normalized': '0.864639956720267'}, {'id': 'PL 1768/2015', 'class': 'r', 'score': '54.281529658707065', 'score_normalized': '0.8516144645360212'}, {'id': 'PL 885/2015', 'class': 'r', 'score': '52.60444978094087', 'score_normalized': '0.7993115965674665'}, {'id': 'PL 7062/2014', 'class': 'r', 'score': '52.41323104589849', 'score_normalized': '0.7933480832103349'}, {'id': 'PL 3120/2004', 'class': 'r', 'score': '52.36213110734647', 'score_normalized': '0.7917544361964267'}, {'id': 'PL 11159/2018', 'class': 'i', 'score': '50.449809745130416', 'score_normalized': '0.7321151232170977'}, {'id': 'PL 6849/2013', 'class': 'i', 'score': '48.32256846203583', 'score_normalized': '0.6657731311378953'}, {'id': 'PL 5334/2020', 'class': 'i', 'score': '48.12260916368957', 'score_normalized': '0.659537026990954'}, {'id': 'PL 7526/2006', 'class': 'r', 'score': '47.49712839936408', 'score_normalized': '0.6400302412575511'}, {'id': 'PL 6892/2013', 'class': 'pr', 'score': '47.467879744613235', 'score_normalized': '0.6391180673366949'}]",[],2022-07-05 15:23:06.924328,12,0
374,Elaborar proposição cabível para proibir a nomeação em cargo ou função comissionada de pessoa condenada por violência doméstica.,"[{'id': 'PL 1523/2021', 'class': 'r', 'score': '115.34582808648696', 'score_normalized': '1.0'}, {'id': 'PL 2586/2019', 'class': 'r', 'score': '112.84631471584362', 'score_normalized': '0.9473076444704154'}, {'id': 'PL 2147/2019', 'class': 'r', 'score': '112.7804057367074', 'score_normalized': '0.9459182142709105'}, {'id': 'PL 1659/2019', 'class': 'r', 'score': '112.60277664937453', 'score_normalized': '0.9421736073677958'}, {'id': 'PL 2282/2019', 'class': 'r', 'score': '111.53493777476015', 'score_normalized': '0.9196624472794582'}, {'id': 'PL 1722/2019', 'class': 'r', 'score': '110.91628943925652', 'score_normalized': '0.9066206934624931'}, {'id': 'PL 299/2020', 'class': 'r', 'score': '110.24998960691846', 'score_normalized': '0.8925743962643217'}, {'id': 'PL 638/2022', 'class': 'r', 'score': '108.74092725514774', 'score_normalized': '0.860761783901561'}, {'id': 'PL 3431/2019', 'class': 'r', 'score': '106.72591726405143', 'score_normalized': '0.8182832662454688'}, {'id': 'PL 3417/2019', 'class': 'r', 'score': '106.28027810731477', 'score_normalized': '0.8088887268281307'}, {'id': 'PL 2335/2019', 'class': 'r', 'score': '105.7967918524213', 'score_normalized': '0.7986963310059162'}, {'id': 'PL 3666/2021', 'class': 'i', 'score': '105.0212592500871', 'score_normalized': '0.7823472927943464'}]","['PL 1383/2019', 'PL 1841/2019', 'PL 2541/2019', 'PL 3106/2019', 'PL 3548/2019', 'PL 5941/2019', 'PL 2990/2020', 'PL 5214/2020']",2022-07-05 15:51:52.081914,12,8
392,"Criação de fundo para prevenção de desastres naturais e e recuperação de seus efeitos, para apoio financeiro aos estados e aos municípios afetados.","[{'id': 'PL 71/2022', 'class': 'r', 'score': '110.21575974935305', 'score_normalized': '1.0'}, {'id': 'PL 728/2019', 'class': 'i', 'score': '107.65618105112445', 'score_normalized': '0.9394914250004037'}, {'id': 'INC 17/2020', 'class': 'r', 'score': '105.80776533223195', 'score_normalized': '0.8957947802227131'}, {'id': 'INC 2904/2012', 'class': 'r', 'score': '105.54053422984741', 'score_normalized': '0.8894774229122892'}, {'id': 'PL 1434/2003', 'class': 'r', 'score': '104.82440387583561', 'score_normalized': '0.8725480636918836'}, {'id': 'PL 636/2022', 'class': 'r', 'score': '103.98341320100117', 'score_normalized': '0.8526669999225226'}, {'id': 'PL 291/2015', 'class': 'r', 'score': '103.88862948852453', 'score_normalized': '0.850426307976187'}, {'id': 'PL 4038/2012', 'class': 'r', 'score': '103.8094986379911', 'score_normalized': '0.8485556505091603'}, {'id': 'PL 7744/2017', 'class': 'pr', 'score': '102.89986476976179', 'score_normalized': '0.8270518580389317'}, {'id': 'PLP 21/2022', 'class': 'r', 'score': '102.86321697179632', 'score_normalized': '0.8261855021682181'}, {'id': 'INC 2251/2011', 'class': 'i', 'score': '102.54079325304626', 'score_normalized': '0.8185633885050834'}, {'id': 'PL 431/2020', 'class': 'r', 'score': '100.2097022264649', 'score_normalized': '0.7634562740762907'}]","['PL 3749/2008', 'PL 3798/2020']",2022-07-05 16:52:30.637098,12,2
422,Solicitamos a elaboração de projeto de lei proibindo o assédio moral nas relações de trabalho.,"[{'id': 'PL 2369/2003', 'class': 'r', 'score': '87.75516685229994', 'score_normalized': '1.0'}, {'id': 'PL 33/2007', 'class': 'r', 'score': '86.83894832155461', 'score_normalized': '0.9815690609672626'}, {'id': 'PL 6625/2009', 'class': 'r', 'score': '85.65578971290911', 'score_normalized': '0.9577682716902063'}, {'id': 'INC 5499/2013', 'class': 'r', 'score': '84.36388487012488', 'score_normalized': '0.9317799090950024'}, {'id': 'INC 1463/2011', 'class': 'r', 'score': '83.76671642933405', 'score_normalized': '0.9197670816361023'}, {'id': 'PL 4593/2009', 'class': 'r', 'score': '82.25314154342225', 'score_normalized': '0.8893195350000069'}, {'id': 'PL 3760/2012', 'class': 'r', 'score': '82.25314154342225', 'score_normalized': '0.8893195350000069'}, {'id': 'INC 6172/2014', 'class': 'r', 'score': '82.17286034036016', 'score_normalized': '0.8877045731656197'}, {'id': 'PL 6/2003', 'class': 'r', 'score': '81.76752061046437', 'score_normalized': '0.8795506321585783'}, {'id': 'PL 4591/2001', 'class': 'r', 'score': '81.57174083681011', 'score_normalized': '0.8756122648903136'}, {'id': 'PL 1610/2003', 'class': 'r', 'score': '81.55454910952763', 'score_normalized': '0.8752664307178122'}, {'id': 'PL 5719/2016', 'class': 'i', 'score': '81.1653507451905', 'score_normalized': '0.8674371944777379'}]","['PL 4286/2021', 'PL 167/2020', 'PL 6757/2010', 'PL 2593/2003', 'PL 6625/2009', 'PL 3258/2020', 'PL 3429/2015', 'PL 4150/2015', 'PL 1399/2019']",2022-07-05 21:12:29.193918,12,9
426,Solicita proposição que proíba Petrobras de praticar PPI,"[{'id': 'INC 1357/2022', 'class': 'r', 'score': '51.0579726095145', 'score_normalized': '1.0'}, {'id': 'INC 1396/2022', 'class': 'r', 'score': '51.0579726095145', 'score_normalized': '1.0'}, {'id': 'INC 1447/2022', 'class': 'r', 'score': '49.99115460369015', 'score_normalized': '0.9356420126267476'}, {'id': 'INC 2407/2016', 'class': 'i', 'score': '49.448615490298884', 'score_normalized': '0.9029122262728422'}, {'id': 'PL 6813/2017', 'class': 'i', 'score': '49.16452541262007', 'score_normalized': '0.8857739088350978'}, {'id': 'PFC 183/2018', 'class': 'pr', 'score': '49.02581838347936', 'score_normalized': '0.8774061224073451'}, {'id': 'PL 1566/2022', 'class': 'r', 'score': '48.96483356525977', 'score_normalized': '0.8737270879895636'}, {'id': 'PL 750/2021', 'class': 'r', 'score': '48.63479269990263', 'score_normalized': '0.85381669490532'}, {'id': 'PL 3421/2021', 'class': 'r', 'score': '48.509936810915974', 'score_normalized': '0.8462845069566639'}, {'id': 'INC 1445/2022', 'class': 'r', 'score': '48.399263778348775', 'score_normalized': '0.8396079289521376'}, {'id': 'PRC 278/2006', 'class': 'i', 'score': '48.37494140227587', 'score_normalized': '0.8381406316590274'}, {'id': 'PL 1381/2019', 'class': 'i', 'score': '48.21583296236975', 'score_normalized': '0.8285420882237361'}]","['PL 1333/2022', 'RIC 450/2022', 'REQ 44/2022', 'PL 3421/2021', 'PL 1294/2021', 'PL 4014/2021', 'PL 3677/2021']",2022-07-05 22:06:59.069081,12,7
430,Conferir ao município de Luziânia o título de Capital Nacional do Café do Cerrado. ,"[{'id': 'PL 5718/2019', 'class': 'r', 'score': '93.27768105115237', 'score_normalized': '1.0'}, {'id': 'PL 5517/2019', 'class': 'r', 'score': '93.06786023440014', 'score_normalized': '0.9952732302484011'}, {'id': 'PL 9483/2018', 'class': 'r', 'score': '88.79736280982756', 'score_normalized': '0.8990689624202595'}, {'id': 'PL 2487/2019', 'class': 'r', 'score': '88.69804557887834', 'score_normalized': '0.8968315786833649'}, {'id': 'PL 2408/2021', 'class': 'r', 'score': '86.46584709170294', 'score_normalized': '0.8465453942519839'}, {'id': 'PL 2229/2011', 'class': 'r', 'score': '84.54607662611437', 'score_normalized': '0.8032974786866154'}, {'id': 'PL 9182/2017', 'class': 'r', 'score': '84.51441842636564', 'score_normalized': '0.802584293868833'}, {'id': 'PL 2438/2021', 'class': 'r', 'score': '84.2208013957729', 'score_normalized': '0.795969792408766'}, {'id': 'PL 7682/2010', 'class': 'r', 'score': '84.21195125127873', 'score_normalized': '0.7957704194583609'}, {'id': 'PL 9530/2018', 'class': 'r', 'score': '83.82301097491423', 'score_normalized': '0.7870085093583291'}, {'id': 'PL 5218/2019', 'class': 'r', 'score': '83.514110784864', 'score_normalized': '0.7800497142435586'}]",[],2022-07-06 10:51:12.104699,11,0
432,Conceder desconto para os agricultores que tomaram crédito rural em 2021 por conta da pandemia . ,"[{'id': 'PL 2373/2021', 'class': 'r', 'score': '87.7098264850246', 'score_normalized': '1.0'}, {'id': 'INC 642/2003', 'class': 'pr', 'score': '87.58518704138456', 'score_normalized': '0.9958261780676066'}, {'id': 'PL 1401/2020', 'class': 'i', 'score': '85.78839637591794', 'score_normalized': '0.9356567480025759'}, {'id': 'PL 956/2007', 'class': 'r', 'score': '85.6480225054663', 'score_normalized': '0.9309560246832548'}, {'id': 'PL 2644/2003', 'class': 'pr', 'score': '81.24118090379022', 'score_normalized': '0.7833833816058506'}, {'id': 'PL 1723/2020', 'class': 'pr', 'score': '81.20645427821526', 'score_normalized': '0.7822204852768091'}, {'id': 'PL 1543/2020', 'class': 'r', 'score': '81.00414105979173', 'score_normalized': '0.7754455886340751'}, {'id': 'PDC 1040/2018', 'class': 'i', 'score': '80.87369990931852', 'score_normalized': '0.771077483972889'}, {'id': 'PL 10625/2018', 'class': 'r', 'score': '80.8386956275499', 'score_normalized': '0.7699052897243693'}, {'id': 'PL 2864/2021', 'class': 'pr', 'score': '80.43998831815865', 'score_normalized': '0.7565537112517581'}, {'id': 'PL 6276/2019', 'class': 'r', 'score': '80.21054948617255', 'score_normalized': '0.7488704546427837'}, {'id': 'PLV 25/2018 MPV84218 => MPV 842/2018 ', 'class': 'r', 'score': '80.20620646534547', 'score_normalized': '0.7487250191766782'}]",[],2022-07-06 10:59:10.30235,12,0
441,"Elaborar um projeto de lei que o apostador de jogos em loterias, deverá fornecer o seu CPF e telefone ou e-mail, de modo que seja avisado pelos canais oficias, em resgatar o seu prêmio, no prazo estipulado de 90 dias. Neste caso, ele não precisará apresentar o original, se fornecido o CPF no momento da aposta. Ficando dessa forma, o prêmio nominal ao seu ganhador.","[{'id': 'PL 713/2022', 'class': 'pr', 'score': '299.1454806071702', 'score_normalized': '1.0'}, {'id': 'PL 3386/2015', 'class': 'r', 'score': '298.22361211612366', 'score_normalized': '0.9899643651756619'}, {'id': 'PL 622/2007', 'class': 'r', 'score': '296.0197053220099', 'score_normalized': '0.9659722188040091'}, {'id': 'PL 1012/2007', 'class': 'r', 'score': '294.74622105791053', 'score_normalized': '0.9521088281434461'}, {'id': 'PL 9840/2018', 'class': 'r', 'score': '293.5945741178475', 'score_normalized': '0.9395717816457204'}, {'id': 'PL 6561/2013', 'class': 'r', 'score': '290.67329958925694', 'score_normalized': '0.9077702343802385'}, {'id': 'PL 7183/2014', 'class': 'i', 'score': '290.3117681433465', 'score_normalized': '0.9038345346530973'}, {'id': 'PL 3623/2015', 'class': 'r', 'score': '286.3129397861401', 'score_normalized': '0.860302532520588'}, {'id': 'PL 1798/2021', 'class': 'r', 'score': '283.85825256909646', 'score_normalized': '0.8335803430136505'}, {'id': 'PL 1622/2015', 'class': 'r', 'score': '282.9659454062489', 'score_normalized': '0.8238665184015161'}, {'id': 'INC 3483/2008', 'class': 'r', 'score': '281.9723289827583', 'score_normalized': '0.8130498220088491'}, {'id': 'PL 4490/2008', 'class': 'r', 'score': '279.7753119572093', 'score_normalized': '0.7891326789614357'}]",[],2022-07-06 13:34:51.515046,12,0
471,Elaborar projeto de lei adotando as seguintes providências: prorrogação de dívidas de crédito rural contratadas por agricultores familiares entre 2020 e 2021.,"[{'id': 'PL 1543/2020', 'class': 'r', 'score': '134.56000960131433', 'score_normalized': '1.0'}, {'id': 'INC 5314/2018', 'class': 'r', 'score': '129.3358796464632', 'score_normalized': '0.9072308767551508'}, {'id': 'PL 3570/2004', 'class': 'r', 'score': '129.26550130095166', 'score_normalized': '0.9059811112506638'}, {'id': 'PL 3590/2004', 'class': 'r', 'score': '128.14483597255267', 'score_normalized': '0.8860805458235088'}, {'id': 'INC 1785/2019', 'class': 'r', 'score': '127.58127047042706', 'score_normalized': '0.8760728549783208'}, {'id': 'PL 1723/2020', 'class': 'r', 'score': '126.11848586973696', 'score_normalized': '0.8500969994626908'}, {'id': 'INC 4961/2018', 'class': 'r', 'score': '126.10507034700454', 'score_normalized': '0.8498587691176356'}, {'id': 'PL 10622/2018', 'class': 'r', 'score': '125.3035151907656', 'score_normalized': '0.8356249024796847'}, {'id': 'PL 3669/2004', 'class': 'r', 'score': '125.16319826574058', 'score_normalized': '0.8331331807531038'}, {'id': 'PL 7713/2010', 'class': 'pr', 'score': '125.03911925364581', 'score_normalized': '0.8309298088491508'}, {'id': 'INC 1702/2015', 'class': 'r', 'score': '123.9377493520031', 'score_normalized': '0.8113718880036361'}, {'id': 'INC 655/2007', 'class': 'r', 'score': '123.50527922809317', 'score_normalized': '0.8036921643804786'}]","['PL 60/2022', 'PL 7034/2014', 'PL 4347/2019']",2022-07-06 16:02:29.251531,12,3
476,projeto de lei que redefina o ato cooperativo.,"[{'id': 'PLP 386/2008', 'class': 'r', 'score': '44.13464154762302', 'score_normalized': '1.0'}, {'id': 'PLP 62/2007', 'class': 'r', 'score': '44.0651556796728', 'score_normalized': '0.9970592386086762'}, {'id': 'PL 5770/2009', 'class': 'r', 'score': '43.825903536069475', 'score_normalized': '0.9869336765705914'}, {'id': 'PLP 271/2005', 'class': 'r', 'score': '43.759999837024864', 'score_normalized': '0.9841445187257954'}, {'id': 'PLP 198/2007', 'class': 'r', 'score': '42.90673217579874', 'score_normalized': '0.948032764370268'}, {'id': 'PL 2294/2007', 'class': 'r', 'score': '42.467672744533644', 'score_normalized': '0.9294510144108952'}, {'id': 'PL 7304/2014', 'class': 'r', 'score': '42.32209497920783', 'score_normalized': '0.9232899131059212'}, {'id': 'PL 2295/2007', 'class': 'r', 'score': '42.19695051494827', 'score_normalized': '0.9179935842308746'}, {'id': 'PL 3723/2008', 'class': 'r', 'score': '42.04164989387371', 'score_normalized': '0.9114209949551408'}, {'id': 'PL 5323/2013', 'class': 'r', 'score': '41.24489603241279', 'score_normalized': '0.8777010017638487'}, {'id': 'PL 6142/2005', 'class': 'r', 'score': '40.79963984570311', 'score_normalized': '0.8588569944606378'}, {'id': 'PLP 260/2013', 'class': 'r', 'score': '40.523449112793884', 'score_normalized': '0.847168127818535'}]","['PL 1678/2011', 'PL 5770/2009', 'PL 6142/2005', 'PL 3768/1989']",2022-07-06 16:23:50.338684,12,4
480,"Propor o banimento do glifosato, agrotóxico (herbicida) muito utilizado na agricultura.
","[{'id': 'PL 2129/2015', 'class': 'r', 'score': '69.81563309020049', 'score_normalized': '1.0'}, {'id': 'PL 4228/2019', 'class': 'r', 'score': '67.24977717740819', 'score_normalized': '0.925366885255313'}, {'id': 'PL 4722/2019', 'class': 'i', 'score': '63.6133600118609', 'score_normalized': '0.8195943287283597'}, {'id': 'INC 1355/2015', 'class': 'r', 'score': '63.283852192246', 'score_normalized': '0.8100099265848162'}, {'id': 'PDL 616/2019', 'class': 'pr', 'score': '61.354741773703395', 'score_normalized': '0.7538978438663522'}, {'id': 'INC 672/2007', 'class': 'r', 'score': '60.872539954058595', 'score_normalized': '0.7398720275466497'}, {'id': 'INC 673/2007', 'class': 'r', 'score': '60.419744926487226', 'score_normalized': '0.7267015673192936'}, {'id': 'INC 674/2007', 'class': 'r', 'score': '60.36744329992813', 'score_normalized': '0.7251802686068997'}, {'id': 'INC 1357/2015', 'class': 'r', 'score': '60.21676420991846', 'score_normalized': '0.7207974621686074'}, {'id': 'PDC 499/2003', 'class': 'r', 'score': '60.20818673007387', 'score_normalized': '0.7205479687990577'}, {'id': 'PL 4412/2012', 'class': 'r', 'score': '59.768421333366135', 'score_normalized': '0.707756501768661'}, {'id': 'INC 1356/2015', 'class': 'r', 'score': '59.2729681873344', 'score_normalized': '0.6933452437887996'}]","['PL 2129/2015', 'PL 4228/2019']",2022-07-06 16:41:05.107354,12,2
493,Projeto de lei versando sobre descarte de medicamentos vencidos.,"[{'id': 'PL 11186/2018', 'class': 'r', 'score': '90.37700530201839', 'score_normalized': '1.0'}, {'id': 'PL 2121/2011', 'class': 'r', 'score': '89.25272546396785', 'score_normalized': '0.9784555200927102'}, {'id': 'PL 5705/2013', 'class': 'r', 'score': '86.40239107718229', 'score_normalized': '0.9238348021479326'}, {'id': 'PL 8278/2014', 'class': 'r', 'score': '84.98477337078907', 'score_normalized': '0.8966691133594853'}, {'id': 'PL 1261/2019', 'class': 'r', 'score': '81.51355802103468', 'score_normalized': '0.8301505057801349'}, {'id': 'PL 4453/2019', 'class': 'r', 'score': '79.08431469009196', 'score_normalized': '0.7835991202957494'}, {'id': 'PL 595/2011', 'class': 'r', 'score': '73.83457095019979', 'score_normalized': '0.68299872287277'}, {'id': 'PL 7064/2014', 'class': 'r', 'score': '70.9667441599406', 'score_normalized': '0.6280427994725417'}, {'id': 'PL 977/2022', 'class': 'r', 'score': '68.18144258668025', 'score_normalized': '0.5746682998596145'}, {'id': 'PL 821/2020', 'class': 'r', 'score': '67.84730869713478', 'score_normalized': '0.5682653202578996'}, {'id': 'PL 4091/2019', 'class': 'r', 'score': '67.1413790889625', 'score_normalized': '0.5547376505937345'}, {'id': 'PL 6776/2016', 'class': 'r', 'score': '66.4420385348184', 'score_normalized': '0.5413362464173188'}]","['PL 2148/2011', 'PL 893/2015']",2022-07-06 17:05:31.019975,12,2
495,Distribuição de pílula anticoncepcionais e outros contraceptivos pelo SUS.,"[{'id': 'INC 2370/2016', 'class': 'r', 'score': '88.98654098880864', 'score_normalized': '1.0'}, {'id': 'PL 10043/2018', 'class': 'i', 'score': '74.45567899294457', 'score_normalized': '0.714625599212365'}, {'id': 'INC 12/2021', 'class': 'r', 'score': '66.48455188457', 'score_normalized': '0.5580790968230415'}, {'id': 'PL 3678/2008', 'class': 'i', 'score': '64.47491562155737', 'score_normalized': '0.5186114627266221'}, {'id': 'PL 261/2019', 'class': 'i', 'score': '63.89010711168991', 'score_normalized': '0.5071262956301044'}, {'id': 'INC 5628/2009', 'class': 'pr', 'score': '63.45212715091741', 'score_normalized': '0.4985247227228661'}, {'id': 'PL 2719/2021', 'class': 'i', 'score': '61.618700042829005', 'score_normalized': '0.4625176941991998'}, {'id': 'PL 1545/2003', 'class': 'i', 'score': '60.581353609481184', 'score_normalized': '0.44214504755854733'}, {'id': 'INC 70/2019', 'class': 'i', 'score': '60.07630527486348', 'score_normalized': '0.43222630592426964'}, {'id': 'INC 95/2015', 'class': 'r', 'score': '58.91857432766124', 'score_normalized': '0.4094894046017481'}, {'id': 'INC 8911/2006', 'class': 'r', 'score': '58.7964899643419', 'score_normalized': '0.4070917662484479'}, {'id': 'INC 783/2015', 'class': 'i', 'score': '58.72924280174315', 'score_normalized': '0.405771086254601'}]",['PL 3032/2020'],2022-07-06 17:12:42.158664,12,1
501,projeto de lei para limitar o juros do cheque especial,"[{'id': 'INC 172/2020', 'class': 'r', 'score': '69.58741668880324', 'score_normalized': '1.0'}, {'id': 'PRC 201/2013', 'class': 'r', 'score': '68.14029079150784', 'score_normalized': '0.9619152083452048'}, {'id': 'PDL 25/2020', 'class': 'r', 'score': '64.77240393606952', 'score_normalized': '0.8732807160415209'}, {'id': 'PL 5394/2019', 'class': 'r', 'score': '64.74765838486911', 'score_normalized': '0.8726294740427342'}, {'id': 'PL 2308/2011', 'class': 'pr', 'score': '63.43737107296162', 'score_normalized': '0.8381459371402556'}, {'id': 'PL 1393/2011', 'class': 'pr', 'score': '63.43737107296162', 'score_normalized': '0.8381459371402556'}, {'id': 'PL 2519/2020', 'class': 'r', 'score': '62.53010569480002', 'score_normalized': '0.8142689455340169'}, {'id': 'PDL 764/2019', 'class': 'r', 'score': '62.38125531328945', 'score_normalized': '0.8103515698736394'}, {'id': 'PL 2487/2020', 'class': 'r', 'score': '60.824444361612464', 'score_normalized': '0.7693801375667942'}, {'id': 'PL 2352/2020', 'class': 'r', 'score': '60.824444361612464', 'score_normalized': '0.7693801375667942'}, {'id': 'PL 2295/2020', 'class': 'r', 'score': '60.57811101669246', 'score_normalized': '0.7628972502544735'}, {'id': 'PLP 157/2015', 'class': 'r', 'score': '60.30826470470589', 'score_normalized': '0.7557955595238809'}]","['PL 2481/2011', 'PL 2123/2020', 'PLP 291/2016']",2022-07-06 17:29:29.799589,12,3
519,Reintroduzir período de carência de 18 meses para o Fundo Fies para os contratos atuais.,"[{'id': 'PL 10557/2018', 'class': 'r', 'score': '107.84059823407415', 'score_normalized': '1.0'}, {'id': 'PL 10853/2018', 'class': 'r', 'score': '96.0927058750819', 'score_normalized': '0.7669773380243841'}, {'id': 'PL 1132/2020', 'class': 'pr', 'score': '92.74521511043731', 'score_normalized': '0.7005789420330212'}, {'id': 'PL 2284/2019', 'class': 'r', 'score': '90.68910216114732', 'score_normalized': '0.6597953786392561'}, {'id': 'PL 3447/2015', 'class': 'i', 'score': '89.21170488035635', 'score_normalized': '0.6304907990052816'}, {'id': 'PL 3362/2020', 'class': 'r', 'score': '85.23462642603083', 'score_normalized': '0.5516043587832247'}, {'id': 'INC 397/2020', 'class': 'pr', 'score': '85.0545944932585', 'score_normalized': '0.5480333760968613'}, {'id': 'PL 7247/2017', 'class': 'r', 'score': '85.04730047408195', 'score_normalized': '0.5478886972291049'}, {'id': 'PLP 350/2017', 'class': 'r', 'score': '85.0275046344497', 'score_normalized': '0.5474960413291198'}, {'id': 'PL 1460/2020', 'class': 'r', 'score': '84.85540795892635', 'score_normalized': '0.5440824566432754'}, {'id': 'PL 3798/2008', 'class': 'pr', 'score': '84.54279813734242', 'score_normalized': '0.5378817552272931'}, {'id': 'PL 1085/2020', 'class': 'r', 'score': '84.16841523332245', 'score_normalized': '0.5304557678052924'}]",[],2022-07-06 21:23:37.690573,12,0
520,Reconhece a cavalgada e o bumba-meu-boi como patrimônio cultural imaterial brasileiro.,"[{'id': 'INC 1185/2019', 'class': 'r', 'score': '91.4582205713717', 'score_normalized': '1.0'}, {'id': 'INC 877/2007', 'class': 'r', 'score': '91.19693165228848', 'score_normalized': '0.9946441242831106'}, {'id': 'INC 6460/2014', 'class': 'r', 'score': '90.97466627049226', 'score_normalized': '0.9900881493675098'}, {'id': 'INC 3485/2012', 'class': 'r', 'score': '90.7026265201142', 'score_normalized': '0.9845119041207124'}, {'id': 'INC 3214/2012', 'class': 'r', 'score': '90.46468393166772', 'score_normalized': '0.9796345792959715'}, {'id': 'INC 792/2015', 'class': 'r', 'score': '90.39069136925859', 'score_normalized': '0.9781178867028528'}, {'id': 'INC 3038/2012', 'class': 'r', 'score': '90.24867743033793', 'score_normalized': '0.9752068983241886'}, {'id': 'INC 3042/2012', 'class': 'r', 'score': '89.82072473693246', 'score_normalized': '0.9664347642182725'}, {'id': 'PL 7684/2006', 'class': 'r', 'score': '88.63150984793988', 'score_normalized': '0.9420583491430876'}, {'id': 'INC 36/2011', 'class': 'r', 'score': '88.50197289042619', 'score_normalized': '0.939403112757168'}, {'id': 'PL 518/2007', 'class': 'r', 'score': '87.69792644532083', 'score_normalized': '0.92292184426059'}, {'id': 'INC 426/2019', 'class': 'r', 'score': '87.69495727266066', 'score_normalized': '0.9228609824383373'}]",[],2022-07-06 21:26:35.9664,12,0
528,Dar anistia aos estudantes para as dívidas do Fies.,"[{'id': 'INC 1442/2007', 'class': 'r', 'score': '53.39993618219796', 'score_normalized': '1.0'}, {'id': 'PL 1309/2022', 'class': 'r', 'score': '53.30410337356032', 'score_normalized': '0.9967370957858376'}, {'id': 'PL 4974/2009', 'class': 'r', 'score': '52.01636009070773', 'score_normalized': '0.9528921637201764'}, {'id': 'PL 10080/2018', 'class': 'pr', 'score': '50.304218376183385', 'score_normalized': '0.8945973636930983'}, {'id': 'PL 1289/2019', 'class': 'r', 'score': '49.71395792236345', 'score_normalized': '0.8745002450799437'}, {'id': 'INC 806/2020', 'class': 'r', 'score': '48.85934013344678', 'score_normalized': '0.8454023189667882'}, {'id': 'PL 3988/2021', 'class': 'r', 'score': '48.60190905443736', 'score_normalized': '0.8366373358206481'}, {'id': 'PL 15/2022', 'class': 'r', 'score': '48.427075745719755', 'score_normalized': '0.8306846318573571'}, {'id': 'PL 4145/2021', 'class': 'r', 'score': '48.221760395984234', 'score_normalized': '0.823694078941212'}, {'id': 'PL 3458/2021', 'class': 'r', 'score': '47.80513007270073', 'score_normalized': '0.8095086986219339'}, {'id': 'PL 7745/2014', 'class': 'r', 'score': '46.695932717821094', 'score_normalized': '0.7717428773439704'}, {'id': 'PL 2172/2021', 'class': 'r', 'score': '46.26591314457322', 'score_normalized': '0.7571016214143008'}]",[],2022-07-06 21:46:13.545186,12,0
532,Aumenta o valor do Vale Cultura.,"[{'id': 'PL 4682/2012', 'class': 'r', 'score': '54.71633341512691', 'score_normalized': '1.0'}, {'id': 'PL 6138/2016', 'class': 'r', 'score': '48.85128945036107', 'score_normalized': '0.8264996083736287'}, {'id': 'PL 699/2022', 'class': 'r', 'score': '48.17872178193348', 'score_normalized': '0.8066036357997759'}, {'id': 'PL 6877/2006', 'class': 'r', 'score': '45.89566467993215', 'score_normalized': '0.7390659832805054'}, {'id': 'PL 6233/2016', 'class': 'r', 'score': '45.126565961735224', 'score_normalized': '0.7163144183121711'}, {'id': 'PL 6491/2013', 'class': 'i', 'score': '45.09038370579924', 'score_normalized': '0.7152440707388994'}, {'id': 'PL 4152/2001', 'class': 'r', 'score': '43.084182222261006', 'score_normalized': '0.6558963923299469'}, {'id': 'PL 6974/2013', 'class': 'r', 'score': '41.89928810104521', 'score_normalized': '0.6208447208843887'}, {'id': 'PRC 252/2014', 'class': 'i', 'score': '40.55169813862952', 'score_normalized': '0.5809801627266863'}, {'id': 'PL 6531/2009', 'class': 'i', 'score': '39.455772808062164', 'score_normalized': '0.5485603760739381'}, {'id': 'PL 2964/2004', 'class': 'i', 'score': '39.007545070804966', 'score_normalized': '0.5353008526297638'}]",[],2022-07-06 22:01:53.370926,11,0
536,Meia-entrada nos cinemas para autistas.,"[{'id': 'PL 160/2020', 'class': 'r', 'score': '46.59707296769218', 'score_normalized': '1.0'}, {'id': 'PL 3699/2008', 'class': 'r', 'score': '41.85990452883795', 'score_normalized': '0.8206617812318702'}, {'id': 'PL 2125/2007', 'class': 'r', 'score': '41.76712129891062', 'score_normalized': '0.8171492231707626'}, {'id': 'PL 1863/2007', 'class': 'r', 'score': '41.72130111349887', 'score_normalized': '0.8154145771387638'}, {'id': 'PL 932/2011', 'class': 'r', 'score': '41.71103948346903', 'score_normalized': '0.8150260956070297'}, {'id': 'PL 505/2019', 'class': 'r', 'score': '41.675051289076784', 'score_normalized': '0.8136636659695166'}, {'id': 'PL 6173/2019', 'class': 'r', 'score': '41.66735016041957', 'score_normalized': '0.8133721190858211'}, {'id': 'PL 1259/2007', 'class': 'r', 'score': '41.66474169476969', 'score_normalized': '0.813273368621402'}, {'id': 'PL 4442/2004', 'class': 'i', 'score': '41.06862625064415', 'score_normalized': '0.7907058193966792'}, {'id': 'PL 9972/2018', 'class': 'pr', 'score': '41.04330566053622', 'score_normalized': '0.7897472405353345'}, {'id': 'PL 3736/2004', 'class': 'i', 'score': '40.86417593754335', 'score_normalized': '0.7829658043536523'}, {'id': 'PL 3742/2019', 'class': 'r', 'score': '40.739549837403246', 'score_normalized': '0.778247749021731'}]",[],2022-07-06 22:13:02.775659,12,0
541,"Estabelecer equivalência automática de diplomas para países do Mercosul e para Portugal, sem que seja necessário reconhecer os diplomas de nível superior destes países no Brasil.","[{'id': 'PL 1874/2019', 'class': 'r', 'score': '163.42308020740623', 'score_normalized': '1.0'}, {'id': 'PL 1678/2022', 'class': 'r', 'score': '135.8648231223255', 'score_normalized': '0.6484430186933161'}, {'id': 'PL 7723/2010', 'class': 'r', 'score': '132.8726489345464', 'score_normalized': '0.6102722547820932'}, {'id': 'PL 4620/2004', 'class': 'r', 'score': '132.0673710819634', 'score_normalized': '0.5999994334605855'}, {'id': 'INC 2787/2012', 'class': 'r', 'score': '130.2922356820277', 'score_normalized': '0.5773542697738777'}, {'id': 'PL 4880/2020', 'class': 'r', 'score': '126.62111203763614', 'score_normalized': '0.5305222389077244'}, {'id': 'INC 2777/2012', 'class': 'r', 'score': '124.7299395632544', 'score_normalized': '0.5063968058597881'}, {'id': 'PL 4872/2009', 'class': 'r', 'score': '124.40857032908245', 'score_normalized': '0.5022971417372882'}, {'id': 'INC 2667/2016', 'class': 'r', 'score': '123.54921337808987', 'score_normalized': '0.4913344406265775'}, {'id': 'INC 3536/2004', 'class': 'r', 'score': '122.85608527545419', 'score_normalized': '0.48249229859019493'}, {'id': 'PL 5132/2009', 'class': 'i', 'score': '118.48185868527678', 'score_normalized': '0.4266908779543915'}, {'id': 'PL 3845/2012', 'class': 'r', 'score': '118.07130769657876', 'score_normalized': '0.4214535341770418'}]",[],2022-07-06 22:29:41.812974,12,0
542,Inscreve o imperador d. Pedro II no livro de heróis e heroínas da pátria.,"[{'id': 'PL 8259/2017', 'class': 'r', 'score': '153.59689328203964', 'score_normalized': '1.0'}, {'id': 'PL 10390/2018', 'class': 'r', 'score': '129.1795561320671', 'score_normalized': '0.7498431281863054'}, {'id': 'PL 10440/2018', 'class': 'r', 'score': '127.02839806915814', 'score_normalized': '0.7278044034683353'}, {'id': 'PL 1927/2019', 'class': 'r', 'score': '122.38239638873695', 'score_normalized': '0.680205877892968'}, {'id': 'PL 1397/2019', 'class': 'r', 'score': '122.05162329604602', 'score_normalized': '0.6768170905882968'}, {'id': 'PL 1747/2019', 'class': 'r', 'score': '118.64328632608243', 'score_normalized': '0.6418985034689796'}, {'id': 'PL 4046/2021 (Nº Anterior: PLS 340/2018)', 'class': 'r', 'score': '118.06271454175119', 'score_normalized': '0.6359505157527284'}, {'id': 'PL 4913/2019', 'class': 'r', 'score': '117.99090357917831', 'score_normalized': '0.6352148087569645'}, {'id': 'PL 4387/2021 (Nº Anterior: PLS 148/2017)', 'class': 'r', 'score': '117.99090357917831', 'score_normalized': '0.6352148087569645'}, {'id': 'PL 614/2022', 'class': 'r', 'score': '117.99090357917831', 'score_normalized': '0.6352148087569645'}, {'id': 'PL 3143/2021', 'class': 'r', 'score': '117.9192596437311', 'score_normalized': '0.6344808129626722'}, {'id': 'PL 687/2022 (Nº Anterior: PLS 707/2015)', 'class': 'r', 'score': '117.84778215048688', 'score_normalized': '0.6337485223772887'}]",[],2022-07-06 22:31:29.883023,12,0
549,Torna obrigatória estabelece multas em caso de descumprimento da classificação indicativa para manifestações culturais que agridam os valores da família.,"[{'id': 'PL 7265/2014', 'class': 'r', 'score': '99.61269035616039', 'score_normalized': '1.0'}, {'id': 'INC 1187/2019', 'class': 'r', 'score': '98.41466475069751', 'score_normalized': '0.9682926799220284'}, {'id': 'PL 5001/2019', 'class': 'r', 'score': '96.52378598132677', 'score_normalized': '0.9182480914794343'}, {'id': 'PL 1732/2019', 'class': 'r', 'score': '94.91691591860359', 'score_normalized': '0.8757201662246239'}, {'id': 'INC 3968/2017', 'class': 'r', 'score': '94.17996576165476', 'score_normalized': '0.8562158130611036'}, {'id': 'PL 8873/2017', 'class': 'r', 'score': '93.76984477908826', 'score_normalized': '0.8453614229665748'}, {'id': 'PL 8767/2017', 'class': 'r', 'score': '93.68346684334631', 'score_normalized': '0.8430753175246245'}, {'id': 'PL 2596/2015', 'class': 'r', 'score': '93.48473055406029', 'score_normalized': '0.8378155007838417'}, {'id': 'INC 1934/2011', 'class': 'pr', 'score': '93.35025578255514', 'score_normalized': '0.8342564494554866'}, {'id': 'PL 8744/2017', 'class': 'r', 'score': '92.91045344859532', 'score_normalized': '0.8226165034390448'}, {'id': 'PL 8165/2017', 'class': 'r', 'score': '92.70079775794903', 'score_normalized': '0.8170676904093587'}, {'id': 'PL 895/2022', 'class': 'r', 'score': '92.48034594824736', 'score_normalized': '0.8112331439187781'}]",[],2022-07-06 22:51:20.176582,12,0
552,Estabelece o Dia Nacional do Contador.,"[{'id': 'PL 4005/2012', 'class': 'r', 'score': '42.84291382053597', 'score_normalized': '1.0'}, {'id': 'PL 8202/2014', 'class': 'r', 'score': '38.96770462076399', 'score_normalized': '0.8232693278181598'}, {'id': 'PL 7606/2006', 'class': 'r', 'score': '37.492769516309615', 'score_normalized': '0.7560042437937535'}, {'id': 'PL 1425/2011', 'class': 'r', 'score': '37.11307649555838', 'score_normalized': '0.738688171468144'}, {'id': 'PL 1240/2020', 'class': 'r', 'score': '36.10048572552929', 'score_normalized': '0.6925085103951628'}, {'id': 'PL 5483/2005', 'class': 'r', 'score': '35.724190766519925', 'score_normalized': '0.6753474082156273'}, {'id': 'PL 8697/2017', 'class': 'r', 'score': '35.239727464885284', 'score_normalized': '0.6532532397381264'}, {'id': 'PL 10363/2018', 'class': 'r', 'score': '34.36558724641348', 'score_normalized': '0.6133876788283329'}, {'id': 'PL 4029/2021', 'class': 'r', 'score': '33.1839953419205', 'score_normalized': '0.5595006444101773'}, {'id': 'PL 7232/2017', 'class': 'i', 'score': '33.05379885672395', 'score_normalized': '0.5535629746849267'}, {'id': 'PL 2485/2003', 'class': 'i', 'score': '32.72770945268062', 'score_normalized': '0.5386915195977162'}, {'id': 'PL 2645/2003', 'class': 'r', 'score': '32.673965882112334', 'score_normalized': '0.5362405197000735'}]",[],2022-07-06 22:59:51.776472,12,0
561,Criação de fundos especiais,"[{'id': 'INC 1575/2015', 'class': 'r', 'score': '34.45352844436576', 'score_normalized': '1.0'}, {'id': 'PL 2722/2019', 'class': 'pr', 'score': '30.508356955893547', 'score_normalized': '0.8326396117474257'}, {'id': 'PL 1750/2007', 'class': 'r', 'score': '29.558756493066902', 'score_normalized': '0.7923560644775867'}, {'id': 'PL 9632/2018', 'class': 'i', 'score': '28.98707980666807', 'score_normalized': '0.7681046390401326'}, {'id': 'PL 6651/2006', 'class': 'r', 'score': '28.86346394892712', 'score_normalized': '0.7628606596577022'}, {'id': 'PL 1581/2011', 'class': 'r', 'score': '28.608423153685536', 'score_normalized': '0.7520414274300035'}, {'id': 'PL 252/2019', 'class': 'r', 'score': '28.267303492725706', 'score_normalized': '0.7375705941428725'}, {'id': 'PL 6445/2009', 'class': 'r', 'score': '28.0653351920297', 'score_normalized': '0.7290027807238705'}, {'id': 'INC 5862/2014', 'class': 'r', 'score': '27.852329092979716', 'score_normalized': '0.7199667265139743'}, {'id': 'PL 978/2011', 'class': 'pr', 'score': '26.7649322627514', 'score_normalized': '0.6738376403073555'}, {'id': 'INC 6207/2010', 'class': 'i', 'score': '26.200890152263312', 'score_normalized': '0.6499100856046208'}, {'id': 'INC 5428/2018', 'class': 'i', 'score': '26.18404895004025', 'score_normalized': '0.6491956552811412'}]",[],2022-07-07 15:14:39.130142,12,0
563,Prestação de auxílio financeiro da União,"[{'id': 'PL 8965/2017', 'class': 'r', 'score': '49.642265664861924', 'score_normalized': '1.0'}, {'id': 'PL 2455/2015', 'class': 'r', 'score': '48.73680259242973', 'score_normalized': '0.9712357151423464'}, {'id': 'PL 7781/2010', 'class': 'i', 'score': '48.34807975806251', 'score_normalized': '0.9588869682095988'}, {'id': 'PL 9249/2017', 'class': 'r', 'score': '46.63886935109842', 'score_normalized': '0.9045896517044435'}, {'id': 'INC 366/2007', 'class': 'pr', 'score': '45.91997309068674', 'score_normalized': '0.881752125308101'}, {'id': 'PL 3118/2012', 'class': 'r', 'score': '45.8159847918756', 'score_normalized': '0.8784486785525842'}, {'id': 'PL 6020/2013', 'class': 'r', 'score': '45.50998788947529', 'score_normalized': '0.8687279264488464'}, {'id': 'PL 3410/2015', 'class': 'r', 'score': '44.54164559495146', 'score_normalized': '0.8379661268267163'}, {'id': 'PL 8132/2017', 'class': 'r', 'score': '44.314764637179664', 'score_normalized': '0.8307586893322249'}, {'id': 'PL 6712/2009', 'class': 'pr', 'score': '44.277490006002964', 'score_normalized': '0.8295745680336604'}, {'id': 'PL 3721/2008', 'class': 'r', 'score': '44.17549367133251', 'score_normalized': '0.8263344009697328'}, {'id': 'PL 4839/2005', 'class': 'pr', 'score': '43.82087721361653', 'score_normalized': '0.8150691278564347'}]",[],2022-07-07 15:23:30.44777,12,0
564,Limites de despesas da lei de responsabilidade fiscal,"[{'id': 'PLP 121/2007', 'class': 'r', 'score': '56.436567875959454', 'score_normalized': '1.0'}, {'id': 'PLP 270/2016', 'class': 'r', 'score': '55.08433864918479', 'score_normalized': '0.9608380165269412'}, {'id': 'PLP 186/2021', 'class': 'r', 'score': '54.16499301452285', 'score_normalized': '0.9342127980818891'}, {'id': 'PLP 25/2011', 'class': 'r', 'score': '54.0064998236187', 'score_normalized': '0.9296226682430411'}, {'id': 'PLP 136/2012', 'class': 'r', 'score': '53.85572114088053', 'score_normalized': '0.9252559586907222'}, {'id': 'PLP 536/2018', 'class': 'r', 'score': '53.80822646731558', 'score_normalized': '0.9238804628913558'}, {'id': 'PLP 549/2009', 'class': 'r', 'score': '53.740302675466516', 'score_normalized': '0.9219133182969699'}, {'id': 'PLP 277/2013', 'class': 'r', 'score': '53.49321318598342', 'score_normalized': '0.9147573462828286'}, {'id': 'PLP 53/2019', 'class': 'r', 'score': '53.46734713166643', 'score_normalized': '0.9140082380905057'}, {'id': 'PLP 35/2011', 'class': 'r', 'score': '52.338357364289195', 'score_normalized': '0.8813115046256201'}, {'id': 'PLP 429/2014', 'class': 'r', 'score': '52.31615477738845', 'score_normalized': '0.880668494310468'}, {'id': 'PLP 389/2008', 'class': 'r', 'score': '52.19361510600841', 'score_normalized': '0.8771196162871573'}]",[],2022-07-07 15:25:25.97708,12,0
565,Contingenciamento de recursos,"[{'id': 'PL 10004/2018', 'class': 'pr', 'score': '29.851864387495727', 'score_normalized': '1.0'}, {'id': 'INC 2165/2011', 'class': 'i', 'score': '29.066690575839992', 'score_normalized': '0.962220352818023'}, {'id': 'INC 1245/2003', 'class': 'i', 'score': '27.550445958416148', 'score_normalized': '0.8892642941244088'}, {'id': 'PDC 288/2015', 'class': 'pr', 'score': '26.913289537360598', 'score_normalized': '0.8586066939473868'}, {'id': 'PL 11057/2018', 'class': 'r', 'score': '25.39937784729632', 'score_normalized': '0.7857628870523391'}, {'id': 'INC 605/2015', 'class': 'r', 'score': '25.088291987681632', 'score_normalized': '0.7707945910584094'}, {'id': 'PLP 358/2017', 'class': 'r', 'score': '24.47487197074095', 'score_normalized': '0.7412790984752939'}, {'id': 'PLP 78/2019', 'class': 'r', 'score': '24.360556616685034', 'score_normalized': '0.7357786682780514'}, {'id': 'PLP 260/2019', 'class': 'r', 'score': '23.76239757087167', 'score_normalized': '0.7069974769366298'}, {'id': 'PLP 7/2011', 'class': 'r', 'score': '22.836245247855793', 'score_normalized': '0.6624344674718545'}, {'id': 'PLP 471/2009', 'class': 'r', 'score': '22.836245247855793', 'score_normalized': '0.6624344674718545'}, {'id': 'PLP 136/2004', 'class': 'r', 'score': '22.69948388260646', 'score_normalized': '0.6558540185947457'}]",[],2022-07-07 15:28:32.991418,12,0
571,Critérios para a realização de transferências voluntárias,"[{'id': 'PLP 344/2017', 'class': 'r', 'score': '52.49196836563177', 'score_normalized': '1.0'}, {'id': 'PLP 74/2011', 'class': 'r', 'score': '50.62947249266078', 'score_normalized': '0.9412972361077961'}, {'id': 'PLP 206/2021', 'class': 'r', 'score': '49.130990196771265', 'score_normalized': '0.8940675731115872'}, {'id': 'PLP 364/2013', 'class': 'r', 'score': '48.867532816709655', 'score_normalized': '0.8857638358513564'}, {'id': 'PLP 74/2020', 'class': 'r', 'score': '46.3790747172219', 'score_normalized': '0.8073317864762072'}, {'id': 'PLP 482/2018', 'class': 'r', 'score': '45.69385963576996', 'score_normalized': '0.7857349498197661'}, {'id': 'PL 5641/2016', 'class': 'r', 'score': '45.369388488336796', 'score_normalized': '0.7755081603626609'}, {'id': 'PL 2635/2015', 'class': 'pr', 'score': '45.30040668772607', 'score_normalized': '0.773333969046118'}, {'id': 'PLP 159/2012', 'class': 'pr', 'score': '44.80432089070039', 'score_normalized': '0.7576981720300309'}, {'id': 'PLP 299/2016', 'class': 'r', 'score': '44.75250630514813', 'score_normalized': '0.7560650627029243'}, {'id': 'PL 575/2015', 'class': 'r', 'score': '44.71508790055583', 'score_normalized': '0.7548856969916322'}, {'id': 'PLP 242/2013', 'class': 'r', 'score': '44.577246027353596', 'score_normalized': '0.7505411510227104'}]",[],2022-07-07 15:49:19.468174,12,0
577,Elaboração de proposição que institua o voto facultativo.,"[{'id': 'PEC 322/2013', 'class': 'r', 'score': '46.51999148632294', 'score_normalized': '1.0'}, {'id': 'PEC 356/2013', 'class': 'r', 'score': '46.09834824895939', 'score_normalized': '0.9829386201855365'}, {'id': 'PEC 314/2013', 'class': 'r', 'score': '45.96517035892755', 'score_normalized': '0.9775497075613719'}, {'id': 'PEC 546/2006', 'class': 'r', 'score': '45.85676448192477', 'score_normalized': '0.9731631701340687'}, {'id': 'PDC 640/2017', 'class': 'r', 'score': '45.43737791946364', 'score_normalized': '0.9561931044549123'}, {'id': 'PEC 396/2017', 'class': 'r', 'score': '44.69997815828626', 'score_normalized': '0.926354946776376'}, {'id': 'PEC 159/2012', 'class': 'r', 'score': '44.685554857909686', 'score_normalized': '0.9257713220811443'}, {'id': 'PEC 409/2005', 'class': 'r', 'score': '44.29133104751946', 'score_normalized': '0.9098194424707206'}, {'id': 'PEC 430/2005', 'class': 'r', 'score': '43.777433653469', 'score_normalized': '0.88902508874082'}, {'id': 'PDC 384/2007', 'class': 'r', 'score': '43.57595556489673', 'score_normalized': '0.8808724756100663'}, {'id': 'PEC 328/2013', 'class': 'r', 'score': '43.26948825930717', 'score_normalized': '0.8684715768453353'}, {'id': 'PEC 271/2016', 'class': 'r', 'score': '42.708844523432404', 'score_normalized': '0.845785678268687'}]",[],2022-07-07 16:15:28.499481,12,0
582,dar isenção na compra de automóvel para corretores,"[{'id': 'PL 1702/2022', 'class': 'r', 'score': '62.92876823117127', 'score_normalized': '1.0'}, {'id': 'PL 1359/2007', 'class': 'r', 'score': '62.13923073725692', 'score_normalized': '0.9709693637520281'}, {'id': 'PL 4935/2020', 'class': 'r', 'score': '61.900148917858736', 'score_normalized': '0.9621785243226786'}, {'id': 'PL 7151/2002', 'class': 'r', 'score': '61.15525198579081', 'score_normalized': '0.9347892843641261'}, {'id': 'PL 5810/2005', 'class': 'r', 'score': '60.53643485252588', 'score_normalized': '0.9120358936280353'}, {'id': 'PL 817/2007', 'class': 'r', 'score': '60.517716262066074', 'score_normalized': '0.9113476266427408'}, {'id': 'PL 2258/2015', 'class': 'r', 'score': '60.25673827782218', 'score_normalized': '0.9017516834637139'}, {'id': 'PL 852/2011', 'class': 'r', 'score': '60.016295843263464', 'score_normalized': '0.892910815347819'}, {'id': 'PL 5406/2009', 'class': 'pr', 'score': '58.597710603349555', 'score_normalized': '0.8407506172519571'}, {'id': 'PL 6225/2013', 'class': 'r', 'score': '57.73518546658981', 'score_normalized': '0.809036286149246'}, {'id': 'PL 3055/2008', 'class': 'r', 'score': '56.49930402906533', 'score_normalized': '0.7635939547401107'}, {'id': 'PL 7214/2006', 'class': 'r', 'score': '55.86354614657576', 'score_normalized': '0.7402176667606346'}]",[],2022-07-07 21:05:46.358126,12,0
584,"tributar as exportações
","[{'id': 'PEC 8/2015', 'class': 'r', 'score': '16.545052262877178', 'score_normalized': '1.0'}, {'id': 'PFC 20/2019', 'class': 'i', 'score': '15.29206604134681', 'score_normalized': '0.8671546976558338'}, {'id': 'PL 10011/2018', 'class': 'pr', 'score': '15.015464074009607', 'score_normalized': '0.837828539595594'}, {'id': 'PL 4349/2021', 'class': 'i', 'score': '14.98031080175284', 'score_normalized': '0.8341014857772102'}, {'id': 'PRC 173/2009', 'class': 'i', 'score': '14.924406060366035', 'score_normalized': '0.8281742998717406'}, {'id': 'PL 7366/2002', 'class': 'i', 'score': '14.871631171431524', 'score_normalized': '0.822578950173384'}, {'id': 'INC 98/2015', 'class': 'i', 'score': '14.767973802627182', 'score_normalized': '0.8115888895786276'}, {'id': 'PEC 169/2015', 'class': 'i', 'score': '14.753556405005853', 'score_normalized': '0.8100603144729235'}, {'id': 'PL 440/2003', 'class': 'pr', 'score': '14.739034047983456', 'score_normalized': '0.808520611261316'}, {'id': 'PLP 508/2009', 'class': 'pr', 'score': '14.646628041399772', 'score_normalized': '0.7987234533420269'}, {'id': 'INC 40/2019', 'class': 'i', 'score': '14.581755277993437', 'score_normalized': '0.7918454512375103'}, {'id': 'INC 174/2003', 'class': 'pr', 'score': '14.552243711795267', 'score_normalized': '0.7887165477692364'}]",[],2022-07-07 21:24:21.861728,12,0
588,permitir a dedução de gastos com animais no imposto de renda,"[{'id': 'PL 603/2015', 'class': 'i', 'score': '66.93240747180373', 'score_normalized': '1.0'}, {'id': 'PL 5506/2013', 'class': 'i', 'score': '66.54063792652789', 'score_normalized': '0.9896454464315594'}, {'id': 'PL 5148/2005', 'class': 'i', 'score': '63.66522445586094', 'score_normalized': '0.9136476483064553'}, {'id': 'PL 4945/2020', 'class': 'i', 'score': '63.439490885387826', 'score_normalized': '0.9076814613584283'}, {'id': 'PL 948/2015', 'class': 'r', 'score': '62.144060134898915', 'score_normalized': '0.8734429472577508'}, {'id': 'PL 1358/2019', 'class': 'r', 'score': '61.86430255626614', 'score_normalized': '0.8660488941235523'}, {'id': 'PL 2083/2015', 'class': 'i', 'score': '61.27231759325568', 'score_normalized': '0.8504026038870631'}, {'id': 'PL 8012/2014', 'class': 'i', 'score': '61.25033940763521', 'score_normalized': '0.8498217157014231'}, {'id': 'PL 585/2022', 'class': 'i', 'score': '61.22456019124884', 'score_normalized': '0.8491403654529317'}, {'id': 'PL 3142/2015', 'class': 'i', 'score': '61.13745960255956', 'score_normalized': '0.8468382781102545'}, {'id': 'PL 4683/2016', 'class': 'i', 'score': '61.02751551786753', 'score_normalized': '0.8439324322419258'}, {'id': 'PL 1569/2022', 'class': 'r', 'score': '60.38876615890389', 'score_normalized': '0.8270501489354494'}]",[],2022-07-07 21:40:55.120141,12,0
595,Aumentar a pena do crime de maus-tratos aos animais.,"[{'id': 'PL 8044/2017', 'class': 'r', 'score': '81.72930039263547', 'score_normalized': '1.0'}, {'id': 'PL 371/2020', 'class': 'r', 'score': '81.41996416475793', 'score_normalized': '0.9941316712987606'}, {'id': 'PL 1916/2021', 'class': 'r', 'score': '80.44801430620356', 'score_normalized': '0.9756930897906865'}, {'id': 'PL 1051/2015', 'class': 'r', 'score': '80.10288587194347', 'score_normalized': '0.969145757425904'}, {'id': 'PL 1069/2022', 'class': 'r', 'score': '77.50385348606362', 'score_normalized': '0.9198402607818201'}, {'id': 'PL 46/2021', 'class': 'i', 'score': '76.32120331635544', 'score_normalized': '0.8974045442088111'}, {'id': 'PL 1095/2019', 'class': 'r', 'score': '75.83170399868284', 'score_normalized': '0.8881183932951444'}, {'id': 'PL 1620/2022', 'class': 'pr', 'score': '75.32094057014207', 'score_normalized': '0.8784288470437566'}, {'id': 'PL 1049/2019', 'class': 'r', 'score': '74.92523535756983', 'score_normalized': '0.8709220371492264'}, {'id': 'PL 5224/2020', 'class': 'i', 'score': '74.50719485474225', 'score_normalized': '0.8629915108805902'}, {'id': 'PL 3357/2021', 'class': 'i', 'score': '74.4997626620166', 'score_normalized': '0.8628505168877936'}, {'id': 'PL 269/2019', 'class': 'r', 'score': '74.08736662830052', 'score_normalized': '0.8550270702209148'}]",[],2022-07-08 12:42:09.945565,12,0
599,3-	Reduzir a maioridade penal para menos de 18 anos.,"[{'id': 'PDC 1763/2009', 'class': 'r', 'score': '78.88056122204458', 'score_normalized': '1.0'}, {'id': 'PDC 1144/2004', 'class': 'r', 'score': '76.88625511699449', 'score_normalized': '0.9478418857635703'}, {'id': 'PEC 32/2015', 'class': 'r', 'score': '76.30425038050655', 'score_normalized': '0.9326204162734997'}, {'id': 'PDC 1028/2003', 'class': 'r', 'score': '76.18810808641057', 'score_normalized': '0.9295828870658223'}, {'id': 'PDC 1579/2005', 'class': 'r', 'score': '75.91520764708756', 'score_normalized': '0.9224455813867505'}, {'id': 'PDC 1120/2013', 'class': 'r', 'score': '75.66296842505693', 'score_normalized': '0.9158486391599447'}, {'id': 'PDC 949/2013', 'class': 'r', 'score': '75.34615433875767', 'score_normalized': '0.9075628372647077'}, {'id': 'PEC 223/2012', 'class': 'r', 'score': '74.6020540537832', 'score_normalized': '0.8881019994480961'}, {'id': 'PL 444/2019', 'class': 'i', 'score': '73.67458600419978', 'score_normalized': '0.8638454500857322'}, {'id': 'PDC 1474/2004', 'class': 'r', 'score': '73.62136191141923', 'score_normalized': '0.8624534529874188'}, {'id': 'PEC 25/2015', 'class': 'r', 'score': '72.35834697652376', 'score_normalized': '0.8294211731935704'}, {'id': 'PEC 273/2013', 'class': 'r', 'score': '71.9169256928386', 'score_normalized': '0.8178764551171728'}]","['PEC 321/2001', 'PL 7118/1985', 'PL 1701/1989', 'PL 452/1988']",2022-07-08 13:17:41.053077,12,4
601,"A sentença penal condenatória deve transitar em julgado após a decisão de 2ª instância, com a prisão do condenado.","[{'id': 'PL 1520/2011', 'class': 'pr', 'score': '132.23748541009334', 'score_normalized': '1.0'}, {'id': 'PL 204/2020', 'class': 'r', 'score': '127.26441941391329', 'score_normalized': '0.9176560584734265'}, {'id': 'PL 5935/2019', 'class': 'pr', 'score': '126.90874771110613', 'score_normalized': '0.9117668525145459'}, {'id': 'PL 5832/2016', 'class': 'r', 'score': '124.75781789785714', 'score_normalized': '0.8761517935336303'}, {'id': 'PL 5936/2019', 'class': 'r', 'score': '123.73296165699067', 'score_normalized': '0.8591822414633631'}, {'id': 'PEC 410/2018', 'class': 'r', 'score': '121.2851186202069', 'score_normalized': '0.8186508984162407'}, {'id': 'PL 5973/2019', 'class': 'r', 'score': '120.03872869736186', 'score_normalized': '0.7980131954368519'}, {'id': 'PL 9169/2017', 'class': 'i', 'score': '118.25729320690004', 'score_normalized': '0.7685162171195266'}, {'id': 'PL 5972/2019', 'class': 'r', 'score': '117.47475654341497', 'score_normalized': '0.7555589884581915'}, {'id': 'PL 4658/2009', 'class': 'r', 'score': '117.33453131483438', 'score_normalized': '0.7532371415268095'}, {'id': 'PEC 411/2018', 'class': 'r', 'score': '116.92428129519114', 'score_normalized': '0.7464442287332276'}, {'id': 'PL 6061/2019', 'class': 'r', 'score': '116.87457330727345', 'score_normalized': '0.7456211647212797'}]",['PL 6026/2019'],2022-07-08 13:34:14.243895,12,1
605,Instituir o trabalho obrigatório e forçado do preso.,"[{'id': 'PL 9646/2018', 'class': 'r', 'score': '46.7513628914122', 'score_normalized': '1.0'}, {'id': 'PEC 311/2017', 'class': 'r', 'score': '45.28878534032188', 'score_normalized': '0.9392057888011066'}, {'id': 'PEC 374/2017', 'class': 'r', 'score': '42.99521205949573', 'score_normalized': '0.843870004157935'}, {'id': 'PL 8241/2014', 'class': 'r', 'score': '42.3910524307722', 'score_normalized': '0.818757210624982'}, {'id': 'PL 2617/2007', 'class': 'r', 'score': '42.12011402478723', 'score_normalized': '0.8074952528142233'}, {'id': 'PL 871/2007', 'class': 'r', 'score': '40.965976575459464', 'score_normalized': '0.7595218131872594'}, {'id': 'PL 2536/2011', 'class': 'r', 'score': '40.33551760417502', 'score_normalized': '0.7333158483658174'}, {'id': 'PL 2094/2019', 'class': 'r', 'score': '39.83564890415572', 'score_normalized': '0.7125380623960853'}, {'id': 'PL 4530/2016', 'class': 'r', 'score': '37.017580095973464', 'score_normalized': '0.5954008410775106'}, {'id': 'PL 976/2003', 'class': 'i', 'score': '36.49044782437953', 'score_normalized': '0.573489804206239'}, {'id': 'PL 3054/2011', 'class': 'i', 'score': '36.081899248469355', 'score_normalized': '0.556507875015288'}, {'id': 'PL 7041/2017', 'class': 'i', 'score': '35.83757374431927', 'score_normalized': '0.5463521220505968'}]",[],2022-07-08 14:05:01.368169,12,0
608,Estudo sobre racismo institucional e estrutural. ,"[{'id': 'PL 5885/2019', 'class': 'r', 'score': '58.83335912918933', 'score_normalized': '1.0'}, {'id': 'PL 6066/2019', 'class': 'pr', 'score': '56.846551974869584', 'score_normalized': '0.9296401327464318'}, {'id': 'PRC 245/2014', 'class': 'pr', 'score': '54.116641420999045', 'score_normalized': '0.8329643462883293'}, {'id': 'PL 2819/2020', 'class': 'pr', 'score': '48.1525273565845', 'score_normalized': '0.621753976451996'}, {'id': 'PL 5415/2020', 'class': 'r', 'score': '47.25882821175618', 'score_normalized': '0.5901049293574998'}, {'id': 'PDC 968/2018', 'class': 'pr', 'score': '46.78184810104081', 'score_normalized': '0.5732133768987929'}, {'id': 'PL 3873/2019', 'class': 'r', 'score': '46.603533836007045', 'score_normalized': '0.5668986382036383'}, {'id': 'PDC 965/2018', 'class': 'pr', 'score': '46.43655678483363', 'score_normalized': '0.5609853903429135'}, {'id': 'PRC 193/2013', 'class': 'r', 'score': '46.337978741690335', 'score_normalized': '0.5574943932350168'}, {'id': 'PRC 78/2021', 'class': 'r', 'score': '46.27340139974676', 'score_normalized': '0.5552074811928193'}, {'id': 'INC 2824/2016', 'class': 'pr', 'score': '46.27199604373962', 'score_normalized': '0.5551577125668651'}]",[],2022-07-10 14:04:54.036827,11,0
615,PL para medidas de prevenção à violência sexual contra crianças e adolescentes. ,"[{'id': 'PL 2466/2019', 'class': 'r', 'score': '96.34367526956639', 'score_normalized': '1.0'}, {'id': 'PL 2956/2019', 'class': 'r', 'score': '93.45822269985678', 'score_normalized': '0.949251228279328'}, {'id': 'PL 3537/2019', 'class': 'r', 'score': '92.36800010232324', 'score_normalized': '0.930076607872202'}, {'id': 'PL 2151/2011', 'class': 'r', 'score': '90.94143320432887', 'score_normalized': '0.9049864301265775'}, {'id': 'PL 8026/2010', 'class': 'r', 'score': '90.5639478698534', 'score_normalized': '0.8983472923814974'}, {'id': 'PL 1109/2019', 'class': 'i', 'score': '88.87300049868838', 'score_normalized': '0.8686072429238278'}, {'id': 'PL 10261/2018', 'class': 'r', 'score': '88.29272816807172', 'score_normalized': '0.8584015274144403'}, {'id': 'PL 2791/2021', 'class': 'i', 'score': '86.93050394483727', 'score_normalized': '0.8344429959649866'}, {'id': 'INC 1378/2022', 'class': 'r', 'score': '86.79546942953041', 'score_normalized': '0.832068035494779'}, {'id': 'PL 420/2020', 'class': 'r', 'score': '86.3536542427557', 'score_normalized': '0.8242974769724419'}, {'id': 'PL 3734/2021', 'class': 'r', 'score': '86.21092383061631', 'score_normalized': '0.8217871625838786'}, {'id': 'INC 1034/2022', 'class': 'r', 'score': '85.79131431349514', 'score_normalized': '0.8144071530076523'}]",[],2022-07-10 14:27:39.90108,12,0
624,Incluir motivação política no crime de terrorismo.,"[{'id': 'PL 1378/2015', 'class': 'i', 'score': '50.83705961145701', 'score_normalized': '1.0'}, {'id': 'PL 5773/2013', 'class': 'pr', 'score': '50.48747592558369', 'score_normalized': '0.9859229485700937'}, {'id': 'PL 5065/2016', 'class': 'r', 'score': '50.102540997242166', 'score_normalized': '0.9704223717342668'}, {'id': 'PL 3714/2012', 'class': 'i', 'score': '49.40709909705351', 'score_normalized': '0.9424182863290483'}, {'id': 'PL 7765/2010', 'class': 'i', 'score': '49.38831186258004', 'score_normalized': '0.9416617611346645'}, {'id': 'PL 2294/2015', 'class': 'r', 'score': '49.22719988725774', 'score_normalized': '0.9351740969379786'}, {'id': 'PL 7175/2002', 'class': 'r', 'score': '49.0440313407101', 'score_normalized': '0.927798257748999'}, {'id': 'PL 1594/2015', 'class': 'i', 'score': '48.341017006180195', 'score_normalized': '0.8994892452205224'}, {'id': 'PL 149/2003', 'class': 'r', 'score': '48.21583375933717', 'score_normalized': '0.8944483606621667'}, {'id': 'PL 486/2007', 'class': 'i', 'score': '47.113789812104116', 'score_normalized': '0.8500712059203448'}, {'id': 'PL 3557/2015', 'class': 'i', 'score': '46.51530746245754', 'score_normalized': '0.8259714920140186'}]","['PL 3319/2020', 'PL 5018/2020', 'REQ 8972/2018']",2022-07-11 09:59:37.964918,11,3
631,AUMENTAR O PRAZO DE INTERNAÇÃO NOS ATOS INFRACIONAIS EQUIPARADOS A CRIMES HEDIONDOS,"[{'id': 'PL 12/2019', 'class': 'pr', 'score': '111.14630887702603', 'score_normalized': '1.0'}, {'id': 'PL 3503/2012', 'class': 'r', 'score': '107.28846395157436', 'score_normalized': '0.9354483138418083'}, {'id': 'PL 1325/2015', 'class': 'r', 'score': '106.09283937058663', 'score_normalized': '0.915442433821656'}, {'id': 'PL 922/2015', 'class': 'r', 'score': '105.06217795242682', 'score_normalized': '0.8981968125781792'}, {'id': 'PL 1394/2019', 'class': 'r', 'score': '103.29728571401412', 'score_normalized': '0.8686656178104925'}, {'id': 'PL 109/2007', 'class': 'pr', 'score': '101.3179009328988', 'score_normalized': '0.8355454101178781'}, {'id': 'PL 4083/2021', 'class': 'r', 'score': '100.55083772173444', 'score_normalized': '0.8227104660941031'}, {'id': 'PL 5524/2013', 'class': 'r', 'score': '98.9161941211676', 'score_normalized': '0.7953586666508083'}, {'id': 'PL 3444/2004', 'class': 'pr', 'score': '96.77016444740269', 'score_normalized': '0.7594500605082687'}, {'id': 'PL 173/2007', 'class': 'pr', 'score': '95.68213333955607', 'score_normalized': '0.7412444965311626'}, {'id': 'PL 2588/2003', 'class': 'r', 'score': '95.10974147585235', 'score_normalized': '0.7316669057624047'}, {'id': 'PL 2215/2007', 'class': 'pr', 'score': '94.99380197427743', 'score_normalized': '0.7297269391583492'}]","['PL 1791/2015', 'PL 5703/2016', 'PL 6510/2016', 'PL 165/2007', 'PL 7208/2010']",2022-07-11 10:55:30.50026,12,5
638,Projeto de Lei para regularização fundiária de terras da União. ,"[{'id': 'INC 2971/2012', 'class': 'pr', 'score': '70.29394643485494', 'score_normalized': '1.0'}, {'id': 'PL 4177/2020', 'class': 'i', 'score': '69.18531134743829', 'score_normalized': '0.9728010558011618'}, {'id': 'PEC 472/2005', 'class': 'pr', 'score': '66.79308607079398', 'score_normalized': '0.9141108677049908'}, {'id': 'PL 8222/2014', 'class': 'r', 'score': '64.9701396018169', 'score_normalized': '0.8693872071877028'}, {'id': 'PL 6516/2013', 'class': 'r', 'score': '64.60282552597548', 'score_normalized': '0.8603756260410709'}, {'id': 'INC 252/2007', 'class': 'pr', 'score': '63.47885737201456', 'score_normalized': '0.8328005046617809'}, {'id': 'INC 587/2019', 'class': 'i', 'score': '60.59061594820493', 'score_normalized': '0.7619411946772623'}, {'id': 'PL 2322/2020', 'class': 'i', 'score': '60.183421684729474', 'score_normalized': '0.7519512041239564'}, {'id': 'PDL 11/2021', 'class': 'r', 'score': '59.33478558877304', 'score_normalized': '0.7311310027059906'}, {'id': 'PFC 51/2015', 'class': 'pr', 'score': '59.21949853889248', 'score_normalized': '0.7283025823608826'}, {'id': 'INC 647/2007', 'class': 'i', 'score': '59.19035952441058', 'score_normalized': '0.7275876939021841'}, {'id': 'PL 2633/2020', 'class': 'r', 'score': '58.90410944165687', 'score_normalized': '0.7205649141650994'}]","['PL 2721/2021', 'MPV 910/2019', 'PL 4348/2019', 'MPV 759/2016']",2022-07-11 17:38:02.332599,12,4
642,Proposição para submeter a demarcação de terras indígenas ao Congresso Nacional. ,"[{'id': 'PL 5684/2005', 'class': 'i', 'score': '87.38944114183684', 'score_normalized': '1.0'}, {'id': 'PL 3358/2004', 'class': 'r', 'score': '85.6314074666617', 'score_normalized': '0.9646839821223803'}, {'id': 'PEC 299/2004', 'class': 'r', 'score': '85.092214047527', 'score_normalized': '0.9538524692233119'}, {'id': 'PEC 319/2004', 'class': 'r', 'score': '85.092214047527', 'score_normalized': '0.9538524692233119'}, {'id': 'PEC 275/2004', 'class': 'r', 'score': '83.22912640562376', 'score_normalized': '0.9164260891726157'}, {'id': 'PEC 260/2004', 'class': 'r', 'score': '82.96387931533116', 'score_normalized': '0.9110977094521152'}, {'id': 'PL 2671/2003', 'class': 'pr', 'score': '78.69696060205415', 'score_normalized': '0.8253822992820407'}, {'id': 'PEC 37/2007', 'class': 'r', 'score': '78.44146908708782', 'score_normalized': '0.8202498930957759'}, {'id': 'PL 2311/2007', 'class': 'pr', 'score': '78.23539688079943', 'score_normalized': '0.816110239900204'}, {'id': 'PLP 316/2013', 'class': 'pr', 'score': '78.09393275297559', 'score_normalized': '0.8132684572097952'}, {'id': 'PL 6818/2013', 'class': 'pr', 'score': '77.84945501815479', 'score_normalized': '0.8083572998323626'}, {'id': 'PDL 61/2022', 'class': 'i', 'score': '76.71867265099122', 'score_normalized': '0.7856417336527403'}]","['PEC 215/2000', 'PL 490/2007']",2022-07-11 19:15:46.995613,12,2
645,"Parecer Presidência da Câmara, compra de terras por estrangeiros. ","[{'id': 'PL 7940/2010', 'class': 'i', 'score': '63.40119337913151', 'score_normalized': '1.0'}, {'id': 'PL 1082/2011', 'class': 'i', 'score': '63.32795324871565', 'score_normalized': '0.9975888192536696'}, {'id': 'INC 3087/2008', 'class': 'pr', 'score': '60.067236548191474', 'score_normalized': '0.8902408764946949'}, {'id': 'PL 2376/2007', 'class': 'i', 'score': '52.44875076345677', 'score_normalized': '0.6394282941571082'}, {'id': 'PL 2289/2007', 'class': 'pr', 'score': '52.26808438641372', 'score_normalized': '0.6334804717356843'}, {'id': 'PLP 584/2010', 'class': 'i', 'score': '50.388267492160224', 'score_normalized': '0.5715939311695449'}, {'id': 'PL 4240/2008', 'class': 'pr', 'score': '50.03633655644393', 'score_normalized': '0.5600078090337849'}, {'id': 'PLP 418/2008', 'class': 'pr', 'score': '50.01929718645087', 'score_normalized': '0.559446846066849'}, {'id': 'PL 7407/2006', 'class': 'pr', 'score': '49.12652979629995', 'score_normalized': '0.530055533819577'}, {'id': 'PL 5479/2005', 'class': 'i', 'score': '47.82378531997625', 'score_normalized': '0.4871671285031981'}, {'id': 'PL 5940/2005', 'class': 'i', 'score': '47.752859262247924', 'score_normalized': '0.48483213068387926'}, {'id': 'PRN 1/2003', 'class': 'i', 'score': '47.64709031594984', 'score_normalized': '0.4813500499526527'}]",[],2022-07-12 10:34:38.995696,12,0
666,AUXÍLIO DOENÇA A CARGO DA EMPRESA,"[{'id': 'PL 6670/2009', 'class': 'r', 'score': '34.22427439575504', 'score_normalized': '1.0'}, {'id': 'PL 711/2015', 'class': 'r', 'score': '34.06783467955221', 'score_normalized': '0.9924439456161337'}, {'id': 'PL 7204/2010', 'class': 'r', 'score': '32.60117951818462', 'score_normalized': '0.921604350463048'}, {'id': 'INC 5152/2018', 'class': 'i', 'score': '32.57380763217263', 'score_normalized': '0.9202822855532176'}, {'id': 'INC 5153/2018', 'class': 'i', 'score': '32.486896242501054', 'score_normalized': '0.9160844564924411'}, {'id': 'PL 295/2021', 'class': 'i', 'score': '32.062908308690616', 'score_normalized': '0.8956057956783215'}, {'id': 'PL 6460/2016', 'class': 'i', 'score': '31.912421993797352', 'score_normalized': '0.8883372911900693'}, {'id': 'PL 5080/2016', 'class': 'r', 'score': '31.83235346983716', 'score_normalized': '0.8844699732470047'}, {'id': 'PL 5197/2013', 'class': 'r', 'score': '31.785381625250754', 'score_normalized': '0.8822012283219932'}, {'id': 'PL 7209/2010', 'class': 'i', 'score': '31.509332231115053', 'score_normalized': '0.8688680141910088'}, {'id': 'PL 6221/2016', 'class': 'r', 'score': '31.340843292939017', 'score_normalized': '0.8607299811464626'}, {'id': 'PL 2176/2019', 'class': 'i', 'score': '31.103219168798965', 'score_normalized': '0.849252711508662'}]","['PL 15724/2007', 'PL 6690/1985']",2022-07-12 15:58:18.227544,12,2
671,PENSÃO ESPECIAL ÓRFÃOS COVID,"[{'id': 'PL 2544/2021', 'class': 'r', 'score': '70.6619027598929', 'score_normalized': '1.0'}, {'id': 'PL 2932/2021', 'class': 'r', 'score': '64.15583395543604', 'score_normalized': '0.8511640050701151'}, {'id': 'PL 979/2021', 'class': 'r', 'score': '59.0509022384331', 'score_normalized': '0.734381103753613'}, {'id': 'PL 2183/2021', 'class': 'r', 'score': '53.99359818730291', 'score_normalized': '0.6186877560906939'}, {'id': 'PL 600/2022', 'class': 'r', 'score': '53.98238949638376', 'score_normalized': '0.6184313406246186'}, {'id': 'PL 2616/2020', 'class': 'r', 'score': '50.59376558603254', 'score_normalized': '0.5409115316126349'}, {'id': 'PL 2200/2020', 'class': 'r', 'score': '50.576710042436936', 'score_normalized': '0.5405213607004579'}, {'id': 'PL 3842/2021', 'class': 'r', 'score': '50.32369356816717', 'score_normalized': '0.5347332327520115'}, {'id': 'PL 1292/2022', 'class': 'i', 'score': '50.102712071831064', 'score_normalized': '0.529677952542594'}, {'id': 'PL 1305/2021', 'class': 'i', 'score': '49.74359590719645', 'score_normalized': '0.5214626364638303'}, {'id': 'PL 4130/2021', 'class': 'r', 'score': '49.63477945970309', 'score_normalized': '0.5189732984758405'}, {'id': 'PL 3303/2012', 'class': 'r', 'score': '49.380226777094514', 'score_normalized': '0.5131500274781275'}]","['PL 2932/2021', 'PL 2544/2021']",2022-07-12 16:46:32.466534,12,2
681,"Solicito a elaboração de uma proposição legislativa objetivando garantir recursos ( por exemplo, pela criação de um fundo de promoção da igualdade racial) para políticas afirmativas destinadas a promover a igualdade de condições para a população negra brasileira.","[{'id': 'PEC 115/2015', 'class': 'r', 'score': '236.27052056960625', 'score_normalized': '1.0'}, {'id': 'PEC 506/2006', 'class': 'r', 'score': '232.62735978493183', 'score_normalized': '0.9640624294294079'}, {'id': 'PEC 536/2006', 'class': 'r', 'score': '230.54667058367897', 'score_normalized': '0.9435376929642904'}, {'id': 'PEC 126/2015', 'class': 'r', 'score': '220.40453797494754', 'score_normalized': '0.8434917087475486'}, {'id': 'PDL 276/2020', 'class': 'pr', 'score': '204.01173510612648', 'score_normalized': '0.6817866551506044'}, {'id': 'PL 4701/2019', 'class': 'r', 'score': '203.20148643335364', 'score_normalized': '0.6737940436304118'}, {'id': 'PRC 78/2021', 'class': 'pr', 'score': '202.69288998791424', 'score_normalized': '0.6687770482985509'}, {'id': 'PL 4720/2012', 'class': 'r', 'score': '200.54769961446044', 'score_normalized': '0.6476160469072164'}, {'id': 'PL 1843/2019', 'class': 'pr', 'score': '196.7856823541335', 'score_normalized': '0.6105060293231676'}, {'id': 'PL 6264/2005', 'class': 'r', 'score': '195.66363302327568', 'score_normalized': '0.5994376935030694'}, {'id': 'PL 7103/2014', 'class': 'i', 'score': '193.9674156893905', 'score_normalized': '0.5827055387225308'}, {'id': 'PL 457/2019', 'class': 'r', 'score': '192.62923189044625', 'score_normalized': '0.5695051675192381'}]","['PL 1042/2022', 'PL 1279/2022']",2022-07-12 18:15:52.67379,12,2
682,"Projeto de Lei para barreiras sanitárias em terras indígenas, em razão da pandemia covid19. ","[{'id': 'PL 1142/2020', 'class': 'r', 'score': '85.0765646637545', 'score_normalized': '1.0'}, {'id': 'INC 752/2020', 'class': 'r', 'score': '81.09974615208932', 'score_normalized': '0.8736760110508801'}, {'id': 'INC 751/2020', 'class': 'r', 'score': '81.08108472320777', 'score_normalized': '0.8730832291251036'}, {'id': 'PFC 53/2019', 'class': 'i', 'score': '79.9935653550672', 'score_normalized': '0.838538080977164'}, {'id': 'PL 3243/2021', 'class': 'i', 'score': '79.11436390310337', 'score_normalized': '0.810610169714393'}, {'id': 'PL 2555/2020', 'class': 'i', 'score': '77.82470355140501', 'score_normalized': '0.7696439954878891'}, {'id': 'INC 346/2020', 'class': 'pr', 'score': '77.69558050544431', 'score_normalized': '0.7655423906036909'}, {'id': 'PL 3045/2019', 'class': 'i', 'score': '77.53712437783031', 'score_normalized': '0.7605090178070907'}, {'id': 'PDL 174/2020', 'class': 'i', 'score': '76.78462036448975', 'score_normalized': '0.7366056617986221'}, {'id': 'PL 3275/2021', 'class': 'i', 'score': '76.71853148824955', 'score_normalized': '0.7345063428462139'}, {'id': 'PL 2002/2003', 'class': 'i', 'score': '76.64197696415282', 'score_normalized': '0.7320745816713867'}, {'id': 'PL 7813/2017', 'class': 'i', 'score': '76.36219143334908', 'score_normalized': '0.7231871697370221'}]","['MPV 1121/2022', 'MPV 1027/2021', 'MPV 1105/2020']",2022-07-12 18:39:27.337253,12,3
686,TECNOLOGIAS ASSISTIVAS PESSOA COM DEFICIÊNCIA,"[{'id': 'PL 5968/2016', 'class': 'r', 'score': '61.34517216351401', 'score_normalized': '1.0'}, {'id': 'INC 379/2007', 'class': 'r', 'score': '58.15395458077994', 'score_normalized': '0.922855859170718'}, {'id': 'INC 4135/2017', 'class': 'r', 'score': '57.63091178577941', 'score_normalized': '0.9102118805039007'}, {'id': 'INC 4136/2017', 'class': 'r', 'score': '57.60011498856939', 'score_normalized': '0.9094674021349186'}, {'id': 'INC 4134/2017', 'class': 'r', 'score': '57.57998934968555', 'score_normalized': '0.9089808871668592'}, {'id': 'INC 3843/2017', 'class': 'r', 'score': '56.8019106570452', 'score_normalized': '0.890171698922827'}, {'id': 'INC 3210/2017', 'class': 'r', 'score': '55.89208781485237', 'score_normalized': '0.8681777421811847'}, {'id': 'INC 167/2019', 'class': 'r', 'score': '55.87045351344431', 'score_normalized': '0.8676547569721548'}, {'id': 'INC 3214/2017', 'class': 'r', 'score': '55.80199983512594', 'score_normalized': '0.8659999653249019'}, {'id': 'INC 2335/2016', 'class': 'r', 'score': '54.90524512358117', 'score_normalized': '0.844321916127936'}, {'id': 'INC 3217/2017', 'class': 'i', 'score': '53.426428409530345', 'score_normalized': '0.8085731644706787'}, {'id': 'INC 6518/2010', 'class': 'r', 'score': '53.00064632074788', 'score_normalized': '0.7982803553568988'}]",['PL 1224/2019'],2022-07-12 19:34:36.095895,12,1
691,"O Deputado Daniel Sarmento solicita consulta indagando os seguintes pontos:
- quais as regras distribuição do Fundo Partidário?
- quais as regras de distribuição do Fundo Especial de Financiamento de Campanha?","[{'id': 'PL 825/2021', 'class': 'r', 'score': '180.80792332308775', 'score_normalized': '1.0'}, {'id': 'PL 10038/2018', 'class': 'r', 'score': '177.0283741935543', 'score_normalized': '0.9451816730569244'}, {'id': 'PL 4398/2020', 'class': 'r', 'score': '174.79765250076514', 'score_normalized': '0.9128274353202602'}, {'id': 'PL 11131/2018', 'class': 'r', 'score': '171.9769430570631', 'score_normalized': '0.8719160548362693'}, {'id': 'PL 9680/2018', 'class': 'r', 'score': '171.87304527071797', 'score_normalized': '0.8704091283153188'}, {'id': 'PEC 248/2016', 'class': 'r', 'score': '171.4515531970411', 'score_normalized': '0.8642958355634965'}, {'id': 'PL 484/2019', 'class': 'r', 'score': '170.11058934945376', 'score_normalized': '0.8448465859052544'}, {'id': 'PL 10190/2018', 'class': 'r', 'score': '168.35732632685946', 'score_normalized': '0.8194173766805967'}, {'id': 'PL 459/2019', 'class': 'r', 'score': '168.32492030435384', 'score_normalized': '0.8189473619048244'}, {'id': 'PL 1823/2020', 'class': 'pr', 'score': '167.84202306989536', 'score_normalized': '0.8119434528217007'}, {'id': 'PL 5179/2009', 'class': 'pr', 'score': '167.35257533468342', 'score_normalized': '0.8048445357152287'}, {'id': 'PL 536/2020', 'class': 'r', 'score': '166.0582071006839', 'score_normalized': '0.7860711057096035'}]","['PEC 18/2021', 'PL 1735/2022', 'PL 319/2022', 'REQ 399/2022', 'PL 1803/2022', 'PL 4113/2021', 'PLP 112/2021', 'PL 287/2020', 'PL 2996/2019', 'PL 2134/2019', 'PL 2085/2019', 'PL 1616/2021', 'PL 2162/2019', 'PL 4130/2019', 'PL 6186/2019', 'PEC 344/2013', 'PL 4340/2019', 'PL 712/2020', 'PL 4910/2019', 'PL 1685/2021', 'PL 5004/2019', 'PL 2722/2019', 'PL 4375/2020', 'PL 888/2021', 'PEC 250/2016']",2022-07-12 23:24:53.48364,12,25
695,"permitir a compra de terras por estrangeiros pessoas físicas ou jurídicas
","[{'id': 'PL 7940/2010', 'class': 'r', 'score': '89.88094522050004', 'score_normalized': '1.0'}, {'id': 'PL 1082/2011', 'class': 'r', 'score': '89.73168141381782', 'score_normalized': '0.9971860270183956'}, {'id': 'INC 3087/2008', 'class': 'r', 'score': '86.48791853775991', 'score_normalized': '0.936033485790558'}, {'id': 'PL 7407/2006', 'class': 'r', 'score': '74.46008453569533', 'score_normalized': '0.7092805933020908'}, {'id': 'PL 2376/2007', 'class': 'r', 'score': '71.17587387614752', 'score_normalized': '0.6473655164506732'}, {'id': 'PL 4542/2012', 'class': 'i', 'score': '69.40638212462521', 'score_normalized': '0.6140064450814395'}, {'id': 'PL 4240/2008', 'class': 'r', 'score': '65.74115384417044', 'score_normalized': '0.5449082920739244'}, {'id': 'PLP 418/2008', 'class': 'r', 'score': '65.71957752150269', 'score_normalized': '0.5445015277659586'}, {'id': 'PEC 286/2008', 'class': 'r', 'score': '65.0801002476785', 'score_normalized': '0.5324458807146788'}, {'id': 'PL 2289/2007', 'class': 'r', 'score': '63.237133517939995', 'score_normalized': '0.49770163360780273'}, {'id': 'PL 1100/2020', 'class': 'i', 'score': '61.60137306103171', 'score_normalized': '0.466863710922925'}, {'id': 'PL 4059/2012', 'class': 'r', 'score': '61.31261624541385', 'score_normalized': '0.461419967422984'}]","['PL 4240/2008', 'PL 2289/2007', 'PL 3483/2008']",2022-07-13 11:04:12.773411,12,3
696,"Solicita-se projeto de lei para definir que o índice admitido de alcoolemia na direção de veículo deve ser de 0,5 gramas por litro","[{'id': 'PL 5512/2013', 'class': 'r', 'score': '123.18474660736919', 'score_normalized': '1.0'}, {'id': 'PL 5348/2013', 'class': 'r', 'score': '123.18474660736919', 'score_normalized': '1.0'}, {'id': 'PL 3717/2004', 'class': 'r', 'score': '104.99904633877111', 'score_normalized': '0.6287723392526772'}, {'id': 'PL 1468/2015', 'class': 'r', 'score': '104.92339736133115', 'score_normalized': '0.6272281043583271'}, {'id': 'PL 6046/2009', 'class': 'r', 'score': '104.90684111871444', 'score_normalized': '0.626890139081951'}, {'id': 'PL 5568/2013', 'class': 'r', 'score': '103.32242010916052', 'score_normalized': '0.5945470950237991'}, {'id': 'PL 5395/2013', 'class': 'r', 'score': '103.32242010916052', 'score_normalized': '0.5945470950237991'}, {'id': 'PL 3715/2008', 'class': 'r', 'score': '103.00252984323568', 'score_normalized': '0.5880171229379745'}, {'id': 'PL 5006/2013', 'class': 'r', 'score': '102.6925232021523', 'score_normalized': '0.5816889068953822'}, {'id': 'PL 3559/2012', 'class': 'r', 'score': '101.33105737455716', 'score_normalized': '0.553897083270186'}, {'id': 'PL 2473/2011', 'class': 'r', 'score': '101.16296316859446', 'score_normalized': '0.5504657488732113'}, {'id': 'PL 5607/2009', 'class': 'r', 'score': '101.01016939413182', 'score_normalized': '0.5473467446758057'}]",['PL 4257/2020'],2022-07-13 11:17:59.656864,12,1
708,O Deputado Gustavo Binenbojm solicita estudo sobre candidaturas avulsas no direito comparado.,"[{'id': 'PRC 160/2016', 'class': 'pr', 'score': '104.0895940364703', 'score_normalized': '1.0'}, {'id': 'INC 684/2015', 'class': 'i', 'score': '95.82029141382687', 'score_normalized': '0.7849647062762887'}, {'id': 'PEC 378/2017', 'class': 'r', 'score': '93.37422528624327', 'score_normalized': '0.7213570996599503'}, {'id': 'INC 61/2019', 'class': 'i', 'score': '93.25697640321481', 'score_normalized': '0.7183081547668508'}, {'id': 'PRC 157/2009', 'class': 'pr', 'score': '93.00279069339184', 'score_normalized': '0.7116982988616526'}, {'id': 'PLP 127/2004', 'class': 'i', 'score': '92.38877406698897', 'score_normalized': '0.6957313846446982'}, {'id': 'PRC 114/2015', 'class': 'i', 'score': '91.34886428158332', 'score_normalized': '0.66868952678131'}, {'id': 'PRC 266/2005', 'class': 'i', 'score': '90.72609623300377', 'score_normalized': '0.6524950402134408'}, {'id': 'PEC 229/2008', 'class': 'r', 'score': '90.68421502702925', 'score_normalized': '0.6514059595691343'}, {'id': 'PRC 11/2003', 'class': 'i', 'score': '89.6644423001616', 'score_normalized': '0.6248877466241934'}, {'id': 'INC 1211/2020', 'class': 'i', 'score': '89.02819433126223', 'score_normalized': '0.6083427276405182'}, {'id': 'INC 120/2019', 'class': 'i', 'score': '87.25001603994188', 'score_normalized': '0.5621029044515387'}]","['PLP 112/2021', 'PL 3612/2020', 'PEC 350/2017', 'PEC 407/2009', 'PL 991/1968']",2022-07-13 12:50:55.714568,12,5
714,Elaborar Projeto de Lei para prever os postos de oficiais-generais nas Polícias Militares e nos Corpos de Bombeiros Militares.,"[{'id': 'PL 4676/2001', 'class': 'r', 'score': '123.70026968808004', 'score_normalized': '1.0'}, {'id': 'INC 808/2015', 'class': 'r', 'score': '119.02886735537852', 'score_normalized': '0.9313378060366911'}, {'id': 'PL 164/2019', 'class': 'r', 'score': '118.56116484496899', 'score_normalized': '0.924463322059565'}, {'id': 'PL 4934/2016', 'class': 'r', 'score': '117.78834955658976', 'score_normalized': '0.9131041649051828'}, {'id': 'INC 3196/2008', 'class': 'r', 'score': '116.709552190723', 'score_normalized': '0.8972475572514778'}, {'id': 'PL 3288/2008', 'class': 'pr', 'score': '116.38563078678297', 'score_normalized': '0.8924864271491738'}, {'id': 'PL 87/2020', 'class': 'r', 'score': '116.0224509072356', 'score_normalized': '0.88714825981589'}, {'id': 'PL 4062/2015', 'class': 'r', 'score': '115.66838809400423', 'score_normalized': '0.8819440988753726'}, {'id': 'PEC 213/2016', 'class': 'r', 'score': '115.27408246764608', 'score_normalized': '0.8761484325059187'}, {'id': 'PEC 341/2017', 'class': 'r', 'score': '115.26457146599854', 'score_normalized': '0.8760086358895285'}, {'id': 'INC 6881/2005', 'class': 'r', 'score': '114.89258975831426', 'score_normalized': '0.8705410956639683'}, {'id': 'PL 4682/2016', 'class': 'r', 'score': '114.89247527321938', 'score_normalized': '0.8705394129149283'}]","['PEC 6/2019', 'PEC 245/2008', 'PEC 352/2009', 'PEC 337/2004', 'PEC 519/2010', 'PL 1645/2019', 'PL 5016/2020', 'PL 3864/2020', 'PL 2668/1976', 'PL 5389/2016', 'PL 5775/2016', 'PL 6845/2002', 'PL 7282/2014', 'PL 7218/2014', 'PL 9436/2017', 'PL 2027/1996']",2022-07-13 15:39:00.513561,12,16
715,"Alterações na Lei de Regularização Fundiária , Lei 11.952/19, para: Permitir a regularização de terras em todo o Brasil, e não só na Amazônia Legal. 
","[{'id': 'PL 6796/2013', 'class': 'r', 'score': '166.82356486648987', 'score_normalized': '1.0'}, {'id': 'PL 3915/2021', 'class': 'r', 'score': '164.98111583787312', 'score_normalized': '0.9751191684086998'}, {'id': 'PL 6835/2013', 'class': 'r', 'score': '164.8591016775419', 'score_normalized': '0.9734714627040627'}, {'id': 'PL 6516/2013', 'class': 'r', 'score': '159.3619938051549', 'score_normalized': '0.8992373248322784'}, {'id': 'PL 8222/2014', 'class': 'r', 'score': '159.35132199194726', 'score_normalized': '0.8990932103503747'}, {'id': 'PL 102/2020', 'class': 'r', 'score': '159.09699569185184', 'score_normalized': '0.8956587327916314'}, {'id': 'PL 4348/2019', 'class': 'i', 'score': '156.76016626452537', 'score_normalized': '0.864101680989468'}, {'id': 'PL 8411/2017', 'class': 'pr', 'score': '156.16958908980735', 'score_normalized': '0.856126398635602'}, {'id': 'PDC 19/2015', 'class': 'pr', 'score': '153.6791446839491', 'score_normalized': '0.8224948968207727'}, {'id': 'PL 2550/2021', 'class': 'r', 'score': '153.3412778152533', 'score_normalized': '0.8179322692909295'}, {'id': 'PFC 51/2015', 'class': 'i', 'score': '151.02126312828435', 'score_normalized': '0.7866022873922418'}, {'id': 'PDL 11/2021', 'class': 'r', 'score': '150.88162107886092', 'score_normalized': '0.7847165308471195'}]",[],2022-07-13 15:43:57.531365,12,0
725,Elaborar Projeto de Lei para permitir a posse e o porte de armas de fogo para os advogados que estejam no regular exercício da profissão.,"[{'id': 'PL 2080/2019', 'class': 'r', 'score': '117.29157106533171', 'score_normalized': '1.0'}, {'id': 'PL 704/2015', 'class': 'r', 'score': '114.91264937549838', 'score_normalized': '0.955293165436797'}, {'id': 'PL 1336/2019', 'class': 'r', 'score': '114.44687724202656', 'score_normalized': '0.9465399568699637'}, {'id': 'PL 532/2019', 'class': 'r', 'score': '113.93172545639365', 'score_normalized': '0.9368587614974323'}, {'id': 'PL 343/2019', 'class': 'r', 'score': '113.66014592660655', 'score_normalized': '0.9317549948787862'}, {'id': 'PL 3213/2020', 'class': 'r', 'score': '109.44699432438308', 'score_normalized': '0.852577663201469'}, {'id': 'PL 4426/2020', 'class': 'r', 'score': '109.32320984994114', 'score_normalized': '0.8502513941006324'}, {'id': 'PDL 243/2019', 'class': 'r', 'score': '109.03961221611844', 'score_normalized': '0.8449217724691128'}, {'id': 'PL 7075/2017', 'class': 'r', 'score': '107.41898742929206', 'score_normalized': '0.8144655348622544'}, {'id': 'PL 6354/2019', 'class': 'pr', 'score': '106.79898396717907', 'score_normalized': '0.8028138725449292'}, {'id': 'PDL 226/2019', 'class': 'r', 'score': '106.60548848113656', 'score_normalized': '0.7991775314580416'}, {'id': 'PL 5305/2019', 'class': 'r', 'score': '106.24343605708465', 'score_normalized': '0.7923735168935987'}]","['PL 97/2022', 'PL 343/2019', 'PL 532/2019', 'PL 2221/2019', 'PL 3213/2020', 'PL 1336/2019', 'PL 4426/2020', 'PL 6438/2019', 'PL 5417/2020', 'PL 3133/2021', 'PL 1513/2019', 'PL 882/2019', 'PL 704/2015', 'PL 4869/2005', 'PL 1548/2007', 'PL 7/2007', 'PL 5645/2005', 'PL 1754/2011', 'PL 7282/2014', 'PL 5350/1978', 'PL 3722/2012', 'PL 6774/2016']",2022-07-13 18:25:49.343551,12,22
