conv_idx,turn,query,doc_name,ementa,text_excerpt,llm_score
0,1,"Solicito alterar a Lei 12.249 de 11 de junho de 2010 no que se refere a  criação no perímetro desafetado, uma Área de Proteção Ambiental - APA e uma Floresta Estadual.",PL 1158/2022,"Altera a Lei no 12.249, de 11 de junho de 2010, para que a doação da área da União ao Estado de Rondônia não seja condicionada à criação de uma Área de Proteção Ambiental e de uma Floresta Estadual.","PROJETO DE LEI Nº          , DE 2022 
(Da Sra. JAQUELINE CASSOL) 
Altera a Lei no 12.249, de 11 de junho de 
2010, para que a doação da área da União ao 
Estado de Rondônia não seja condicionada à 
criação de uma Área de Proteção Ambiental 
e de uma Floresta Estadual.  
O Congresso Nacional decreta: 
Art. 1º Esta Lei altera a Lei no 12.249, de 11 de junho de 2010, 
para que a doação da área da União ao Estado de Rondônia não seja 
condicionada à criação de uma Área de Proteção Ambiental e de uma Floresta 
Estadual. 
Art. 2º O art. 113, da Lei no 12.249, de 11 de junho de 2010, 
passa a vigorar",1.0
0,1,"Solicito alterar a Lei 12.249 de 11 de junho de 2010 no que se refere a  criação no perímetro desafetado, uma Área de Proteção Ambiental - APA e uma Floresta Estadual.",INC 1366/2022,"Sugere a promulgação de Medida Provisória com o objetivo de alterar a Lei no 12.249, de 11 de junho de 2010, para que a doação da área da União ao Estado de Rondônia não seja condicionada à criação de uma Área de Proteção Ambiental e de uma Floresta Estadual.","INDICAÇÃO Nº      , DE 2022 
(Da Sra. JAQUELINE CASSOL) 
Sugere a promulgação de Medida 
Provisória com o objetivo de alterar a Lei no 
12.249, de 11 de junho de 2010, para que a 
doação da área da União ao Estado de 
Rondônia não seja condicionada à criação 
de uma Área de Proteção Ambiental e de 
uma Floresta Estadual.  
Excelentíssimo Senhor Ministro da Casa Civil;  
Por meio desta Indicação, buscamos a atuação da Presidência 
da República para a solução da relevante e urgente questão a seguir 
explicitada.  
No ano de 2010, a Lei no 12.249, autorizou a União a doar ao 
Estado de Rondônia “",1.0
0,1,"Solicito alterar a Lei 12.249 de 11 de junho de 2010 no que se refere a  criação no perímetro desafetado, uma Área de Proteção Ambiental - APA e uma Floresta Estadual.",INC 3386/2002,"Sugere ao Ministério do Meio Ambiente a Criação de uma Área de Proteção Ambiental-APA, na Bacia Hidrográfica do Rio Camanducaia abrangendo os Estados de Minas Gerais e São Paulo.","1 
Indicação Legislativa nº    de 2002 
(Dos Srs. Luciano Zica e Tilden Santiago) 
 
Sugere ao Ministério do Meio Ambiente a 
Criação de uma Área de Proteção Ambiental-
APA, na Bacia Hidrográfica do Rio Camanducaia 
abrangendo os Estados de Minas Gerais e São 
Paulo. 
 
 
Excelentíssimo Senhor Ministro de Estado do Meio Ambiente: 
 
Dirigimo-nos à Vossa Excelência para expor os seguintes argumentos e reivindicar a 
criação de Unidade de Conservação ""Área de Proteção Ambiental"": 
Considerando que: 
1. Sistema Nacional de Unidades de Conservação da Natureza, SNUC, tem como objetivos, 
entre outr",0.5
0,1,"Solicito alterar a Lei 12.249 de 11 de junho de 2010 no que se refere a  criação no perímetro desafetado, uma Área de Proteção Ambiental - APA e uma Floresta Estadual.",PL 661/2015,Cria a Área de Proteção Ambiental Rio-Parque do Araguaia.,"PROJETO DE LEI Nº       , DE 2015 
(Do Sr. Daniel Vilela) 
Cria a Área de Proteção Ambiental 
Rio-Parque do Araguaia. 
O Congresso Nacional decreta: 
Art. 1º Esta Lei dispõe sobre a criação da Área de 
Proteção Ambiental Rio-Parque do Araguaia. 
Art. 2º Fica criada a Área de Proteção Ambiental (APA) 
Rio–Parque do Araguaia, nos Estados de Goiás, Mato Grosso, Tocantins e 
Pará, com o objetivo de: 
I – ordenar e estimular o turismo ecológico, a pesca 
esportiva, as atividades científicas e culturais, bem como as atividades 
econômicas compatíveis com a conservação ambiental; 
II – proteger a fau",0.5
0,1,"Solicito alterar a Lei 12.249 de 11 de junho de 2010 no que se refere a  criação no perímetro desafetado, uma Área de Proteção Ambiental - APA e uma Floresta Estadual.",PL 5821/2005,"Altera os limites originais do Parque Nacional de Jericoacoara, situado nos Municípios de Jijoca de Jericoacoara e Cruz, no Estado do Ceará, e dá outras providências.
NOVA EMENTA DA REDAÇÃO FINAL: Altera os limites originais do Parque Nacional de Jericoacoara, situado nos Municípios de Jijoca de Jericoacoara e Cruz, no Estado do Ceará; revoga o Decreto nº 90.379, de 29 de outubro de 1984, e o Decreto s/nº  de 4 de fevereiro de 2002; e dá outras providências.","PROJETO DE LEI
Altera os limites originais do Parque Nacional
de Jericoacoara, situado nos Municípios de
Jijoca de Jericoacoara e Cruz, no Estado do
Ceará, e dá outras providências.
O CONGRESSO NACIONAL  decreta:
Art. 1o O Parque Nacional de Jericoacoara, situado nos Municípios de Jijoca de
Jericoacoara e Cruz, no Estado do Ceará, criado nos termos do Decreto de 4 de fevereiro de 2002,
passa a reger-se pelas disposições desta Lei.
Art. 2o O Parque Nacional de Jericoacoara tem por objetivos proteger e preservar
amostras dos ecossistemas costeiros, assegurar a preservação de seus recursos natura",0.0
0,1,"Solicito alterar a Lei 12.249 de 11 de junho de 2010 no que se refere a  criação no perímetro desafetado, uma Área de Proteção Ambiental - APA e uma Floresta Estadual.",PL 3930/2015,"Autoriza a transformação da Área de Relevante Interesse Ecológico - ARIE Floresta da Cicuta, criada pelo Decreto nº 90.792, de 9 janeiro de 1985, em Reserva Particular do Patrimônio Natural - RPPN, e dá outras providências.","CAMARA DOS DEPUTADOS 
 
 
 
PROJETO DE LEI Nº         , DE 2015 
(Do Sr. ÍNDIO DA COSTA) 
 
Autoriza a transformação da Área de 
Relevante Interesse Ecológico - ARIE 
Floresta da Cicuta, criada pelo Decreto 
nº 90.792, de 9 janeiro de 1985, em 
Reserva Particular do Patrimônio 
Natural - RPPN, e dá outras 
providências. 
 
O Congresso Nacional decreta: 
Art. 1º Fica autorizada, nos termos do art. 22, §7º, da Lei nº 9.985, de 18 
de julho de 2000, a desafetação da Área de Relevante Interesse Ecológico - 
ARIE Floresta da Cicuta, criada pelo Decreto nº 90.792, de 9 de janeiro de 
1985, no Municí",0.0
0,1,"Solicito alterar a Lei 12.249 de 11 de junho de 2010 no que se refere a  criação no perímetro desafetado, uma Área de Proteção Ambiental - APA e uma Floresta Estadual.",PL 7074/2002,Autoriza o Instituto Nacional do Seguro Social - INSS a receber em dação em pagamento o imóvel que especifica.,"PROJETO DE LEI 
 
 
 
Autoriza o Instituto Nacional do Seguro Social-
INSS a receber em dação em pagamento o imóvel 
que especifica. 
 
 
 
 O CONGRESSO NACIONAL decreta: 
 
Art. 1o  Fica o Instituto Nacional do Seguro Social-INSS autorizado a receber em dação 
em pagamento de créditos previdenciários vencidos até a competência fevereiro de 2001 a área localizada 
no Estado do Pará, de 33.638,3878 ha, com o seguinte memorial descritivo: inicia-se o perímetro no P-
01, de coordenadas planas geográficas, -03º04’12” Sul: e -48º38’47” Wgr; referente ao meridiano central 
51º Wgr; deste, segue conf",0.0
0,1,"Solicito alterar a Lei 12.249 de 11 de junho de 2010 no que se refere a  criação no perímetro desafetado, uma Área de Proteção Ambiental - APA e uma Floresta Estadual.",PL 4396/2008,"Altera a Lei nº 9.262, de 12 de janeiro de 1996, que ""dispõe sobre a administração da Área de Proteção Ambiental (APA) da Bacia do Rio São Bartolomeu, localizada no Distrito Federal, e dá outras providências"".","PROJETO DE LEI No       , DE 2008
(Do Sr. Geraldo Magela)
Altera a Lei nº 9.262, de 12 de janeiro
de 1996, que “dispõe sobre a administração
da Área de Proteção Ambiental (APA) da
Bacia do Rio São Bartolomeu, localizada no
Distrito Federal, e dá outras providências”.
O Congresso Nacional decreta:
Art. 1º Dê-se ao § 1º do art. 3º da Lei nº 9.262, de 12 de
janeiro de 1996, a seguinte redação:
“Art. 3º ................................................................................
§ 1º A possibilidade de venda a que se refere o caput
aplica-se às áreas de uso residencial, comercial ou
industrial",0.0
0,1,"Solicito alterar a Lei 12.249 de 11 de junho de 2010 no que se refere a  criação no perímetro desafetado, uma Área de Proteção Ambiental - APA e uma Floresta Estadual.",INC 575/2011,"Sugere à Exma. Senhora Ministra do Meio Ambiente e à Exma. Sra. Ministra do Planejamento, Orçamento e Gestão, a adoção de providências visando viabilização do cumprimento da função socioambiental da propriedade no caso que especifica.","1 
 
REQUERIMENTO Nº        , DE 2011 
(Do Sr. Hugo Leal) 
 
 
Requer o envio de Indicação ao Ministério do Meio 
Ambiente e ao Ministério do Planejamento, Orçamento 
e Gestão, sugerindo a adoção de providências, 
respectivamente, no âmbito das competências do 
Instituto Chico Mendes de Conservação da 
Biodiversidade – ICMBio e da da Secretaria do 
Patrimônio da União, para viabilização do 
cumprimento da função socioambiental da propriedade.  
 
 
Senhor Presidente 
 
 
Requeiro a V. Exª. nos termos do art.113, inciso I e § 1º do Regimento Interno da Câmara dos 
Deputados, que seja encaminhad",0.5
0,1,"Solicito alterar a Lei 12.249 de 11 de junho de 2010 no que se refere a  criação no perímetro desafetado, uma Área de Proteção Ambiental - APA e uma Floresta Estadual.",PL 6927/2010,"Altera a categoria da unidade de conservação Parque Nacional da Chapada das Mesas para Reserva Extrativista Chapada das Mesas, nos Municípios de Carolina, Riachão e Estreito no Estado do Maranhão.","Projeto  de Lei nº         de 2010
( Do Sr. Domingos Dutra )
Altera a categoria da unidade de conservação
Parque Nacional da Chapada das Mesas para
Reserva Extrativista Chapada das Mesas,
nos Municípios de Carolina, Riachão e
Estreito no Estado do Maranhão.
Art. 1º - Fica alterada a categoria da unidade de conservação Parque
Nacional da Chapada das Mesas, criado pelo Decreto s/nº de  12 de dezembro de 2005,
para Reserva Extrativista da Chapada das Mesas, nos Municípios de Carolina, Riachão
e Estreito no Estado do Maranhão,
Art. 2º - A Reserva Extrativista da Chapada das Mesas tem como objetivo",0.0
1,1,"Criação de fundo para prevenção de desastres naturais e e recuperação de seus efeitos, para apoio financeiro aos estados e aos municípios afetados.",PL 71/2022,"Altera a Lei º 12.114, de 9 de dezembro
 de 2009, para permitir a destinação de 
recursos do Fundo Nacional sobre Mudança
 do Clima (FNMC) para enfrentamento de 
desastres naturais.","PROJETO DE LEI Nº          , DE 2022 
(Do Sr. JOSÉ NELTO) 
Altera a Lei º 12.114, de 9 de dezembro 
de 2009, para permitir a destinação de 
recursos do Fundo Nacional sobre Mudança 
do Clima (FNMC) para enfrentamento de 
desastres naturais.  
O Congresso Nacional decreta: 
Art. 1º A Lei 12. 114, de 9 de dezembro de 2009, passa a vigorar 
com as seguintes alterações:  
“Art. 2 Fica criado o Fundo Nacional sobre Mudança do Clima – 
FNMC, de natureza contábil, vinculado aos Ministérios do Meio 
Ambiente e do Desenvolvimento Regional, com a finalidade de 
assegurar recursos para apoio a projetos o",1.0
1,1,"Criação de fundo para prevenção de desastres naturais e e recuperação de seus efeitos, para apoio financeiro aos estados e aos municípios afetados.",PL 636/2022,"Altera a Lei nº 12.340, de 1º de dezembro de 2010, para garantir condições especiais nos programas públicos de habitação de interesse social à população em situação de vulnerabilidade aos desastres naturais e permitir a utilização dos recursos do Fundo Nacional para Calamidades Públicas, Proteção e Defesa Civil (Funcap) em ações de apoio e financiamento direto à comunidade vulnerável, entre outras providências.","CÂMARA DOS DEPUTADOS
PROJETO DE LEI Nº                 , DE 2022.
(Do Sr. Aureo Ribeiro)
 
Altera a Lei nº 12.340, de 1º de dezembro
de  2010,  para  garantir  condições
especiais  nos  programas  públicos  de
habitação de interesse social à população
em  situação  de  vulnerabilidade  aos
desastres naturais e permitir  a utilização
dos  recursos  do  Fundo  Nacional  para
Calamidades Públicas, Proteção e Defesa
Civil  (Funcap)  em  ações  de  apoio  e
financiamento  direto  à  comunidade
vulnerável, entre outras providências.
O Congresso Nacional decreta:
Art.  1º  Esta Lei  altera a Lei  nº ",1.0
1,1,"Criação de fundo para prevenção de desastres naturais e e recuperação de seus efeitos, para apoio financeiro aos estados e aos municípios afetados.",PLP 80/2022,"Institui a Força Nacional de Defesa Civil e proíbe o contingenciamento de recursos orçamentários destinados à prevenção, recuperação, socorro e assistência às populações atingidas por desastres.","CÂMARA DOS DEPUTADOS
Gabinete do Deputado Eduardo da Fonte
PROJETO DE LEI COMPLEMENTAR n.º        , DE 2022.
(Do Senhor Eduardo da Fonte)
Institui  a  Força  Nacional  de
Defesa  Civil  e  proíbe  o
contingenciamento  de  recursos
orçamentários destinados à prevenção,
recuperação,  socorro e assistência às
populações atingidas por desastres.
O Congresso Nacional decreta:
Art. 1º. O presente Projeto de Lei visa alterar a Política Nacional de
Proteção e Defesa Civil – PNPDEC – para instituir a Força Nacional de Defesa Civil –
FNDC – e vedar o contingenciamento dos recursos destinados às ações de",0.5
1,1,"Criação de fundo para prevenção de desastres naturais e e recuperação de seus efeitos, para apoio financeiro aos estados e aos municípios afetados.",PL 7744/2017,"Acrescenta dispositivo ao art. 8º da Lei n.º 13.439, de 27 de abril de 2017, para criar o Programa Cartão Reforma e dá outras providências, a fim de estabelecer prioridade no atendimento para famílias vítimas de tragédias ou desastres naturais.","PROJETO DE LEI Nº                    , DE 2017 
(Do Sr. DANILO CABRAL) 
 
Acrescenta dispositivo ao art. 8º da Lei 
n.º 13.439, de 27 de abril de 2017, para 
criar o Programa Cartão Reforma e dá 
outras providências, a fim de 
estabelecer prioridade no atendimento 
para famílias vítimas de tragédias ou 
desastres naturais. 
 
 
O Congresso Nacional decreta: 
Art. 1º O art. 8º da Lei n.º 13.439, de 27 de abril de 2017, para 
criar o Programa Cartão Reforma e dá outras providências, passa a vigorar 
acrescido do seguinte dispositivo: 
“Art. 8º. ...................................................",0.5
1,1,"Criação de fundo para prevenção de desastres naturais e e recuperação de seus efeitos, para apoio financeiro aos estados e aos municípios afetados.",INC 17/2020,"Sugere a formulação e a implementação de políticas e programas públicos destinados a elevar a resiliência dos Municípios brasileiros frente aos desastres naturais, como deslizamentos de terra e inundações.","INDICAÇÃO Nº      , DE 2020 
(Do Sr. JUNIO AMARAL) 
Sugere a formulação e a implementação 
de políticas e programas públicos destinados 
a elevar a resiliência dos Municípios 
brasileiros frente aos desastres naturais, 
como deslizamentos de terra e inundações. 
Excelentíssimo Ministro do Desenvolvimento Regional. 
Como é de amplo conhecimento, Minas Gerais (MG) tem sido 
atingida por violento desastre natural, causado por intensas chuvas, talvez as 
mais fortes dos últimos 110 anos. Os dados do último Boletim de Defesa Civil de 
MG, datado de 30/1/20201, já contabiliza quase 45.000 desalojado",0.5
1,1,"Criação de fundo para prevenção de desastres naturais e e recuperação de seus efeitos, para apoio financeiro aos estados e aos municípios afetados.",PL 10898/2018,"Altera a Lei nº 9.478, de 6 de agosto de 1997 (Lei do Petróleo), e a Lei nº 12.351, de 22 de dezembro de 2010 (Lei do Pré-Sal), para garantir que parte dos recursos dos royalties e do Fundo Social seja destinada à prevenção de desastres provocados por causas naturais ou de desastres humanos de natureza tecnológica relacionados com incêndios ou com produtos perigosos, bem como ao atendimento às populações e às áreas atingidas por esses desastres.","Ofício nº 1.118 (SF)                                                        Brasília, em 18 de outubro de 2018. 
 
 
 
A Sua Excelência o Senhor 
Deputado Giacobo 
Primeiro-Secretário da Câmara dos Deputados 
 
 
 
Assunto: Projeto de Lei do Senado à revisão. 
 
 
 
Senhor Primeiro-Secretário, 
 
 
Encaminho a Vossa Excelência, a fim de ser submetido à revisão da Câmara 
dos Deputados, nos termos do art. 65 da Constituição Federal, o Projeto de Lei do Senado nº 
227, de 2011, de autoria do Senador Walter Pinheiro, constante dos autógrafos em anexo, 
que “Altera a Lei nº 9.478, de 6 de agosto d",1.0
1,1,"Criação de fundo para prevenção de desastres naturais e e recuperação de seus efeitos, para apoio financeiro aos estados e aos municípios afetados.",PL 291/2015,"Estabelece a obrigatoriedade de repasses automáticos de recursos da União aos Estados, Distrito Federal e Municípios para a execução de ações locais para recuperação das áreas atingidas por desastre natural.","PROJETO DE LEI N° ,  de 2015 
(Do Sr. Valmir Assunção) 
 
Estabelece a obrigatoriedade de repasses automáticos de 
recursos da União aos Estados, Distrito Federal e 
Municípios para a execução de ações locais para 
recuperação das áreas atingidas por desastre natural. 
O Congresso Nacional decreta: 
 
Art. 1º Esta Lei torna obrigatórios e não sujeitos a qualquer tipo de contingenciamento os repasses 
de recursos da União aos Estados, ao Distrito Federal e aos Municípios, em situação de emergência 
ou estado de calamidade pública, reconhecidos pelo Governo Federal, para a execução de ações de 
",0.5
1,1,"Criação de fundo para prevenção de desastres naturais e e recuperação de seus efeitos, para apoio financeiro aos estados e aos municípios afetados.",PL 4038/2012,"Estabelece a obrigatoriedade de repasses automáticos de recursos da União aos Estados, Distrito Federal e Municípios para a execução de ações locais para recuperação das áreas atingidas por desastre natural.","CÂMARA DOS DEPUTADOS 
 
 
PROJETO DE LEI N.º      , DE 2012 
(Do Sr. AMAURI TEIXEIRA) 
Estabelece a obrigatoriedade de 
repasses automáticos de recursos da União 
aos Estados, Distrito Federal e Municípios 
para a execução de ações locais para 
recuperação das áreas atingidas por 
desastre natural. 
O Congresso Nacional decreta: 
Art. 1º Esta Lei torna obrigatórios e não sujeitos a 
qualquer tipo de contingenciamento os repasses de recursos da União aos 
Estados, ao Distrito Federal e aos Municípios, em situação de emergência ou 
estado de calamidade pública, reconhecidos pelo Governo Federal,",1.0
1,1,"Criação de fundo para prevenção de desastres naturais e e recuperação de seus efeitos, para apoio financeiro aos estados e aos municípios afetados.",PL 485/2022,"Altera a Lei nº 12.340, de 1º de dezembro de 2010, para obrigar à ampla divulgação de mapeamento contendo as áreas suscetíveis à ocorrência de deslizamentos de grande impacto, inundações bruscas ou processos geológicos ou hidrológicos correlatos, pelos municípios que as possuam.","PROJETO DE LEI Nº          , DE 2022
(Da Sra. JOICE HASSELMANN)
Altera  a  Lei  nº  12.340,  de  1º  de
dezembro  de  2010,  para  obrigar  à  ampla
divulgação  de  mapeamento  contendo  as
áreas  suscetíveis  à  ocorrência  de
deslizamentos  de  grande  impacto,
inundações  bruscas  ou  processos
geológicos ou hidrológicos correlatos, pelos
municípios que as possuam.
O Congresso Nacional decreta:
Art. 1º O inciso I do § 2º do art. 3º-A da Lei nº 12.340, de 1º de
dezembro de 2010, que dispõe sobre as transferências de recursos da União
aos  órgãos  e  entidades  dos  Estados,  Distrito  Federa",0.5
1,1,"Criação de fundo para prevenção de desastres naturais e e recuperação de seus efeitos, para apoio financeiro aos estados e aos municípios afetados.",PL 2978/2011,"Institui o Estatuto da Proteção Civil, altera as Leis nºs 8.239, de 4 de outubro de 1991 (Serviço Alternativo ao Serviço Militar Obrigatório); 9.394, de 20 de dezembro de 1996 (Lei de Diretrizes e Bases da Educação Nacional); 9.433, de 8 de janeiro de 1997 (Recursos Hídricos); 9.478, de 6 de agosto de 1997 (Lei do Petróleo); 9.605, de 12 de fevereiro de 1998 (Crimes Ambientais); 10.257, de 10 de julho de 2001 (Estatuto da Cidade); 11.445, de 5 de janeiro de 2007 (Saneamento Básico); 11.977, de 7 de julho de 2009 (Programa Minha Casa, Minha Vida); e 12.351, de 22 de dezembro de 2010 (Pré-Sal); ","PROJETO DE LEI Nº       , DE 2011 
(Da Comissão Especial destinada a efetuar estudo e apresentar propostas em 
relação às medidas preventivas e saneadoras diante de catástrofes climáticas) 
 
Institui o Estatuto da Proteção Civil, altera as 
Leis nºs 8.239, de 4 de outubro de 1991 
(Serviço Alternativo ao Serviço Militar 
Obrigatório); 9.394, de 20 de dezembro de 
1996 (Lei de Diretrizes e Bases da Educação 
Nacional); 9.433, de 8 de janeiro de 1997 
(Recursos Hídricos); 9.478, de 6 de agosto 
de 1997 (Lei do Petróleo); 9.605, de 12 de 
fevereiro de 1998 (Crimes Ambientais); 
10.257, de 10 de ",0.5
2,1,Gostaria de pedir à Consultoria a elaboração de projeto para excetuar a saúde e a educação do limite de gastos com pessoal. ,PL 3349/2015,Dispõe sobre a dedução dos gastos com academia de ginástica ou em outros esportes na Declaração de Ajuste Anual do Imposto de Renda Pessoa Física.,"PROJETO DE LEI Nº      , DE 2015 
(Do Sr. Aureo) 
Dispõe sobre a dedução dos gastos 
com academia de ginástica ou em outros 
esportes na Declaração de Ajuste Anual do 
Imposto de Renda Pessoa Física. 
O Congresso Nacional decreta: 
Art. 1º O inciso II do art. 8º da Lei nº 9.250, de 26 de 
dezembro de 1995, passa a vigorar acrescido da seguinte alínea “k”: 
“Art. 8º ................................................................................ 
............................................................................................. 
II - ..................................................",0.0
2,1,Gostaria de pedir à Consultoria a elaboração de projeto para excetuar a saúde e a educação do limite de gastos com pessoal. ,PLP 393/2014,"Altera a Lei Complementar nº 101, de 4 de maio de 2000 (Lei de Responsabilidade Fiscal), para excluir do limite de despesas de pessoal os recursos destinados às ações e serviços de saúde e de educação.","CÂMARA DOS DEPUTADOS 
DEPUTADO FEDERAL ROGÉRIO CARVALHO PT/SE 
 
 
Câmara dos Deputados │Anexo IV – 6° andar - Gabinete 641 │70160900 Brasília DF 
Tel: (61) 3215-5641 - Fax: (61) 3215-2641│E-mail: dep.rogeriocarvalho@camara.gov.br 
1 
 
 
PROJETO DE LEI COMPLEMENTAR Nº _______, DE 2014 
(Do Senhor Rogério Carvalho) 
 
Altera a Lei Complementar nº 101, de 4 de 
maio de 2000 (Lei de Responsabilidade 
Fiscal), para excluir do limite de despesas de 
pessoal os recursos destinados às ações e 
serviços de saúde e de educação. 
 
 
  O CONGRESSO NACIONAL decreta: 
 
Art. 1º. Esta Lei acrescenta dispo",1.0
2,1,Gostaria de pedir à Consultoria a elaboração de projeto para excetuar a saúde e a educação do limite de gastos com pessoal. ,PEC 390/2014,Altera o art. 169 da Constituição Federal e o artigo 38 do Ato das Disposições Constitucionais Transitórias para possibilitar a ampliação de limite de despesas com pessoal ativo nas áreas da saúde e da educação.,"CÂMARA DOS DEPUTADOS 
 
 
 
PROPOSTA DE EMENDA À CONSTITUIÇÃO Nº            , DE 2014 
(Do Sr. André Figueiredo) 
  
 As Mesas da Câmara dos Deputados e do Senado Federal, nos termos do § 3º 
do art. 60 da Constituição Federal, promulgam a seguinte Emenda ao texto 
constitucional: 
 
Altera o artigo 169 da Constituição 
Federal e o artigo 38 do Ato das 
Disposições Constitucionais 
Transitórias para possibilitar a 
ampliação de limite de despesas com 
pessoal ativo nas áreas da saúde e da 
educação. 
 
 Art. 1º O artigo 169 da Constituição passa a vigorar acrescido do seguinte § 8º: 
“Art.169.",1.0
2,1,Gostaria de pedir à Consultoria a elaboração de projeto para excetuar a saúde e a educação do limite de gastos com pessoal. ,PLP 319/2013,"Altera o inciso III, do art. 19 da Lei Complementar nº 101, de 4 de maio de 2000, que estabelece normas de finanças públicas voltadas para a responsabilidade na gestão fiscal e dá outras providências.","PROJETO DE LEI COMPLEMENTAR No       , DE 2013 
(Do Sr. PAULO MAGALHÃES) 
 
 
 
Altera o inciso III, do art. 19 da Lei 
Complementar nº 101, de 04 de maio de 2000, 
que estabelece normas de finanças públicas 
voltadas para a responsabilidade na gestão fiscal 
e dá outras providências. 
 
O Congresso Nacional decreta: 
 
Art. 1º O inciso III, do artigo 19, da Lei Complementar nº 101, de 04 
de maio de 2000, passa a ter a seguinte redação: 
 
Art. 19........................................................................... 
.......................................................................",0.5
2,1,Gostaria de pedir à Consultoria a elaboração de projeto para excetuar a saúde e a educação do limite de gastos com pessoal. ,PL 1550/2021,Dispõe sobre incentivos tributários para a produção de energia elétrica a partir de fontes eólica e solar.,"PROJETO DE LEI Nº          , DE 2021
(Do Sr. BENES LEOCÁDIO)
Dispõe sobre incentivos tributários para
a  produção  de  energia  elétrica  a  partir  de
fontes eólica e solar. 
O Congresso Nacional decreta:
Art.  1º Esta  Lei  dispõe  sobre  incentivos  tributários  para  a
produção de energia elétrica a partir de fontes eólica e solar.
Art. 2º A Lei nº 10.438, de 26 de abril de 2002, passa a vigorar
acrescida do art. 28-A com a seguinte redação: 
 “Art.  28-A  Ficam  reduzidas  a  zero  as  alíquotas  das
Contribuições  para  o  PIS/PASEP  e  da  Contribuição  para  o
Financiamento da Segurida",0.0
2,1,Gostaria de pedir à Consultoria a elaboração de projeto para excetuar a saúde e a educação do limite de gastos com pessoal. ,PLP 98/2011,"Altera a Lei de Responsabilidade Fiscal, para autorizar o Poder Executivo dos Municípios a exceder o limite de despesas de pessoal nas condições que especifica.","CÂMARA DOS DEPUTADOS
PROJETO DE LEI COMPLEMENTAR Nº        , DE 2011
(Do Sr. EDUARDO BARBOSA)
Altera  a  Lei  de  Responsabilidade 
Fiscal, para autorizar o Poder Executivo dos 
Municípios a exceder o limite de despesas 
de pessoal nas condições que especifica.
O CONGRESSO NACIONAL decreta: 
Art. 1º O art. 20 da Lei Complementar nº 101, de 4 de maio 
de 2000, passa a vigorar acrescido do seguinte § 7º:
“Art. 20. .......................................................................
.....................................................................................
§  7º  Em casos excepciona",0.5
2,1,Gostaria de pedir à Consultoria a elaboração de projeto para excetuar a saúde e a educação do limite de gastos com pessoal. ,PLP 75/2019,"Altera a Lei Complementar nº 101, de 4 de maio de 2000, para os fins que estabelece.","CÂMARA DOS DEPUTADOS 
 
Câmara dos Deputados - Anexo IV - Gab 746 - Brasília/DF - Cep 70.160-900 
Telefones: (61) 3215-5746 / (45) 3054-1844 
PROJETO DE LEI COMPLEMENTAR Nº, DE 2019 
(Sr. Dep. Schiavinato) 
 
 
 
Altera a Lei Complementar nº 101, de 4 de maio de 
2000, para os fins que estabelece. 
 
 
 
O Congresso Nacional decreta: 
Art. 1º Esta Lei acrescenta o inciso VII, ao §1º, do art. 19, da Lei 
Complementar nº 101, de 4 de maio de 2000, com a seguinte redação: 
 
""Art. 19... 
§1º... 
VII – com pessoal dos consórcios públicos, na área da saúde, 
custeadas com recursos transferidos pelo",0.5
2,1,Gostaria de pedir à Consultoria a elaboração de projeto para excetuar a saúde e a educação do limite de gastos com pessoal. ,PL 2169/2021,"Altera a Lei nº 9.250, de 26 de dezembro de 1995, para dispor sobre a dedução na Declaração do Imposto de Renda das Pessoas Físicas dos gastos veterinários com animais domésticos, realizados pelos proprietários ou adotantes de animais abandonados.","PROJETO DE LEI Nº          , DE 2021
(Do Sr. CAPITÃO ALBERTO NETO)
Altera  a  Lei  nº  9.250,  de  26  de
dezembro  de  1995,  para  dispor  sobre  a
dedução  na  Declaração  do  Imposto  de
Renda  das  Pessoas  Físicas  dos  gastos
veterinários  com  animais  domésticos,
realizados pelos  proprietários  ou adotantes
de animais abandonados.
O Congresso Nacional decreta:
Art. 1º O inciso II do art. 8º da Lei nº 9.250, de 26 de dezembro
de 1995, passa a vigorar acrescido da seguinte alínea:
“Art. 8º........................................................................................
.........",0.0
2,1,Gostaria de pedir à Consultoria a elaboração de projeto para excetuar a saúde e a educação do limite de gastos com pessoal. ,PLP 357/2013,"Acrescenta o inciso IV ao § 3º do art. 198 da Lei nº 5.172, de 25 de outubro de 1966 (Código Tributário Nacional - CTN) para permitir a divulgação do montante anual de cada tributo federal recolhido por pessoas físicas e jurídicas.","1 
 
  
  
 *
1
9
0
5
C
7
5
4
0
0
*
 
  
  
 1
9
0
5
C
7
5
4
0
0
 
PROJETO DE LEI COMPLEMENTAR Nº      , DE 2013 
(Do Sr. Deputado Carlos Souza) 
Acrescenta o inciso IV ao § 3º do art. 
198 da Lei nº 5.172, de 25 de outubro de 
1966 (Código Tributário Nacional – CTN) 
para permitir a divulgação do montante 
anual de cada tributo federal recolhido por 
pessoas físicas e jurídicas. 
O Congresso Nacional decreta: 
Art. 1º Acrescente-se o inciso IV ao § 3º do art. 198 da Lei 
nº 5.172, de 25 de outubro de 1966, que passa a vigorar com a seguinte 
redação: 
“Art.3º..................................",0.0
2,1,Gostaria de pedir à Consultoria a elaboração de projeto para excetuar a saúde e a educação do limite de gastos com pessoal. ,PL 4519/2016,"Altera a Lei nº 9.504/97, para dispor que honorários advocatícios e de serviços de contabilidade não caracterizam gastos eleitorais.","CÂMARA DOS DEPUTADOS 
PROJETO DE LEI Nº      , DE 2016. 
(Sr. Genecias Noronha) 
 
 
 
 
Altera a Lei nº 9.504/97, para dispor 
que honorários advocatícios e de serviços 
de contabilidade não caracterizam gastos 
eleitorais. 
 
 
 
O CONGRESSO NACIONAL decreta: 
 
Art. 1º Os arts. 18-A, 23, 26 e 27 da Lei no 9.504, de 3 de setembro de 1997, 
passam a vigorar com o acréscimo dos seguintes dispositivos: 
 
“Art. 18-A. .................................................................................... 
Parágrafo único. Não serão contabilizados os gastos com consultoria, 
assessoria e honorários ",0.0
3,1,altera a emissão e distribuição de valores mobiliários no mercado.,PLP 140/2004,"Dispõe sobre as instituições de mercado de capitais, e dá outras providências.","PROJETO DE LEI COMPLEMENTAR Nº                 , DE 2004
(Do Sr. Eduardo Valverde)
Dispõe sobre as instituições de
mercado de capitais, e dá outras providências.
O Congresso Nacional decreta:
Art. 1º São instituições que compõem o sistema de
distribuição de valores mobiliários:
I - as que tenham por objeto a  distribuição de emissão ou a
intermediação de valores mobiliários, compreendendo inclusive as sociedades
corretoras, distribuidoras e bancos múltiplos com carteiras de investimento;
II - bolsas de todo gênero e demais entidades auto-
reguladoras;
III - entidades de custódia, liquidação e ",1.0
3,1,altera a emissão e distribuição de valores mobiliários no mercado.,PL 4707/2012,Regulamenta o funcionamento das agências classificadoras de risco (Agências de Rating) no Brasil e estabelece a responsabilidade civil e penal pela emissão de classificação de riscos.,"CÂMARA DOS DEPUTADOS 
 
 
 
 
PROJETO DE LEI n.º       , de 2012. 
(Do Senhor Eduardo da Fonte) 
 
Regulamenta o funcionamento das 
agências classificadoras de risco 
(Agências de Rating) no Brasil e 
estabelece a responsabilidade civil e 
penal pela emissão de classificação de 
riscos. 
 
 
 
 
O Congresso Nacional DECRETA: 
Art. 1º. Esta lei regulamenta o funcionamento no Brasil das 
instituições especializadas na determinação e divulgação de risco das 
corporações, instituições financeiras e países. 
Art. 2º. Para os fins desta Lei, considera-se: 
I – Classificação de risco - parecer de uma",0.5
3,1,altera a emissão e distribuição de valores mobiliários no mercado.,PL 961/2007,"Dispõe acerca de divulgação e do uso de informações sobre ato ou fato relevante relativo às companhias abertas, e altera os arts. 27-D e 27-F da Lei nº 6.385, de 7 de dezembro de 1976, e dá outras providências.","PROJETO DE LEI No        , DE 2007
(Do Sr. Carlos Bezerra)
Dispõe acerca de divulgação e do uso 
de  informações  sobre  ato  ou  fato  relevante 
relativo  às  companhias  abertas,  e  altera  os 
arts.  27-D  e  27-F  da  Lei  nº  6.385,  de  7  de 
dezembro de 1976, e dá outras providências. 
O Congresso Nacional decreta:
Art.  1º  Considera-se  relevante,  para  os  efeitos  desta  Lei, 
qualquer  deliberação da assembléia  geral  ou dos órgãos de administração da 
companhia aberta ou qualquer outro ato ou fato ocorrido nos seus negócios que 
possa influir de modo ponderável: 
I  -  na  co",1.0
3,1,altera a emissão e distribuição de valores mobiliários no mercado.,PLP 249/2013,"Acrescenta dispositivos à Lei Complementar nº 123, de 14 de dezembro de 2006, que institui o Estatuto Nacional da Microempresa e da Empresa de Pequeno Porte, para que possam emitir títulos mobiliários nas condições que especifica, e dá outras providências.","PROJETO DE LEI COMPLEMENTAR N.º_____, DE 2013 
(Do Sr. Otavio Leite e da Sra. Fátima Pelaes) 
Acrescenta dispositivos à Lei 
Complementar n.º 123, de 14 de dezembro 
de 2006, que institui o Estatuto Nacional da 
Microempresa e da Empresa de Pequeno 
Porte, para que possam emitir títulos 
mobiliários nas condições que especifica, e 
dá outras providências. 
O Congresso Nacional decreta: 
Art. 1º O art. 58 da Lei Complementar nº 123, de 14 de 
dezembro de 2006, passa a vigorar com a seguinte redação: 
Art. 58 Os bancos comerciais públicos, os bancos 
múltiplos públicos com carteira comercial, a ",1.0
3,1,altera a emissão e distribuição de valores mobiliários no mercado.,PL 7965/2017,"Altera o art. 38 do Decreto-Lei n.º 1.598, de 26 de dezembro de 1977.","PROJETO DE LEI No       , DE 2017 
(Do Sr. Carlos Bezerra) 
Altera o art. 38 do Decreto-Lei n.º 
1.598, de 26 de dezembro de 1977. 
O Congresso Nacional decreta: 
Art. 1º Esta lei estende às empresas constituídas sob a 
modalidade societária de responsabilidade limitada o regime tributário especial 
aplicável à subscrição de valores mobiliários. 
Art. 2º O art. 38 do Decreto-Lei n.º 1.598, de 26 de 
dezembro de 1977, passa a vigorar com a seguinte redação: 
“Art. 38. Não serão computadas na determinação do lucro 
real, presumido ou arbitrado as importâncias, creditadas a reservas 
de capital, ",1.0
3,1,altera a emissão e distribuição de valores mobiliários no mercado.,PL 6558/2013,"Fica instituído o Programa de Aumento de Competitividade Empresarial e Melhoraria no Acesso a Capital de Crescimento -""BRASIL+COMPETITIVO"" - no âmbito do mercado de capitais brasileiro, e dá outras providências.","PROJETO DE LEI N.º _______ DE 2013 
(Do Senhor OTAVIO LEITE) 
  
 
 
 
Fica instituído o Programa de Aumento de 
Competitividade Empresarial e Melhoraria no 
Acesso a Capital de Crescimento -
“BRASIL+COMPETITIVO” - no âmbito do 
mercado de capitais brasileiro, e dá outras 
providências. 
 
 
 
 
O Congresso Nacional decreta: 
Art. 1º Fica instituído, sem aumento de despesa pública, a instituir o Programa de Aumento de 
Competitividade Empresarial e Melhoraria no Acesso a Capital de Crescimento - 
“BRASIL+COMPETITIVO” - no âmbito do mercado de capitais brasileiro, nos termos e condições 
estabe",0.5
3,1,altera a emissão e distribuição de valores mobiliários no mercado.,PFC 11/2003,"Propõe que a Comissão de Defesa do Consumidor, Meio Ambiente e Minorias realize ato de fiscalização sobre Comissão de Valores Mobiliários, quanto à sua atuação na regulação de contratos de investimento coletivo, em especial nas operações realizadas pelas Fazendas Reunidas Boi Gordo.","1COMISSÃO DE DEFESA DO CONSUMIDOR, MEIO AMBIENTE E
MINORIAS
PROPOSTA DE FISCALIZAÇÃO E CONTROLE
(Dos Srs. Luciano Zica e Luiz Antônio Fleury Filho)
Propõe que a Comissão de Defesa do
Consumidor, Meio Ambiente e Minorias
realize ato de fiscalização sobre Comissão
de Valores Mobiliários, quanto à sua
atuação na regulação de contratos de
investimento coletivo, em especial nas
operações realizadas pelas Fazendas
Reunidas Boi Gordo.
Senhor Presidente,
Com fulcro no art. 100, § 1º, combinado com os artigos 60, incisos I e II, e
61 do Regimento Interno da Câmara dos Deputados, propomos a Vossa Excelê",0.5
3,1,altera a emissão e distribuição de valores mobiliários no mercado.,PL 3643/2008,"Cria cargos de Analista, Inspetor e Agente Executivo no quadro de pessoal da Comissão de Valores Mobiliários.","PROJETO DE LEI 
 
 
 
 
Cria cargos de Analista, Inspetor e Agente 
Executivo no quadro de pessoal da Comissão de 
Valores Mobiliários. 
 
 
 
 
O CONGRESSO NACIONAL decreta: 
 
Art. 1o  Ficam criados no quadro de pessoal da Comissão de Valores Mobiliários os 
seguintes cargos de provimento efetivo: 
 
I - noventa cargos de Analista da Comissão de Valores Mobiliários, de nível superior; 
 
II - vinte cargos de Inspetor da Comissão de Valores Mobiliários, de nível superior; e 
 
III - cinqüenta e cinco cargos de Agente Executivo, de nível intermediário. 
 
Art. 2o  O provimento dos cargos criad",0.0
3,1,altera a emissão e distribuição de valores mobiliários no mercado.,PL 6322/2013,Dispõe sobre a emissão de debêntures por sociedades limitadas.,"PROJETO DE LEI Nº           , DE 2013 
(Do Sr. CARLOS BEZERRA) 
Dispõe sobre a emissão de 
debêntures por sociedades limitadas. 
O Congresso Nacional decreta: 
Art. 1º O artigo 52 da Lei nº 6.404, de 15 de dezembro de 
1976, passa a vigorar acrescido do seguinte parágrafo único: 
“Art. 52. ........................................... 
Parágrafo único. Semelhante faculdade é garantida à 
sociedade limitada, desde que observadas, no que couberem, as disposições 
deste Capítulo e a regulação aplicável.” (NR)  
Art. 2º Esta lei entra em vigor decorridos 45 (quarenta e 
cinco) dias de sua publicação",1.0
3,1,altera a emissão e distribuição de valores mobiliários no mercado.,PLP 195/2012,"Acrescenta dispositivos à Lei Complementar nº 123, de 14 de dezembro de 2006, que institui o Estatuto Nacional da Microempresa e da Empresa de Pequeno Porte, para que possam emitir debêntures nas condições que especifica.","PROJETO DE LEI COMPLEMENTAR N.º_____, DE 2012 
(Do Sr. Otavio Leite e da Sra. Fátima Pelaes) 
 
Acrescenta dispositivos à Lei 
Complementar n.º 123, de 14 de dezembro de 
2006, que institui o Estatuto Nacional da 
Microempresa e da Empresa de Pequeno Porte, 
para que possam emitir debêntures nas condições 
que especifica. 
 
 
O Congresso Nacional decreta: 
Art. 1º A Lei Complementar nº 123, de 14 de dezembro de 2006, passa 
a vigorar com o Art. 63-A, que cria a Seção IV no CAPÍTULO IX DO 
ESTÍMULO AO CRÉDITO E CAPITALIZAÇÃO, com a seguinte redação: 
“Seção IV  
Das Condições para Emissão de D",1.0
4,1,"Elaborar um projeto de lei que o apostador de jogos em loterias, deverá fornecer o seu CPF e telefone ou e-mail, de modo que seja avisado pelos canais oficias, em resgatar o seu prêmio, no prazo estipulado de 90 dias. Neste caso, ele não precisará apresentar o original, se fornecido o CPF no momento da aposta. Ficando dessa forma, o prêmio nominal ao seu ganhador.",PL 622/2007,"Determina a inserção, nos comprovantes de apostas das loterias e concursos de prognósticos, do número do CPF (Cadastro de Pessoa Física) do apostador.","PROJETO DE LEI Nº      , DE 2007
(Do Sr. João Dado)
Determina a inserção, nos
comprovantes de apostas das loterias e
concursos de prognósticos, do número do
CPF (Cadastro de Pessoa Física) do
apostador.
O Congresso Nacional decreta:
Art. 1º Os bilhetes e volantes das loterias e concursos de
prognósticos administrados pela Caixa Econômica Federal deverão conter
obrigatoriamente, em local apropriado, o número de inscrição do apostador no
Cadastro de Pessoa Física - CPF, do Ministério da Fazenda.
Parágrafo único. O prêmio será pago exclusivamente ao
portador do CPF constante do comprovante de apo",1.0
4,1,"Elaborar um projeto de lei que o apostador de jogos em loterias, deverá fornecer o seu CPF e telefone ou e-mail, de modo que seja avisado pelos canais oficias, em resgatar o seu prêmio, no prazo estipulado de 90 dias. Neste caso, ele não precisará apresentar o original, se fornecido o CPF no momento da aposta. Ficando dessa forma, o prêmio nominal ao seu ganhador.",PL 6561/2013,"Faculta a identificação do apostador nas loterias administradas pela Caixa Econômica Federal por meio da inscrição no Cadastro de Pessoas Físicas do Ministério da Fazenda (CPF), ou registro da carteira de identidade (RG); e privilegia o município em que foi realizada a aposta para receber os recursos da premiação não procurados das loterias federais administradas pela Caixa Econômica Federal.","1 
 
 
PROJETO DE LEI Nº            , DE 2013 
(Do Sr. Sandro Alex) 
 
 
 
Faculta a identificação do apostador nas loterias 
administradas pela Caixa Econômica Federal por 
meio da inscrição no Cadastro de Pessoas Físicas do 
Ministério da Fazenda (CPF), ou registro da carteira 
de identidade (RG); e privilegia o município em que foi 
realizada a aposta para receber os recursos da 
premiação não procurados das loterias federais 
administradas pela Caixa Econômica Federal. 
 
 
 
O Congresso Nacional decreta: 
 
Art. 1º É facultada à identificação ao apostador das loterias 
administradas pela ",0.5
4,1,"Elaborar um projeto de lei que o apostador de jogos em loterias, deverá fornecer o seu CPF e telefone ou e-mail, de modo que seja avisado pelos canais oficias, em resgatar o seu prêmio, no prazo estipulado de 90 dias. Neste caso, ele não precisará apresentar o original, se fornecido o CPF no momento da aposta. Ficando dessa forma, o prêmio nominal ao seu ganhador.",PL 3386/2015,"""Torna obrigatória a identificação do apostador nos bilhetes de Loterias de Prognósticos realizados pela Caixa Econômica Federal""","Projeto de Lei nº               de 2015 
(Do Sr. Marcos Rotta) 
 
“Torna obrigatória a identificação do apostador nos 
bilhetes de Loterias de Prognósticos realizados pela 
Caixa Econômica Federal” 
 
 
O Congresso Nacional decreta: 
 
Art. 1º. É obrigatória a identificação do apostador nos bilhetes de Loterias de 
Prognósticos realizados pela Caixa Econômica Federal. 
Parágrafo único: A obrigação que trata o “caput” será para todas as apostas 
realizadas nas agências lotéricas ou por meio de sítio eletrônico. 
Art. 2º. A identificação do apostador será realizada no ato do registro da aposta p",0.5
4,1,"Elaborar um projeto de lei que o apostador de jogos em loterias, deverá fornecer o seu CPF e telefone ou e-mail, de modo que seja avisado pelos canais oficias, em resgatar o seu prêmio, no prazo estipulado de 90 dias. Neste caso, ele não precisará apresentar o original, se fornecido o CPF no momento da aposta. Ficando dessa forma, o prêmio nominal ao seu ganhador.",PL 713/2022,"Estabelece a obrigatoriedade de comunicação ao apostador dos jogos lotéricos federais, caso vencedor, para que resgate seu prêmio dentro do prazo legal.","CÂMARA DOS DEPUTADOS
                  
PROJETO DE LEI n.      , DE 2022.
Estabelece a obrigatoriedade de comunicação ao
apostador  dos  jogos  lotéricos  federais,  caso
vencedor, para que resgate seu prêmio dentro do
prazo legal.
Art. 1º. Ficam a Caixa Econômica Federal e os permissionários lotéricos obrigados a comunicar
aos apostadores ganhadores dos jogos lotéricos federais a abertura do prazo e a quantidade máxima de
dias para o resgate do prêmio.
§ 1º  A comunicação de que trata  o  caput deste  art.  1º  poderá  ser  realizada por  e-mail,  por
mensagem de texto via telefone móvel ou p",0.5
4,1,"Elaborar um projeto de lei que o apostador de jogos em loterias, deverá fornecer o seu CPF e telefone ou e-mail, de modo que seja avisado pelos canais oficias, em resgatar o seu prêmio, no prazo estipulado de 90 dias. Neste caso, ele não precisará apresentar o original, se fornecido o CPF no momento da aposta. Ficando dessa forma, o prêmio nominal ao seu ganhador.",PL 10007/2018,Dispõe sobre a obrigatoriedade de identificação do apostador nas loterias administradas pela Caixa Econômica Federal por meio da inscrição no Cadastro de Pessoas Físicas do Ministério da Fazenda - CPF.,"PROJETO DE LEI N.º                , DE 2018 
(Do Sr. MOSES RODRIGUES) 
Dispõe sobre a obrigatoriedade de 
identificação do apostador nas loterias 
administradas pela Caixa Econômica 
Federal por meio da inscrição no Cadastro 
de Pessoas Físicas do Ministério da 
Fazenda - CPF. 
O Congresso Nacional decreta: 
Art. 1º É obrigatória a identificação do apostador das loterias 
administradas pela Caixa Econômica Federal, por meio da inscrição no 
Cadastro de Pessoas Físicas do Ministério da Fazenda - CPF, que deverá ser 
registrado no extrato do bilhete de aposta fornecido pela casa lotérica. 
§ 1º.",1.0
4,1,"Elaborar um projeto de lei que o apostador de jogos em loterias, deverá fornecer o seu CPF e telefone ou e-mail, de modo que seja avisado pelos canais oficias, em resgatar o seu prêmio, no prazo estipulado de 90 dias. Neste caso, ele não precisará apresentar o original, se fornecido o CPF no momento da aposta. Ficando dessa forma, o prêmio nominal ao seu ganhador.",PL 3623/2015,"Altera a Lei nº 6.717, de 12 de novembro de 1979, para estabelecer a obrigatoriedade de identificação do apostador nas casas lotéricas administradas pela Caixa Econômica Federal e possibilitar o pagamento do prêmio ao titular do Cadastro de Pessoa Física - CPF constante na aposta premiada sem a apresentação do respectivo bilhete galardoado.","PROJETO DE LEI Nº        , DE 2015 
(Do Sr. Célio Silveira) 
Altera a Lei nº 6.717, de 12 de novembro 
de 1979, para estabelecer a obrigatoriedade de 
identificação do apostador nas casas lotéricas 
administradas pela Caixa Econômica Federal e 
possibilitar o pagamento do prêmio ao titular do 
Cadastro de Pessoa Física – CPF constante na 
aposta premiada sem a apresentação do 
respectivo bilhete galardoado. 
O Congresso Nacional decreta: 
Art. 1º  O art. 3º da Lei nº 6.717, de 12 de novembro de 
1979, passa a vigorar com as seguintes alterações:  
 “Art. 3º ....................................",1.0
4,1,"Elaborar um projeto de lei que o apostador de jogos em loterias, deverá fornecer o seu CPF e telefone ou e-mail, de modo que seja avisado pelos canais oficias, em resgatar o seu prêmio, no prazo estipulado de 90 dias. Neste caso, ele não precisará apresentar o original, se fornecido o CPF no momento da aposta. Ficando dessa forma, o prêmio nominal ao seu ganhador.",PL 9840/2018,"Dispõe sobre a obrigatoriedade da identificação dos jogos de loteria com o número de inscrição no Cadastro de Pessoas Físicas do Ministério da Fazenda, os apostadores de jogos de loteria explorados pela Caixa Econômica Federal e dá outras providências","Câmara dos Deputados 
Gabinete do Deputado Federal Heuler Cruvinel 
 
PROJETO DE LEI Nº , 2018 
(Do Sr. Heuler Cruvinel) 
 
Dispõe sobre a obrigatoriedade 
da identificação dos jogos de 
loteria com o número de inscrição 
no Cadastro de Pessoas Físicas 
do Ministério da Fazenda, os 
apostadores de jogos de loteria 
explorados pela Caixa Econômica 
Federal e dá outras providências. 
O Congresso Nacional decreta: 
Art. 1º As apostas na Mega-Sena, Lotofácil, Quina, Lotomania, 
Dupla Sena, Loteca, Lotogol, Timemania, Loteria Federal e Loteria Instantânea, 
assim como outras loterias que a Caixa Ec",1.0
4,1,"Elaborar um projeto de lei que o apostador de jogos em loterias, deverá fornecer o seu CPF e telefone ou e-mail, de modo que seja avisado pelos canais oficias, em resgatar o seu prêmio, no prazo estipulado de 90 dias. Neste caso, ele não precisará apresentar o original, se fornecido o CPF no momento da aposta. Ficando dessa forma, o prêmio nominal ao seu ganhador.",PL 1798/2021,"Dispõe sobre a identificação do apostador no comprovante de aposta por meio do número de inscrição no Cadastro de Pessoas Físicas (CPF), do Ministério da Economia.","CÂMARA DOS DEPUTADOS 
Gabinete do dep. Boca Aberta 
 
 
Câmara dos Deputados – Anexo III – Gabinete 384 CEP 70160-900 – Brasília/DF 
Tel (61) 3215-5384 dep.bocaaberta@camara.leg.br 
 
   PROJETO DE LEI Nº        2021. 
 
 
 
 
Dispõe sobre a identificação do apostador no 
comprovante de aposta por meio do número de 
inscrição no Cadastro de Pessoas Físicas (CPF), do 
Ministério da Economia. 
 
 
Art. 1º - Dispõe sobre a identificação do apostador no comprovante de aposta 
por meio do número de inscrição no Cadastro de Pessoas Físicas (CPF), do 
Ministério da Economia.  
 
Art. 2º - São as moda",1.0
4,1,"Elaborar um projeto de lei que o apostador de jogos em loterias, deverá fornecer o seu CPF e telefone ou e-mail, de modo que seja avisado pelos canais oficias, em resgatar o seu prêmio, no prazo estipulado de 90 dias. Neste caso, ele não precisará apresentar o original, se fornecido o CPF no momento da aposta. Ficando dessa forma, o prêmio nominal ao seu ganhador.",PL 1622/2015,"Altera a Lei nº 6.717, de 12 de novembro de 1979, para estabelecer a obrigatoriedade de identificação do apostador nas casas lotéricas administradas pela Caixa Econômica Federal e proíbe a revelação da identidade dos ganhadores de prêmios lotéricos.","CAMARA DOS DEPUTADOS 
 
 
PROJETO DE LEI Nº,                 de 2015. 
(Do Sr. Goulart) 
    
Altera a Lei nº 6.717, de 12 de novembro de 
1979, para estabelecer a obrigatoriedade de 
identificação do apostador nas casas lotéricas 
administradas pela Caixa Econômica Federal 
e proíbe a revelação da identidade dos 
ganhadores de prêmios lotéricos. 
 
O Congresso Nacional decreta:  
  
Art. 1º Esta Lei altera a Lei nº 6.717, de 12 de novembro de 1979, para 
estabelecer sobre a obrigatoriedade de identificação do apostador nas casas lotéricas 
administradas pela Caixa Econômica Federal e proíbe a",0.5
4,1,"Elaborar um projeto de lei que o apostador de jogos em loterias, deverá fornecer o seu CPF e telefone ou e-mail, de modo que seja avisado pelos canais oficias, em resgatar o seu prêmio, no prazo estipulado de 90 dias. Neste caso, ele não precisará apresentar o original, se fornecido o CPF no momento da aposta. Ficando dessa forma, o prêmio nominal ao seu ganhador.",PL 4490/2008,Introduz campo para registro opcional de CPF e CNPJ nos volantes de apostas das loterias ou quaisquer concursos de prognósticos administrados pela Caixa Econômica Federal.,"PROJETO DE LEI Nº            , DE 2008
(Do Sr. Ratinho Junior)
Introduz  campo  para  registro  opcional 
de CPF e CNPJ nos volantes de apostas das 
loterias  ou  quaisquer  concursos  de 
prognósticos  administrados  pela  Caixa 
Econômica Federal.
O Congresso Nacional decreta:
Art. 1º Fica estabelecida a obrigatoriedade de introdução de 
campo para  preenchimento  do  número  de  CPF ou CNPJ pelo  apostador  das 
loterias  ou  quaisquer  concursos  de  prognósticos  administrados  pela  Caixa 
Econômica Federal. 
Parágrafo único.  O registro  do número de CPF ou CNPJ 
será feito de forma opc",1.0
5,1,"O Deputado Daniel Sarmento solicita consulta indagando os seguintes pontos:
- quais as regras distribuição do Fundo Partidário?
- quais as regras de distribuição do Fundo Especial de Financiamento de Campanha?",PL 5179/2009,"Altera a Lei nº 9.504, de 30 de setembro de 1995, que ""Estabelece normas para as eleições"".","PROJETO DE LEI N.º________, DE 2009
(da Sr.ª Deputada Vanessa Grazziotin)
Altera a Lei n.º 9.504, de 30 de setembro de 1995, que
“Estabelece normas para as eleições”.
O CONGRESSO NACIONAL DECRETA:
Art. 1º A Lei n.º 9.504, de 30 de setembro de 1995, passa a vigorar com
as seguintes alterações:
“Art. 23.........................................................................
.....................................................................................
§ 1º .............................................................................
III – No caso de pessoas jurídica ou grupo de sociedade",0.0
5,1,"O Deputado Daniel Sarmento solicita consulta indagando os seguintes pontos:
- quais as regras distribuição do Fundo Partidário?
- quais as regras de distribuição do Fundo Especial de Financiamento de Campanha?",PL 825/2021,"Altera as Leis n º 9.504, de 30 de
setembro de 1997, e 9.096, de 19 de
setembro de 1995, para estabelecer que a
mudança de partido efetuada durante o
período de trinta dias que antecede o prazo
de filiação exigido em lei para concorrer à
eleição, majoritária ou proporcional, ao
término do mandato vigente, será
considerada para fins de distribuição
partidária dos recursos do Fundo Partidário e
do Fundo Especial de Financiamento de 
Campanha.","PROJETO DE LEI Nº          , DE 2021 
(Do Sr. CORONEL TADEU) 
Altera as Leis n º 9.504, de 30 de 
setembro de 1997, e 9.096, de 19 de 
setembro de 1995, para estabelecer que a 
mudança de partido efetuada durante o 
período de trinta dias que antecede o prazo 
de filiação exigido em lei para concorrer à 
eleição, majoritária ou proporcional, ao 
término do mandato vigente, será 
considerada para fins de distribuição 
partidária dos recursos do Fundo Partidário e 
do Fundo Especial de Financiamento de 
Campanha.  
O Congresso Nacional decreta: 
Art. 1º Esta Lei modifica as Leis n º 9.504, de 30",1.0
5,1,"O Deputado Daniel Sarmento solicita consulta indagando os seguintes pontos:
- quais as regras distribuição do Fundo Partidário?
- quais as regras de distribuição do Fundo Especial de Financiamento de Campanha?",PL 4398/2020,"Altera a Lei nº 9.096, de 19 de setembro de 1995, e a Lei nº 9.504, de 30 de setembro de 1997, para disciplinar a aplicação dos recursos do Fundo Especial de Assistência Financeira aos Partidos Políticos (Fundo Partidário) e do Fundo Especial de Financiamento de Campanha - FECP e a distribuição da propaganda eleitoral no rádio e na televisão por sexo, proporcionalmente entre as candidaturas de população negra e as das demais.","CÂMARA DOS DEPUTADOS
PROJETO DE LEI Nº , DE 2020
(Do Senhor André Figueiredo)
   
Altera a Lei nº 9.096, de 19 de
setembro de 1995, e a Lei nº 9.504, de
30  de  setembro  de  1997,  para
disciplinar a aplicação dos recursos do
Fundo  Especial  de  Assistência
Financeira aos Partidos Políticos (Fundo
Partidário)  e  do  Fundo  Especial  de
Financiamento de Campanha – FECP e
a  distribuição  da  propaganda  eleitoral
no  rádio  e  na  televisão  por  sexo,
proporcionalmente  entre  as
candidaturas de população negra e as
das demais.
O CONGRESSO NACIONAL decreta:
Art. 1º Esta Lei altera a Lei nº ",1.0
5,1,"O Deputado Daniel Sarmento solicita consulta indagando os seguintes pontos:
- quais as regras distribuição do Fundo Partidário?
- quais as regras de distribuição do Fundo Especial de Financiamento de Campanha?",PL 2222/2007,"Dispõe sobre as regras para adoção do financiamento misto das campanhas eleitorais, parte com recursos públicos e parte com recursos privados.","PROJETO DE LEI No     , DE 2007 
(Do Sr.  Sebastião Bala Rocha) 
Dispõe sobre as regras para adoção 
do financiamento misto das campanhas 
eleitorais, parte com recursos públicos e 
parte com recursos privados. 
O Congresso Nacional decreta: 
Art. 1º Os artigos 17, 19, 20, 23 e 28 da Lei 9.504, de 30 
de setembro de 1997, passam a vigorar com a seguinte redação, incluindo-se o 
art. 17-B e revogando-se o § 2º do art. 23 e artigo 81 na referida Lei: 
“Art. 17 .................................................................. 
§ 1º Nos anos em que se realizarem eleições, a lei 
orçamentária e se",0.5
5,1,"O Deputado Daniel Sarmento solicita consulta indagando os seguintes pontos:
- quais as regras distribuição do Fundo Partidário?
- quais as regras de distribuição do Fundo Especial de Financiamento de Campanha?",PL 10038/2018,"Altera a Lei nº 9.504, de 30 de setembro de 1997 (Lei das Eleições), para impedir o repasse pelos partidos políticos de recursos públicos (do Fundo Partidário e do Fundo Eleitoral), para campanhas eleitorais de candidatos que tenham sido condenados judicialmente pelo cometimento de crimes previstos na Lei de Inelegibilidades, de ilícitos de natureza eleitoral ou de atos de improbidade administrativa.","PROJETO DE LEI Nº          , DE 2018 
(Do Sr. DIEGO GARCIA) 
Altera a Lei nº 9.504, de 30 de 
setembro de 1997 (Lei das Eleições), para 
impedir o repasse pelos partidos políticos de 
recursos públicos (do Fundo Partidário e do 
Fundo Eleitoral), para campanhas eleitorais 
de candidatos que tenham sido condenados 
judicialmente pelo cometimento de crimes 
previstos na Lei de Inelegibilidades, de 
ilícitos de natureza eleitoral ou de atos de 
improbidade administrativa. 
O Congresso Nacional decreta: 
Art. 1º Esta Lei altera a Lei nº 9.504, de 30 de setembro de 
1997 (Lei das Eleições), para im",0.5
5,1,"O Deputado Daniel Sarmento solicita consulta indagando os seguintes pontos:
- quais as regras distribuição do Fundo Partidário?
- quais as regras de distribuição do Fundo Especial de Financiamento de Campanha?",PL 459/2019,"Altera o art. 41-A da Lei no 9.096, de 19 de setembro de 1995, para modificar os critérios de distribuição dos recursos do Fundo Partidário, reservando 10% (dez por cento) do montante do Fundo para os partidos que cumprirem regras relativas à participação política da comunidade negra.","PROJETO DE LEI Nº       , DE 2019 
(Do Sr. Valmir Assunção)  
Altera o art. 41-A da Lei no 9.096, de 
19 de setembro de 1995, para 
modificar os critérios de distribuição 
dos recursos do Fundo Partidário, 
reservando 10% (dez por cento) do 
montante do Fundo para os partidos 
que cumprirem regras relativas à 
participação política da comunidade 
negra.  
O Congresso Nacional decreta:  
Art. 1o Esta Lei altera o art. 41-A da Lei no 9.096, de 19 de  
setembro de 1995, para modificar os critérios de distribuição do Fundo  
Partidário, passando a reservar o montante de 10% (dez por cento) do Fund",0.5
5,1,"O Deputado Daniel Sarmento solicita consulta indagando os seguintes pontos:
- quais as regras distribuição do Fundo Partidário?
- quais as regras de distribuição do Fundo Especial de Financiamento de Campanha?",PL 10190/2018,"Altera o art. 41-A da Lei nº 9.096, de 19 de setembro de 1995, para modificar os critérios de distribuição dos recursos do Fundo Partidário, reservando 10% (dez por cento) do montante do Fundo para os partidos que cumprirem regras relativas à participação política da comunidade negra.","PROJETO DE LEI Nº          , DE 2018 
(Da Sra. TIA ERON) 
Altera o art. 41-A da Lei nº 9.096, de 19 
de setembro de 1995, para modificar os 
critérios de distribuição dos recursos do 
Fundo Partidário, reservando 10% (dez por 
cento) do montante do Fundo para os 
partidos que cumprirem regras relativas à 
participação política da comunidade negra.   
O Congresso Nacional decreta: 
Art. 1º Esta Lei altera o art. 41-A da Lei nº 9.096, de 19 de 
setembro de 1995, para modificar os critérios de distribuição do Fundo 
Partidário, passando a reservar o montante de 10% (dez por cento) do Fundo 
para ",0.5
5,1,"O Deputado Daniel Sarmento solicita consulta indagando os seguintes pontos:
- quais as regras distribuição do Fundo Partidário?
- quais as regras de distribuição do Fundo Especial de Financiamento de Campanha?",PEC 352/2013,"Altera os arts. 14, 17, 27, 29, 45 e 121 da Constituição Federal, para tornar o voto facultativo, modificar o sistema eleitoral e de coligações, dispor sobre o financiamento de campanhas eleitorais, estabelecer cláusulas de desempenho para candidatos e partidos, prazo mínimo de filiação partidária e critérios para o registro dos estatutos do partido no Tribunal Superior Eleitoral, determinar a coincidência das eleições e a proibição da reeleição para cargos do Poder Executivo, regular as competências da Justiça Eleitoral e submeter a referendo as alterações relativas ao sistema eleitoral.","1 
 
 
GRUPO DE TRABALHO DESTINADO A ESTUDAR E ELABORAR 
PROPOSTAS REFERENTES À REFORMA POLÍTICA E À 
CONSULTA POPULAR SOBRE O TEMA 
 
RELATÓRIO 
 
 
 
Por Ato da Presidência da Câmara dos Deputados de 9 
de julho de 2013, foi criado o Grupo de Trabalho destinado a estudar e 
apresentar propostas referentes à reforma política e à consulta popular 
sobre o tema, sob a Coordenação do Deputado Cândido Vaccarezza. 
Participaram das deliberações do Grupo os Deputados 
Alfredo Sirkis, Antonio Brito, Daniel Almeida, Esperidião Amin, Guilherme 
Campos, Izalci, Júlio Delgado, Leonardo Gadelha, Luciano ",0.5
5,1,"O Deputado Daniel Sarmento solicita consulta indagando os seguintes pontos:
- quais as regras distribuição do Fundo Partidário?
- quais as regras de distribuição do Fundo Especial de Financiamento de Campanha?",PL 1951/2021,"Altera a Lei nº 4.737, de 15 de julho de 1965 (Código Eleitoral), a Lei nº 9.096, de 19 de setembro de 1995 (Lei dos Partidos Políticos), e a Lei nº 9.504, de 30 de setembro de 1997 (Lei das Eleições), para determinar que, nas eleições proporcionais, cada partido deverá reservar percentual mínimo para candidaturas de cada sexo, bem como para estabelecer reserva de cadeiras para mulheres na Câmara dos Deputados, nas Assembleias Legislativas, na Câmara Legislativa do Distrito Federal e nas Câmaras Municipais.","Altera  a  Lei  nº  4.737,  de  15  de  julho  de
1965 (Código Eleitoral), a Lei nº 9.096, de
19 de setembro de 1995 (Lei dos Partidos
Políticos),  e  a  Lei  nº  9.504,  de  30  de
setembro de 1997 (Lei das Eleições), para
determinar que, nas eleições proporcionais,
cada  partido  deverá  reservar  percentual
mínimo  para  candidaturas  de  cada  sexo,
bem  como  para  estabelecer  reserva  de
cadeiras  para  mulheres  na  Câmara  dos
Deputados,  nas  Assembleias  Legislativas,
na Câmara Legislativa do Distrito Federal e
nas Câmaras Municipais.
O Congresso Nacional decreta:
Art. 1º A Lei nº 4",0.0
5,1,"O Deputado Daniel Sarmento solicita consulta indagando os seguintes pontos:
- quais as regras distribuição do Fundo Partidário?
- quais as regras de distribuição do Fundo Especial de Financiamento de Campanha?",PL 1238/2020,Cria o Fundo Extraordinário de Apoio a Pandemias e veda o corte de salários dos servidores públicos.,"CÂMARA DOS DEPUTADOS 
Gabinete do Deputado Alexandre Frota – PSDB/SP 
 
 
Câmara dos Deputados - Anexo IV – 2º andar – Gabinete 216| 70160-900 Brasília -DF 
Tel (61) 3215-5216 – Fax (61) 3215-2216 - dep.alexandrefrota@camara.leg.br 
PROJETO DE LEI Nº          , DE 2020 
(Do Sr. Alexandre Frota) 
 
Cria o Fundo Extraordinário de 
Apoio a Pandemias e veda o corte de 
salários dos servidores públicos. 
 
O Congresso Nacional decreta: 
 
Art. 1º Esta Lei Cria o Fundo Extraordinário de Apoio a Pandemias, 
de natureza contábil, com o objetivo de financiar as ações e serviços públicos de 
combate a p",0.0
6,1,"A deputada gostaria de solicitar um pl para melhorar a segurança dos torcedores nos estádios, pois tem havido muitas brigas e confusões e as famílias não estão podendo frequentar.",PL 327/2003,Dispõe sobre a proibição de comercialização de bebidas alcóolicas em estádios de futebol e ginásios esportivos.,"PROJETO DE LEI Nº           , DE  2003 
            (Do Sr. PASTOR REINALDO) 
 
 
 
  
Dispõe sobre a proibição de comercialização 
de bebidas alcóolicas em estádios de futebol e 
ginásios esportivos. 
 
 
    O Congresso Nacional decreta: 
 
 
    Art. 1º -  É vedada a comercialização  e o uso de 
bebidas alcoólicas no interior de estádios de futebol, ginásios e praças de 
esportes, assim como no raio de 1 (um) quilometro de sua localização, por 
ocasião dos eventos esportivos. 
 
 
     Art. 2º - Esta lei entra em vigor na data de sua 
publicação. 
 
 
 
     JUSTIFICAÇÃO 
 
     Não é mais ",1.0
6,1,"A deputada gostaria de solicitar um pl para melhorar a segurança dos torcedores nos estádios, pois tem havido muitas brigas e confusões e as famílias não estão podendo frequentar.",PL 6614/2016,"Assegura, nos termos da Constituição Federal, o livre acesso de torcedores aos estádios de futebol, em dias de jogos.","CAMARA DOS DEPUTADOS 
 
 
PROJETO DE LEI Nº,                 de 2016. 
(Do Sr. Goulart) 
    
Assegura, nos termos da Constituição 
Federal, o livre acesso de torcedores 
aos estádios de futebol, em dias de 
jogos. 
  
O Congresso Nacional decreta:  
  
Art. 1º O Poder Público assegurará, amparado nos princípios do artigo 
5º, caput, incisos XVII e XLI, e artigo 6º, caput, da Constituição Federal, o livre 
acesso de torcedores, independentemente da forma de organização, nos estádios 
de futebol, em dias de partidas programadas, vedada qualquer forma de 
exclusividade no ingresso de determinada",0.5
6,1,"A deputada gostaria de solicitar um pl para melhorar a segurança dos torcedores nos estádios, pois tem havido muitas brigas e confusões e as famílias não estão podendo frequentar.",PL 10089/2018,"Altera a Lei nº 10.671, de 15 de maio de 2003, que dispõe sobre o Estatuto de Defesa do Torcedor, para obrigar a entidade responsável pela organização do evento a instalar aparelhos de identificação biométrica que identifiquem os torcedores impedidos judicialmente de frequentar estádios esportivos.","PROJETO DE LEI Nº      , DE 2018 
(Do Sr. Danrlei de Deus Hinterholz) 
Altera a Lei nº 10.671, de 15 de maio 
de 2003, que dispõe sobre o Estatuto de 
Defesa do Torcedor, para obrigar a entidade 
responsável pela organização do evento a 
instalar aparelhos de identificação biométrica 
que identifiquem os torcedores impedidos 
judicialmente de frequentar estádios 
esportivos.   
O Congresso Nacional decreta: 
Art. 1º O artigo 16 da Lei nº 10.671, de 15 de maio de 2003, 
passa a vigorar acrescido do seguinte inciso VI: 
“Art.16 ....................................................................",1.0
6,1,"A deputada gostaria de solicitar um pl para melhorar a segurança dos torcedores nos estádios, pois tem havido muitas brigas e confusões e as famílias não estão podendo frequentar.",PL 6986/2010,"Acrescenta dispositivo à Lei nº 10.671, de 15 de maio de 2003, que dispõe sobre o Estatuto de Defesa do Torcedor.","PROJETO DE LEI Nº         , DE 2010
(Do Sr. Fábio Faria)
Acrescenta dispositivo à Lei nº
10.671, de 15 de maio de 2003, que
dispõe sobre o Estatuto de Defesa do
Torcedor.
O Congresso Nacional decreta:
Art. 1º O art. 38 da Lei nº 10.671, de 15 de maio de 2003 passa
a vigorar :
“Art. 38 A torcida organizada, devidamente identificada, que
incitar a pratica de violência, invadir local restrito aos competidores ou promover
tumulto, ficará impedido de comparecer às proximidades, bem como a qualquer local
em que se realize evento esportivo, pelo prazo de três meses a um ano.
§ 1º A torcida organizada",1.0
6,1,"A deputada gostaria de solicitar um pl para melhorar a segurança dos torcedores nos estádios, pois tem havido muitas brigas e confusões e as famílias não estão podendo frequentar.",PL 555/2003,"Acrescenta inciso ao artigo 92 do Código Penal, para impedir o torcedor condenado por crime de freqüentar estádios.","PROJETO DE LEI Nº      , DE 2003  
(Do Sr. JOÃO HERRMANN NETO) 
Acrescenta inciso ao artigo 92 do Código 
Penal, para impedir o torcedor condenado por crime 
de freqüentar estádios. 
O Congresso Nacional decreta: 
“Art. 1 ° Acrescenta o inciso IV ao art. 92 do Decr eto-Lei 
n° 2.848, de 7 de dezembro de 1940 - Código Penal. 
Art. 92 ............................................................................................. 
................................................................................................................................................ 
 
IV - a obrigatoriedade",1.0
6,1,"A deputada gostaria de solicitar um pl para melhorar a segurança dos torcedores nos estádios, pois tem havido muitas brigas e confusões e as famílias não estão podendo frequentar.",PL 1587/2015,"Altera a Lei nº 10.671, de 15 de maio de 2003, que dispõe sobre o Estatuto de Defesa do Torcedor, revogando dispositivos que dispõem sobre torcida organizada, e dá outras providências.","PROJETO DE LEI Nº                       DE 2015 
(Do Sr. Major Olimpio) 
 
Altera a Lei nº 10.671, de 15 de maio de 2003, 
que dispõe sobre o Estatuto de Defesa do Torcedor, 
revogando dispositivos que dispõem sobre torcida 
organizada, e dá outras providências. 
 
 
O Congresso Nacional decreta: 
 
Art. 1º Esta Lei altera a Lei nº 10.671, de 15 de maio de 2003, 
revogando dispositivos que dispõem sobre torcida organizada, e dá outras 
providências. 
Art. 2º Revogam-se os arts. 2º-A, 39-A e 39-B, da Lei nº 10.671, de 
15 de maio de 2003. 
Art. 3º Esta lei não exclui a responsabilidade civil, d",1.0
6,1,"A deputada gostaria de solicitar um pl para melhorar a segurança dos torcedores nos estádios, pois tem havido muitas brigas e confusões e as famílias não estão podendo frequentar.",PL 3083/2015,"Estabelece normas de acesso dos torcedores em estádio de futebol, cria o Cadastro Único do Torcedor e a Carteira Nacional do Torcedor.","1 
                
 
 
PROJETO DE LEI Nº          , DE 2015 
(Do Sr. Danrlei De Deus Hinterholz e Rogério Rosso) 
 
 
Estabelece normas de acesso dos 
torcedores em estádio de futebol, cria o 
Cadastro Único do Torcedor e a Carteira 
Nacional do Torcedor. 
 
O Congresso Nacional Decreta: 
Art. 1º Esta Lei cria normas de acesso aos estádios de futebol, cria o 
Cadastro Único de Torcedor e a Carteira Nacional do Torcedor a serem utilizadas por 
torcedores em geral, membro de torcida organizada e sócio torcedor. 
Art. 2º O acesso aos estádios de futebol somente poderá ocorrer quando 
realizados ",1.0
6,1,"A deputada gostaria de solicitar um pl para melhorar a segurança dos torcedores nos estádios, pois tem havido muitas brigas e confusões e as famílias não estão podendo frequentar.",PL 3462/2012,"Altera a Lei Federal nº 10.671 de 15 de maio de 2003 que ""Dispõe sobre o Estatuto de Defesa do Torcedor e dá outras providências"".","PROJETO DE LEI Nº  , DE 2012 
(Do Sr. André Moura) 
 
 
Altera a Lei Federal n.º 10.671 de 
2003 que “Dispõe sobre o Estatuto de 
Defesa do Torcedor e dá outras 
providências”. 
 
 
O Congresso Nacional decreta: 
 
Art. 1º Acrescentem-se os parágrafos 2º e 3º ao art. 2º-A da Lei 10.671 de 
2003, renumerando-se o parágrafo único para § 1º:  
 .............................................................................................................. 
 
“§ 2º - Toda Torcida Organizada deverá realizar o 
recadastramento de seus integrantes nos meses de Janeiro e Agosto de 
cada ano.”  
 
“§ 3º ",1.0
6,1,"A deputada gostaria de solicitar um pl para melhorar a segurança dos torcedores nos estádios, pois tem havido muitas brigas e confusões e as famílias não estão podendo frequentar.",PL 6569/2009,"Acrescenta dispositivo à Lei nº 10.671, de 15 de maio de 2003, que dispõe sobre o Estatuto de Defesa do Torcedor.","PROJETO DE LEI No         , DE 2009
(Do Sr. Ratinho Junior)
Acrescenta dispositivo à Lei nº
10.671, de 15 de maio de 2003, que dispõe
sobre o Estatuto de Defesa do Torcedor.
O Congresso Nacional decreta:
Art. 1º O § 2º do art. 23 da Lei nº 10.671, de 15 de maio
de 2003,  passa a vigorar acrescido do seguinte inciso III:
“Art. 23 ................................................................................
§ 2º .....................................................................................
III – que tenham sido colocados à venda ingressos para
torcedores de mais de uma equipe para o me",1.0
6,1,"A deputada gostaria de solicitar um pl para melhorar a segurança dos torcedores nos estádios, pois tem havido muitas brigas e confusões e as famílias não estão podendo frequentar.",PL 8144/2017,"Altera o Decreto Lei nº 2.848 de 7 de dezembro de 1940 (Código Penal), para acrescentar qualificadora ao tipo penal do art. 163 (crime de dano).","CÂMARA DOS DEPUTADOS 
GABINETE DO DEPUTADO MARCO ANTÔNIO CABRAL – PMDB/RJ 
 
 
PROJETO DE LEI, Nº                      , DE 2017. 
                                                                    
Altera o Decreto Lei nº 2.848 de 7 de 
dezembro de 1940 (Código Penal), para 
acrescentar qualificadora ao tipo penal do 
art. 163 (crime de dano).  
 
 O CONGRESSO NACIONAL decreta: 
 
Art. 1º. O art. 163 do Decreto Lei nº 2.848 de 7 de dezembro de 1940 (Código 
Penal) acrescido do inciso V: 
 
“V - contra arenas esportivas em dias de atividades.” 
 
  
Art. 2º Esta Lei entra em vigor na data de ",0.0
7,1,Para criar uma lei geral dos conselhos de fiscalização profissional ,PL 2508/2007,Autoriza o Poder Executivo a Criar o Conselho Federal de Pedagogia e os Conselhos Regionais de Pedagogia.,"PROJETO DE LEI Nº      , DE 2007 
(Do Sr. Mauro Nazif) 
Autoriza o Poder Executivo a criar o 
Conselho Federal de Pedagogia e os 
Conselhos Regionais de Pedagogia. 
O Congresso Nacional decreta: 
Art. 1º É o Poder Executivo autorizado a criar o Conselho 
Federal de Pedagogia e os Conselhos Regionais de Pedagogia, órgãos 
responsáveis pela orientação, disciplina e fiscalização do exercício da profissão 
de Pedagogo. 
Art. 2º Com o objetivo de exercer as atribuições previstas 
no art. 1º, o Poder Executivo fica autorizado a: 
I – criar os cargos de direção indispensáveis ao 
funcionamento do Con",0.5
7,1,Para criar uma lei geral dos conselhos de fiscalização profissional ,INC 4497/2017,Sugere o envio de projeto de lei com o objetivo de criar um conselho de fiscalização profissional de atividades de tradução e interpretação da Língua Brasileira de Sinais (Libras).,"COMISSÃO DE DEFESA DOS DIREITOS DAS PESSOAS COM DEFICIÊNCIA - 
CPD 
 
INDICAÇÃO Nº    , DE 2017 
(Da Comissão de Defesa dos Direitos das Pessoas com Deficiência) 
 
 
Sugere o envio de projeto de lei com o 
objetivo de criar um conselho de fiscalização 
profissional de atividades de tradução e 
interpretação da Língua Brasileira de Sinais 
(Libras). 
Excelentíssimo Senhor Ministro-chefe da Casa Civil: 
As demandas de atuação do tradutor, guia-intérprete e 
intérprete de Libras vêm crescendo significativamente devido à inclusão social 
de surdos e surdocegos em diferentes contextos sociais.  
E",0.5
7,1,Para criar uma lei geral dos conselhos de fiscalização profissional ,PL 1854/2019,"Dispõe sobre a regulamentação do exercício da profissão de Vendedor de Veículos Automotores, e a criação do Conselhos Federal e dos Conselhos regionais dos Vendedores de Veículos Automotores e dá outras providencias.","PROJETO DE LEI N°         , DE 2019  
  
(Do Sr. Vinicius Farah)  
  
  
  
  
  
Dispõe sobre a regulamentação do 
exercício da profissão de Vendedor de 
Veículos Automotores, e a criação do 
Conselhos Federal e dos Conselhos 
regionais dos Vendedores de Veículos 
Automotores e dá outras providencias.  
  
  
  
  
     O CONGRESSO NACIONAL decreta:  
  
  
  
  Art. 1º É livre, em todo o território nacional, o exercício da profissão de Vendedor 
de Veículos Automotores, observadas as disposições desta Lei.  
  
   Art. 2° O exercício da profissão de Vendedor de Veículos Automotores é 
condic",0.5
7,1,Para criar uma lei geral dos conselhos de fiscalização profissional ,PL 7900/2014,"Autoriza o Poder Executivo a criar o Conselho Federal de Pedagogia e os Conselhos Regionais de Pedagogia,","PROJETO DE LEI Nº      , DE 2014 
(Do Sr. Ricardo Izar) 
Autoriza o Poder Executivo a criar o 
Conselho Federal de Pedagogia e os 
Conselhos Regionais de Pedagogia.  
O Congresso Nacional Decreta: 
Art. 1º Fica o poder Executivo autorizado a criar o Conselho Federal de 
Pedagogia e os Conselhos Regionais de Pedagogia, órgãos responsáveis pela 
orientação , disciplina e fiscalização do exercício da profissão de pedagogo. 
 
Art . 2º Com o objetivo de exercer as atribuições previstas no art. 1º , o 
poder executivo fica autorizado a: 
                    
I- Criar os cargos de direção indispensá",0.5
7,1,Para criar uma lei geral dos conselhos de fiscalização profissional ,INC 3955/2004,"Sugere ao Ministro de Estado do Trabalho e Emprego a elaboração de Projeto de Lei criando o Conselho Federal e os Conselhos Regionais de Fiscalização da Corretagem de Seguros Privados, Capitalização e Previdência Privada e Resseguro.","REQUERIMENTO
(Do Sr. Jovair Arantes)
Requer o envio de Indicação ao
Senhor Ministro do Trabalho e Emprego
Ricardo Berzoini, sugerindo a elaboração de
Projeto de Lei criando o Conselho Federal e
os Conselhos Regionais de Fiscalização da
Corretagem de Seguros Privados,
Capitalização e Previdência Privada e
Resseguro.
Senhor Presidente:
Nos termos do art. 113, inciso I e § 1º, do Regimento
Interno da Câmara dos Deputados, requeiro a V. Exª. que seja encaminhado
ao Poder Executivo a Indicação anexa, sugerindo a elaboração de Projeto de
Lei criando o Conselho Federal e os Conselhos Regionais de Fis",0.5
7,1,Para criar uma lei geral dos conselhos de fiscalização profissional ,PL 1561/2003,Dispõe sobre a regulamentação das profissões na área de Informática e suas correlatas e assegura ampla liberdade para o respectivo exercício profissional,"PROJETO DE LEI N.º                  DE 2003
(Do Sr. Deputado Ronaldo Vasconcellos)
Dispõe sobre a regulamentação das profissões na área de Informática e suas
correlatas e assegura ampla liberdade para o respectivo exercício profissional
O Congresso Nacional decreta:
Art. 1º - É livre em todo o território nacional o exercício de qualquer atividade
econômica, ofício ou profissão relacionada com a Informática, independentemente de
diploma de curso superior, comprovação de educação formal ou registro em conselhos
de profissão.
Art. 2º - O exercício das profissões de Informática em todas as suas at",0.0
7,1,Para criar uma lei geral dos conselhos de fiscalização profissional ,INC 5446/2009,Sugere ao Ministério do Trabalho e Emprego o encaminhamento de projeto de lei ao Congresso Nacional com o objetivo de criar o Conselho Federal e os Conselhos Regionais de Secretariado.,"REQUERIMENTO
(Do Sr. Raul Henry)
Requer o envio de Indicação ao
Ministério do Trabalho e Emprego a fim
de sugerir o encaminhamento de
projeto de lei ao Congresso Nacional
com o objetivo de criar o Conselho
Federal e os Conselhos Regionais de
Secretariado.
Senhor Presidente:
Nos termos do art. 113, inciso I e § 1o, do Regimento
Interno da Câmara dos Deputados, requeiro a Vossa Excelência seja
encaminhada ao Ministério do Trabalho e Emprego a Indicação anexa
sugerindo que se sejam adotadas as providências necessárias para o
encaminhamento de projeto de lei ao Congresso Nacional com o objetivo de",0.5
7,1,Para criar uma lei geral dos conselhos de fiscalização profissional ,PL 4062/2021,Regulamenta o reconhecimento dos contratos de trabalho dos empregados dos Conselhos Federais e Regionais de Fiscalização Profissional.,"CÂMARA DOS DEPUTADOS
PROJETO DE LEI Nº                de 2021
(Do Sr. André Figueiredo)
Regulamenta  o  reconhecimento
dos  contratos  de  trabalho  dos
empregados  dos  Conselhos
Federais  e  Regionais  de
Fiscalização Profissional.
O Congresso Nacional decreta:
Art.  1º.  É  reconhecido  como  legal,  válido  e  regular  o  vínculo
empregatício  dos  trabalhadores  admitidos  sem  concurso  público,
pelos Conselhos Federais e Regionais de Fiscalização Profissional,
no período compreendido entre 5 de outubro de 1988 e 28 de março
de 2003, através de contrato de trabalho regido pela Consolidaç",0.5
7,1,Para criar uma lei geral dos conselhos de fiscalização profissional ,INC 5909/2005,Sugere ao Poder Executivo o encaminhamento de Projeto de Lei criando os Conselhos Regionais e Federal de Massoterapia.,"Requerimento
(Da Sra. Selma Schons)
Requer o envio de Indicação ao Ministério
do Trabalho e Emprego, relativa à criação dos
Conselhos Regionais e Federal de Massoterapia.
Senhor Presidente:
Nos termos do art. 113, inciso I e § 1º, do Regimento Interno da
Câmara dos Deputados, Requeiro a V. Exª seja encaminhada ao Poder
Executivo a Indicação em anexo, sugerindo a criação dos conselhos Regionais e
Federal de Massoterapia.
Sala das Sessões, em ............... de agosto de 2005
Deputada Selma Schons (PT-PR)
Indicação Nº           , de 30 de agosto de 2005
(Da Sra. Selma Schons)
Sugere ao Poder Exe",0.5
7,1,Para criar uma lei geral dos conselhos de fiscalização profissional ,PL 3747/2015,Regulamenta a profissão de Biotecnologista e cria os Conselhos Federais e Regionais de Biotecnologia.,"PROJETO DE LEI Nº      , DE 2015 
(Do Sr. DANILO FORTE) 
Regulamenta a profissão de 
Biotecnologista e cria os Conselhos 
Federais e Regionais de Biotecnologia. 
O Congresso Nacional decreta: 
Art. 1º Esta lei regulamenta o exercício da profissão de 
Biotecnologia e cria os Órgãos Fiscalizadores da mesma. 
Art. 2°. A Biotecnologia é o conjunto de tecnologias que 
utilizam sistemas biológicos, organismos vivos ou seus derivados para a 
produção ou modificação de produtos e processos para uso específico, bem 
como para gerar novos serviços de alto impacto em diversos segmentos 
industriais. 
CAP",0.5
8,1,"Favor elaborar projeto de decreto legislativo para sustar os efeitos da Portaria 666, de 2019, que dispõe sobre o impedimento de ingresso, a repatriação e a deportação sumária de pessoa perigosa ou que tenha praticado ato contrário aos princípios e objetivos dispostos na Constituição Federal.",PDL 493/2019,"Susta os efeitos da Portaria do Ministério da Justiça, nº 666, de 25 de julho de 2019, que ""Dispõe sobre o impedimento de ingresso, a repatriação e a deportação sumária de pessoa perigosa ou que tenha praticado ato contrário aos princípios e objetivos dispostos na Constituição Federal"".","CÂMARA DOS DEPUTADOS 
Gabinete do Dep. JOSÉ GUIMARÃES 
 
 
PROJETO DE DECRETO LEGISLATIVO Nº                   , DE 2019 
(do Sr. José Guimarães) 
 
 
 
Susta os efeitos da Portaria do Ministério da Justiça, 
nº 666, de 25 de julho de 2019, que “Dispõe sobre o 
impedimento de ingresso, a repatriação e a 
deportação sumária de pessoa perigosa ou que tenha 
praticado ato contrário aos princípios e objetivos 
dispostos na Constituição Federal”. 
 
 
 
O CONGRESSO NACIONAL decreta: 
Art. 1° Com fundamento no inciso V do art. 49 da Constituição Federal, ficam sustados 
os efeitos da Portaria do Min",1.0
8,1,"Favor elaborar projeto de decreto legislativo para sustar os efeitos da Portaria 666, de 2019, que dispõe sobre o impedimento de ingresso, a repatriação e a deportação sumária de pessoa perigosa ou que tenha praticado ato contrário aos princípios e objetivos dispostos na Constituição Federal.",PDL 496/2019,"Susta a Portaria Nº 666, de 25 de julho de 2019, do Ministro de Estado da Justiça e Segurança Pública, que ""Dispõe sobre o impedimento de ingresso, a repatriação e a deportação sumária de pessoa perigosa ou que tenha praticado ato contrário aos princípios e objetivos dispostos na Constituição Federal"".","PROJETO DE DECRETO LEGISLATIVO  Nº _______/____ 
(Da Sra. DEPUTADA MARGARIDA SALOMÃO) 
 
Susta a Portaria Nº 666, de 25 de 
julho de 2019, do Ministro de Estado da 
Justiça e Segurança Pública, que “Dispõe 
sobre o impedimento de ingresso, a 
repatriação e a deportação sumária de 
pessoa perigosa ou que tenha praticado 
ato contrário aos princípios e objetivos 
dispostos na Constituição Federal”. 
 
Sr. Presidente, 
O CONGRESSO NACIONAL decreta: 
Art. 1º Fica sustada, nos termos do art. 49, inciso V, da Constituição 
Federal, a Portaria Nº 666, de 25 de julho de 2019, do Ministro de Estado da ",1.0
8,1,"Favor elaborar projeto de decreto legislativo para sustar os efeitos da Portaria 666, de 2019, que dispõe sobre o impedimento de ingresso, a repatriação e a deportação sumária de pessoa perigosa ou que tenha praticado ato contrário aos princípios e objetivos dispostos na Constituição Federal.",PDL 504/2019,"Susta os efeitos da Portaria MJSP/GM nº 666, de 25 de julho de 2019, que ""dispõe sobre o impedimento de ingresso, a repatriação e a deportação sumária de pessoa perigosa ou que tenha praticado ato contrário aos princípios e objetivos dispostos na Constituição Federal"".","1 
 
PROJETO DE DECRETO LEGISLATIVO Nº_______, DE 2019 
(Da Sra. ERIKA KOKAY) 
Susta os efeitos da Portaria MJSP/GM 
nº 666, de 25 de julho de 2019, que “dispõe 
sobre o impedimento de ingresso, a 
repatriação e a deportação sumária de 
pessoa perigosa ou que tenha praticado ato 
contrário aos princípios e objetivos dispostos 
na Constituição Federal”. 
O Congresso Nacional, no uso de suas atribuições e com 
fundamento no artigo 49, incisos V, X e XI, da Constituição Federal, decreta: 
Art. 1º Ficam sustados os efeitos da Portaria nº 666, de 25 de 
julho de 2019, do Ministério da Justiça e Seg",1.0
8,1,"Favor elaborar projeto de decreto legislativo para sustar os efeitos da Portaria 666, de 2019, que dispõe sobre o impedimento de ingresso, a repatriação e a deportação sumária de pessoa perigosa ou que tenha praticado ato contrário aos princípios e objetivos dispostos na Constituição Federal.",PDL 501/2019,"Susta os efeitos da Portaria de 666 de 25 de julho de 2019 do Ministério da Justiça e da Cidadania que ""dispõe sobre o impedimento de ingresso, repatriação e a deportação sumária de pessoa perigosa ou que tenha praticado ato contrário aos princípios e objetivos dispostos na Constituição Federal""","CÂMARA DOS DEPUTADOS 
                Liderança do Partido Socialismo e Liberdade 
                 
 
 
1 
 
  
PROJETO DE DECRETO LEGISLATIVO Nº _____, DE 2019 
(Da bancada do PSOL) 
 
Susta os efeitos da Portaria de 666 de 25 de julho 
de 2019 do Ministério da Justiça e da Cidadania 
que “dispõe sobre o impedimento de ingresso, 
repatriação e a deportação sumária de pessoa 
perigosa ou que tenha praticado ato contrário aos 
princípios e objetivos dispostos na Constituição 
Federal” 
 
O CONGRESSO NACIONAL, no uso de suas atribuições e, com fundamento 
no artigo 49, incisos V, X e XI, da Con",1.0
8,1,"Favor elaborar projeto de decreto legislativo para sustar os efeitos da Portaria 666, de 2019, que dispõe sobre o impedimento de ingresso, a repatriação e a deportação sumária de pessoa perigosa ou que tenha praticado ato contrário aos princípios e objetivos dispostos na Constituição Federal.",PDL 499/2019,"Susta os efeitos da Portaria do Ministério da Justiça, nº 666, de 25 de julho de 2019, que ""Dispõe sobre o impedimento de ingresso, a repatriação e a deportação sumária de pessoa perigosa ou que tenha praticado ato contrário aos princípios e objetivos dispostos na Constituição Federal"".","CÂMARA DOS DEPUTADOS 
 
GABINETE DO DEPUTADO FEDERAL REGINALDO LOPES/PT/MG  
 
PROJETO DE DECRETO LEGISLATIVO NO , DE 2019 
(Do Sr. Reginaldo Lopes) 
 
 
 
Susta os efeitos da Portaria do 
Ministério da Justiça, nº 666, de 25 
de julho de 2019, que “Dispõe 
sobre o impedimento de ingresso, 
a repatriação e a deportação 
sumária de pessoa perigosa ou 
que tenha praticado ato contrário 
aos princípios e objetivos dispostos 
na Constituição Federal”. 
 
 
O CONGRESSO NACIONAL decreta: 
 
 
 
Art. 1° Com fundamento no inciso V do art. 49 da Constituição Federal, susta-se 
os efeitos da Portaria do",1.0
8,1,"Favor elaborar projeto de decreto legislativo para sustar os efeitos da Portaria 666, de 2019, que dispõe sobre o impedimento de ingresso, a repatriação e a deportação sumária de pessoa perigosa ou que tenha praticado ato contrário aos princípios e objetivos dispostos na Constituição Federal.",PDL 498/2019,"""Susta os efeitos da Portaria nº 666, de 25 de julho de 2019, que dispõe sobre o impedimento de ingresso, a repatriação e a deportação sumária de pessoa perigosa ou que tenha praticado ato contrário aos princípios e objetivos dispostos na Constituição Federal"".","CÂMARA DOS DEPUTADOS     Tel. (61) 3215-5941 e 3215-3941 
    Gabinete do deputado Jesus Sérgio      E-mail: dep.jesussergio@camara.leg.br 
 
PROJETO DE DECRETO LEGISLATIVO Nº              , DE 2019 
(Do Sr. Jesus Sérgio) 
 
 
 
 
 
“Susta os efeitos da Portaria nº 666, de 25 
de julho de 2019, que dispõe sobre o 
impedimento de ingresso, a repatriação e a 
deportação sumária de pessoa perigosa ou que 
tenha praticado ato contrário aos princípios e 
objetivos dispostos na Constituição Federal”. 
 
 
 
 
 
O CONGRESSO NACIONAL decreta: 
 
Art. 1º Fica sustado os efeitos da Portaria nº 666, de 2",1.0
8,1,"Favor elaborar projeto de decreto legislativo para sustar os efeitos da Portaria 666, de 2019, que dispõe sobre o impedimento de ingresso, a repatriação e a deportação sumária de pessoa perigosa ou que tenha praticado ato contrário aos princípios e objetivos dispostos na Constituição Federal.",PDL 500/2019,"Susta os efeitos da Portaria MJSP/GM nº 666, de 25 de julho de 2019, que ""dispõe sobre o impedimento de ingresso, a repatriação e a deportação sumária de pessoa perigosa ou que tenha praticado ato contrário aos princípios e objetivos dispostos na Constituição Federal"".","1 
 
 
PROJETO DE DECRETO LEGISLATIVO Nº          , DE 2019 
(Da Sra. TABATA AMARAL) 
Susta os efeitos da Portaria MJSP/GM 
nº 666, de 25 de julho de 2019, que “dispõe 
sobre o impedimento de ingresso, a 
repatriação e a deportação sumária de 
pessoa perigosa ou que tenha praticado ato 
contrário aos princípios e objetivos dispostos 
na Constituição Federal”. 
O Congresso Nacional, no uso de suas atribuições e com 
fundamento no artigo 49, incisos V, X e XI, da Constituição Federal, decreta: 
Art. 1º Ficam sustados os efeitos da Portaria nº 666, de 25 de 
julho de 2019, do Ministério da Justiç",1.0
8,1,"Favor elaborar projeto de decreto legislativo para sustar os efeitos da Portaria 666, de 2019, que dispõe sobre o impedimento de ingresso, a repatriação e a deportação sumária de pessoa perigosa ou que tenha praticado ato contrário aos princípios e objetivos dispostos na Constituição Federal.",PL 5326/2019,"Altera a Lei nº 13.445, de 2017, que institui a Lei de Migração.","Câmara dos Deputados
Gabinete do Deputado Federal José Medeiros
PROJETO DE LEI Nº          , DE 2019
(Do Sr. JOSÉ MEDEIROS)
Altera  a  Lei  nº  13.445,  de  2017,  que
institui a Lei de Migração.
O Congresso Nacional decreta:
Art. 1º Esta Lei altera a Lei nº 13.445, de 24 de maio de 2017,
que  institui  a  Lei  de  Migração,  dando  nova  redação  e  acrescentando
dispositivos relativos ao impedimento de ingresso, à repatriação, à deportação
sumária, à redução ou cancelamento do prazo de estada de pessoa perigosa
para a segurança do Brasil ou de pessoa que tenha praticado ato contrário aos
pri",1.0
8,1,"Favor elaborar projeto de decreto legislativo para sustar os efeitos da Portaria 666, de 2019, que dispõe sobre o impedimento de ingresso, a repatriação e a deportação sumária de pessoa perigosa ou que tenha praticado ato contrário aos princípios e objetivos dispostos na Constituição Federal.",PDL 494/2019,"Susta os efeitos da Portaria nº 666, de 25 de julho de 2019, do Ministro de Estado da Justiça e Segurança Pública, que ""dispõe sobre o impedimento de ingresso, a repatriação e a deportação sumária de pessoa perigosa ou que tenha praticado ato contrário aos princípios e objetivos dispostos na Constituição Federal.","PROJETO DE DECRETO LEGISLATIVO Nº ______, DE 2019 
(Do Senhor ORLANDO SILVA) 
  
Susta os efeitos da Portaria nº 666, de 
25 de julho de 2019, do Ministro de 
Estado da Justiça e Segurança 
Pública, que “dispõe sobre o 
impedimento de ingresso, a 
repatriação e a deportação sumária 
de pessoa perigosa ou que tenha 
praticado ato contrário aos princípios 
e objetivos dispostos na Constituição 
Federal”. 
  
                         O CONGRESSO NACIONAL decreta: 
  
Art. 1º Art. 1º Fica sustada, nos termos do inciso V, do art. 49 da 
Constituição Federal, a Portaria nº 666, de 25 de julho de 201",1.0
8,1,"Favor elaborar projeto de decreto legislativo para sustar os efeitos da Portaria 666, de 2019, que dispõe sobre o impedimento de ingresso, a repatriação e a deportação sumária de pessoa perigosa ou que tenha praticado ato contrário aos princípios e objetivos dispostos na Constituição Federal.",PDL 62/2022,"Susta, nos termos do art. 49, V, da Constituição Federal, a aplicação da Portaria n. 770, de 11 de outubro de 2019, do Ministério da Justiça e Segurança Pública.","CÂMARA DOS DEPUTADOS
       
PROJETO DE DECRETO LEGISLATIVO Nº     , DE 2022
(Do Sr. Carlos Veras)
Susta, nos termos do art. 49,
V,  da  Constituição  Federal,  a
aplicação da Portaria n. 770, de 11
de outubro de 2019, do Ministério
da Justiça e Segurança Pública.  
O Congresso Nacional decreta:
Art.  1º  Fica  sustada,  nos  termos  do  art.  49,  V,  da
Constituição Federal a aplicação da Portaria n. 770, de 11 de outubro de
2019, publicada pelo Ministério da Justiça e Segurança Pública, que dispõe
sobre o impedimento de ingresso, a repatriação e a deportação de pessoa
perigosa ou que tenha ",0.0
9,1,Elaborar Projeto de Lei para permitir a posse e o porte de armas de fogo para os advogados que estejam no regular exercício da profissão.,PL 343/2019,"Altera a Lei nº 10.826, de 22 de dezembro de 2003 e a Lei nº 8.906, de 4 de julho de 1994, incluindo entre os direitos dos advogados a aquisição e o porte de armas de fogo para defesa pessoal, em todo o território nacional.","CÂMARA DOS DEPUTADOS 
Gabinete do Deputado POMPEO DE MATTOS – PDT/RS 
 
Gabinete 704, Anexo IV da Câmara dos Deputados - Praça dos Três Poderes 
Brasília - DF – CEP: 70160-900 • (61) 3215-5704 – 3215-2704 
 
PROJETO DE LEI N°      de 2019. 
(Deputado Pompeo de Mattos)  
 
 
Altera a Lei nº 10.826, de 22 de dezembro de 
2003 e a Lei nº 8.906, de 4 de julho de 1994, 
incluindo entre os direitos dos advogados a 
aquisição e o porte de armas de fogo para 
defesa pessoal, em todo o território nacional. 
.  
 
 
O Congresso Nacional decreta: 
 
 
Art. 1º. Esta Lei altera a Lei nº 10.826, de 22 de de",1.0
9,1,Elaborar Projeto de Lei para permitir a posse e o porte de armas de fogo para os advogados que estejam no regular exercício da profissão.,PL 1336/2019,"Altera o art. 7º da Lei nº 8.906, de 4 de julho de 1994, atribuindo aos advogados o direito de adquirir e portar armas de fogo para defesa pessoal.","Câmara dos Deputados 
        Deputado Federal Heitor Freire - PSL/CE. 
 
 
 
                          
Câmara dos Deputados | Anexo III - Gabinete 367 | CEP 70.160-900 Brasília DF 
Tel (61) 3215-5367     -    Fax: (61) 3215-2367   |  dep.heitorfreire@camara.gov.br 
 
PROJETO DE LEI Nº      , DE 2019 
(Do Sr. Heitor Freire) 
Altera o art. 7º da Lei nº 8.906, de 4 
de julho de 1994, atribuindo aos advogados 
o direito de adquirir e portar armas de fogo 
para defesa pessoal. 
O Congresso Nacional decreta: 
 
Art. 1º   Esta lei altera o art. 7º da Lei nº 8.906, de 4 de julho de 
1994, incluindo ",1.0
9,1,Elaborar Projeto de Lei para permitir a posse e o porte de armas de fogo para os advogados que estejam no regular exercício da profissão.,PL 4426/2020,"Altera a Lei nº 10.826, de 22 de dezembro de 2003 e a Lei nº 8.906, de 4 de julho de 1994, incluindo entre os direitos dos advogados a aquisição e o porte de armas de fogo para defesa pessoal, em todo o território nacional, além de definir as atividades profissionais de risco, para fins do disposto no inciso I do § 1º do art. 10 da Lei nº 10.826, de 2003.","PROJETO DE LEI Nº          , DE 2020
(Do Sr. NEREU CRISPIM)
Altera a Lei nº 10.826, de 22 de dezembro de
2003 e a Lei nº 8.906, de 4 de julho de 1994,
incluindo  entre  os  direitos  dos  advogados  a
aquisição  e  o  porte  de  armas  de  fogo  para
defesa pessoal,  em todo o território  nacional,
além de definir  as  atividades profissionais  de
risco, para fins do disposto no inciso I do § 1º
do art. 10 da Lei nº 10.826, de 2003.
                          
O Congresso Nacional decreta:
Art. 1º. O art. 7º da Lei nº 8.906, de 4 de julho de 1994, passa a
vigorar com a seguinte redação:
“Art. 7",1.0
9,1,Elaborar Projeto de Lei para permitir a posse e o porte de armas de fogo para os advogados que estejam no regular exercício da profissão.,PL 3213/2020,"Altera a Lei nº 10.826, de 22 de dezembro de 2003 e a Lei nº 8.906, de 4 de julho de 1994, incluindo entre os direitos dos advogados a aquisição e o porte de armas de fogo para defesa pessoal, em todo o território nacional.","CÂMARA DOS DEPUTADOS
Deputado Federal Daniel Silveira PSL - RJ
PROJETO DE LEI No            , DE 2020.
(Do Sr. Daniel Silveira)
Altera a Lei nº 10.826, de 22 de
dezembro de 2003 e a Lei nº 8.906, de
4 de julho de 1994, incluindo entre os
direitos dos advogados a aquisição e o
porte  de  armas  de  fogo  para  defesa
pessoal, em todo o território nacional.
O Congresso Nacional decreta:
Art. 1º. Esta Lei altera a Lei nº 10.826, de 22 de dezembro
de 2003 e a Lei nº 8.906, de 4 de julho de 1994, incluindo entre os
direitos dos advogados a aquisição e o porte de armas de fogo para
defesa pessoal, e",1.0
9,1,Elaborar Projeto de Lei para permitir a posse e o porte de armas de fogo para os advogados que estejam no regular exercício da profissão.,PL 6438/2019,"Altera a Lei nº 10.826, de 22 de dezembro de 2003, que dispõe sobre registro, posse e comercialização de armas de fogo e munição, sobre o Sistema Nacional de Armas - Sinarm e define crimes, e dá outras providências.","PROJETO DE LEI
Altera  a  Lei  nº  10.826,  de  22  de
dezembro de 2003, que dispõe sobre
registro, posse e comercialização de
armas  de fogo e  munição,  sobre  o
Sistema Nacional de Armas - Sinarm
e  define  crimes,  e  dá  outras
providências.
O CONGRESSO NACIONAL decreta:
Art. 1º  A Lei nº 10.826, de 22 de dezembro de 2003, passa a
vigorar com as seguintes alterações:
“Art. 4º-A  Os profissionais previstos nos incisos I, II e VI do
caput do art. 6º poderão adquirir até dez armas de fogo de uso
permitido ou restrito, além das respectivas munições, acessórios e
equipamentos de proteção balís",1.0
9,1,Elaborar Projeto de Lei para permitir a posse e o porte de armas de fogo para os advogados que estejam no regular exercício da profissão.,PDL 381/2019,"Susta os efeitos do Decreto nº 9.797, de 21 de maio de 2019, que altera o Decreto nº 9.785, de 7 de maio de 2019, que regulamenta a Lei nº 10.826, de 22 de dezembro de 2003, para dispor sobre a aquisição, o cadastro, o registro, a posse, o porte e a comercialização de armas de fogo e de munição e sobre o Sistema Nacional de Armas e o Sistema de Gerenciamento Militar de Armas, e o Decreto nº 9.607, de 12 de dezembro de 2018, que institui a Política Nacional de Exportação e Importação de Produtos de Defesa.","1 
 
                               PROJETO DE DECRETO LEGISLATIVO Nº      DE 2019  
                     (Do Sr. Patrus Ananias ) 
 
Susta os efeitos do Decreto nº 
9.797, de 21 de maio de 2019, 
que altera o Decreto nº 9.785, de 
7 de maio de 2019, que 
regulamenta a Lei nº 10.826, de 
22 de dezembro de 2003, para 
dispor sobre a aquisição, o 
cadastro, o registro, a posse, o 
porte e a comercialização de 
armas de fogo e de munição e 
sobre o Sistema Nacional de 
Armas e o Sistema de 
Gerenciamento Militar de Armas, 
e o Decreto nº 9.607, de 12 de 
dezembro de 2018, que institui a 
Política",0.5
9,1,Elaborar Projeto de Lei para permitir a posse e o porte de armas de fogo para os advogados que estejam no regular exercício da profissão.,PL 1053/2011,"Altera a Lei nº 10.826, de 22 de dezembro de 2003, para conceder o porte de arma aos Conselheiros Tutelares, e dá outras providências.","PROJETO DE LEI Nº                , DE 2011. 
(Do Sr. Dr. Ubiali) 
 
 
 
 
Altera a Lei n.º 10.826, de 22 de 
dezembro de 2003, para conceder o 
porte de arma aos Conselheiros 
Tutelares, e dá outras providências. 
 
 
 
O Congresso Nacional decreta: 
 
 
Art. 1º Esta Lei altera a Lei n.º 10.826, de 22 de dezembro de 2003, para 
conceder o porte de arma aos Conselheiros Tutelares, e dá outras 
providências. 
 
Art. 2º O art. 6º da Lei n.º 10.826, de 2003, passa a vigorar com a seguinte 
redação: 
 
“Art. 6º ................................................................................. 
 
XI ",0.0
9,1,Elaborar Projeto de Lei para permitir a posse e o porte de armas de fogo para os advogados que estejam no regular exercício da profissão.,PL 1162/2015,"Acrescenta dispositivo ao art. 6º, da Lei nº 10.826, de 22 de dezembro de 2003, que dispõe sobre registro, posse e comercialização de armas de fogo e munição, sobre o Sistema Nacional de Armas - Sinarm, para conceder o porte de arma de fogo a policiais que estejam na inatividade.","PROJETO DE LEI Nº         , DE 2015 
(Do Sr. Ronaldo Fonseca) 
Acrescenta dispositivo ao art. 6º, da 
Lei nº 10.826, de 22 de dezembro de 2003, 
que dispõe sobre registro, posse e 
comercialização de armas de fogo e 
munição, sobre o Sistema Nacional de 
Armas – Sinarm, para conceder o porte de 
arma de fogo a policiais que estejam na 
inatividade. 
O Congresso Nacional decreta: 
Art. 1º Esta Lei altera o art. 6º, da Lei nº 10.826, de 22 de 
dezembro de 2003, que dispõe sobre registro, posse e comercialização de 
armas de fogo e munição, sobre o Sistema Nacional de Armas – Sinarm, para 
conced",0.0
9,1,Elaborar Projeto de Lei para permitir a posse e o porte de armas de fogo para os advogados que estejam no regular exercício da profissão.,PL 3451/2021,"Altera o art. 6º, da Lei nº 10.826, de 22 de dezembro de 2003, que “dispõe sobre o registro, posse e comercialização de armas de fogo e munição, sobre o Sistema Nacional de Armas – SIRNAM, define crimes e dá outras providências”, para permitir o porte de arma de fogo a parlamentares integrantes do Poder Legislativo da União, dos Estados e do Distrito Federal.","PROJETO DE LEI Nº _______, DE 2021 
(Do Sr. Euclydes Pettersen) 
 
 
 
Altera o art. 6º, da Lei nº 10.826, de 22 de dezembro 
de 2003, que “dispõe sobre o registro, posse e 
comercialização de armas de fogo e munição, sobre 
o Sistema Nacional de Armas – SIRNAM, define 
crimes e dá outras providências”, para permitir o 
porte de arma de fogo a parlamentares integrantes 
do Poder Legislativo da União, dos Estados e do 
Distrito Federal. 
 
 
O Congresso Nacional decreta: 
 
Art. 1º Essa lei altera o art. 6º, da Lei nº 10.826, de 22 de dezembro de 2003, 
que “dispõe sobre o registro, posse e com",0.0
9,1,Elaborar Projeto de Lei para permitir a posse e o porte de armas de fogo para os advogados que estejam no regular exercício da profissão.,PL 2221/2019,"Altera o art. 6º da Lei nº 10.826, de 22 de dezembro de 2003, que dispõe sobre registro, posse e comercialização de armas de fogo e munição, sobre o Sistema Nacional de Armas - Sinarm, define crimes e dá outras providências, para conceder porte de arma aos advogados.","PROJETO DE LEI Nº          , DE 2019 
(Do Sr. EXPEDITO NETTO) 
Altera o art. 6º da Lei nº 10.826, de 22 
de dezembro de 2003, que dispõe sobre 
registro, posse e comercialização de armas 
de fogo e munição, sobre o Sistema 
Nacional de Armas - Sinarm, define crimes e 
dá outras providências, para conceder porte 
de arma aos advogados. 
O Congresso Nacional decreta: 
Art. 1º A Lei nº 10.826, de 22 de dezembro de 2003, passa a 
vigorar com as seguintes alterações: 
I – inclua-se o seguinte inciso XII ao art. 6º:  
“Art. 6º .........................................................................",1.0
10,1,3-	Reduzir a maioridade penal para menos de 18 anos.,PDC 1028/2003,Dispõe sobre a realização de plebiscito acerca da alteração da maioridade penal para dezesseis anos.,"1PROJETO DE DECRETO LEGISLATIVO Nº       , DE 2003.
(Do Sr. Luiz Antônio Fleury e Arnaldo Faria de Sá)
Dispõe sobre a realização de plebiscito
acerca da alteração da maioridade penal
para dezesseis anos.
O Congresso Nacional decreta:
Art. 1º Fica convocado plebiscito nacional, a ser realizado
concomitantemente às eleições municipais de 2004, para que o eleitorado se manifeste
sobre a alteração da maioridade penal para dezesseis anos.
Art. 2º À Justiça Eleitoral caberá a regulamentação e a execução da
consulta popular, nos termos do art. 1º.
Art. 3º Este decreto legislativo entra em vigor na da",1.0
10,1,3-	Reduzir a maioridade penal para menos de 18 anos.,PDC 1579/2005,Dispõe sobre a realização de plebiscito acerca da alteração da maioridade penal para dezesseis anos e da alteração na lei de crimes hediondos concomitantemente à consulta popular estabelecida na Lei nº 10.826 de 22 de dezembro de 2003.,"1PROJETO DE DECRETO LEGISLATIVO Nº          DE 2004.
(Do Sr. Luiz Antonio Fleury e outros)
Dispõe sobre a realização de plebiscito
acerca da alteração da maioridade penal
para dezesseis anos e da alteração na lei de
crimes hediondos concomitantemente à
consulta popular estabelecida na Lei nº
10.826 de 22 de dezembro de 2003.
O Congresso Nacional decreta:
Art. 1º Fica convocado plebiscito nacional, a ser realizado
concomitantemente à consulta popular estabelecida no art. 35, § 1º da Lei nº 10.826, de
22 de dezembro de 2003, para que os cidadãos brasileiros se manifestem sobre a
alteração da mai",1.0
10,1,3-	Reduzir a maioridade penal para menos de 18 anos.,PDC 1120/2013,Convoca plebiscito para consulta popular sobre a redução ou não da maioridade penal.,"*
8
A
A
2
F
5
0
A
1
3
*
 
  
  
 8
A
A
2
F
5
0
A
1
3
 
PROJETO DE DECRETO LEGISLATIVO Nº                 DE 2013 
(Do Sr. Guilherme Mussi) 
Convoca plebiscito para consulta 
popular sobre a redução ou não da 
maioridade penal. 
O Congresso Nacional Decreta: 
Art. 1º Fica convocado o Plebiscito, na forma da Lei, para 
consulta popular sobre a redução ou não da maioridade penal no Brasil. 
I – Para os devidos fins, considerar-se-á maior de idade 
penalmente imputáveis aqueles com idade igual ou superior a 15 anos. 
Art. 2º A Justiça Eleitoral, por intermédio do Tribunal 
Superior Eleitoral e seu",1.0
10,1,3-	Reduzir a maioridade penal para menos de 18 anos.,PDC 949/2013,Convoca plebiscito para consulta popular sobre a redução ou não da maioridade penal.,"*
5
B
C
E
D
2
3
4
1
1
*
 
  
  
 5
B
C
E
D
2
3
4
1
1
 
PROJETO DE DECRETO LEGISLATIVO Nº                     DE 2013 
(Do Sr. Guilherme Mussi) 
“Convoca plebiscito para consulta 
popular sobre a redução ou não da 
maioridade penal.” 
O Congresso Nacional Decreta: 
Art. 1º Fica convocado o Plebiscito, na forma da Lei, para 
consulta popular sobre a redução ou não da maioridade penal no Brasil. 
I – Para os devidos fins, considerar-se-á maior de idade 
penalmente imputáveis aqueles com idade igual ou superior a 15 anos. 
Art. 2º A Justiça Eleitoral, por intermédio do Tribunal 
Superior Eleitoral",1.0
10,1,3-	Reduzir a maioridade penal para menos de 18 anos.,PDC 1144/2004,"Dispõe sobre a convocação de plebiscito, nos termos dos artigos 14, I, e 49, XV, da Constituição Federal, acerca da alteração do artigo 228 da Constituição Federal e da redução da maioridade penal.","PROJETO DE DECRETO LEGISLATIVO Nº            , DE 2004
(Do Sr. Nelson Marquezelli)
Dispõe sobre a convocação de plebiscito,
nos termos dos artigos 14, I, e 49, XV, da
Constituição Federal, acerca da alteração do
artigo 228 da Constituição Federal e da redução
da maioridade penal.
O Congresso Nacional decreta:
Art. 1º Será realizado, no prazo de 90 (noventa dias) a contar
da publicação deste decreto legislativo, plebiscito, em todo o território nacional, para
que o povo delibere sobre a manutenção ou alteração da atual redação do artigo
228 da Constituição Federal de 1988, de forma a manter a m",1.0
10,1,3-	Reduzir a maioridade penal para menos de 18 anos.,PDC 1474/2004,"Dispõe sobre a realização de plebiscito acerca da alteração da maioridade penal para dezesseis anos e da alteração da lei de crimes hediondos concomitantemente à consulta popular estabelecida na Lei nº 10.826, de 22 de dezembro de 2003.","PROJETO DE DECRETO LEGISLATIVO Nº     , DE 2004
(Do Sr. Luiz Antonio Fleury e outros)
Dispõe sobre a realização de
plebiscito acerca da alteração da
maioridade penal para dezesseis
anos e da alteração da Lei de
crimes hediondos
concomitantemente à consulta
popular estabelecida na Lei nº
10.826, de 22 de dezembro de
2003.
O Congresso Nacional decreta:
Art. 1º Fica convocado plebiscito nacional, a ser realizado
concomitantemente à consulta popular estabelecida no art. 35, § 1º da Lei nº
10.826, de 22 de dezembro de 2003, para que os cidadãos brasileiros se
manifestem sobre a alteração da maiorid",1.0
10,1,3-	Reduzir a maioridade penal para menos de 18 anos.,PEC 32/2015,"Altera a redação dos artigos 14 e 228 da Constituição Federal, para estabelecer a plena maioridade civil e penal aos dezesseis anos de idade.","PROPOSTA DE EMENDA À CONSTITUIÇÃO Nº ______ DE 2015 
(do Senhor GONZAGA PATRIOTA) 
 
Altera a redação dos artigos 14 e 
228 da Constituição Federal, para 
estabelecer a plena maioridade civil 
e penal aos dezesseis anos de 
idade. 
 
As Mesas da Câmara dos Deputados e do Senado Federal, nos 
termos do § 3º, do art. 60 da Constituição Federal, promulgam a 
seguinte Emenda ao texto constitucional: 
Art. 1º Esta Proposta de Emenda à Constituição dá nova 
redação ao inciso I, do § 1º e às alíneas de “a” a “d” do inciso VI, do 
§ 3º; e revoga a alínea “c”, do inciso II, do § 1º todos do art. 14 e 
",1.0
10,1,3-	Reduzir a maioridade penal para menos de 18 anos.,PDC 1763/2009,Autoriza a realização de plebiscito que definirá o limite de idade para a imputabilidade do menor infrator.,"PROJETO DE DECRETO LEGISLATIVO Nº              , DE 2009
( Do Sr. MANATO)
Autoriza a realização de plebiscito
que definirá o limite de idade para a
imputabilidade do menor infrator.
Art. 1º Será realizado, no dia 03 de outubro de 2010, em
todo o território nacional, a ser organizado pelo Tribunal Superior Eleitoral,
plebiscito que definirá o limite de idade para a imputabilidade do menor infrator,
nos termos do art. 49, inciso XV, da constituição federal, combinado com a lei nº
9.709, de 18 de novembro de 1998.
§ 1º - As cédulas eleitorais serão registradas com 2 (duas) alternativas:
I - mante",1.0
10,1,3-	Reduzir a maioridade penal para menos de 18 anos.,PEC 223/2012,"Dispõe sobre alteração do art. 228 da Constituição Federal, propondo a redução da maioridade penal.","PROPOSTA DE EMENDA À CONSTITUIÇÃO Nº        DE 2012 
(Do Sr. Dep. Onofre Santo Agostini e outros) 
 
Dispõe sobre alteração do artigo 228 da 
Constituição Federal, propondo a redução da 
maioridade penal. 
                                       
Altera a redação do artigo 228 da Constituição Federal 
As Mesas da Câmara dos Deputados e do Senado Federal, nos 
termos do §3º do artigo 60, da Constituição Federal, promulgam a seguinte 
Emenda ao texto Constitucional. 
Art. 1º O art. 228 da Constituição Federal passa a vigorar com a 
seguinte redação: 
“Art. 228. São penalmente inimputáveis os meno",1.0
10,1,3-	Reduzir a maioridade penal para menos de 18 anos.,PEC 25/2015,"Altera a redação dos artigos 14 e 228 da Constituição Federal, para estabelecer a plena maioridade civil e penal aos dezesseis anos de idade.","PROPOSTA DE EMENDA À CONSTITUIÇÃO Nº ______ DE 2015 
(do Senhor GONZAGA PATRIOTA) 
 
Altera a redação dos artigos 14 e 
228 da Constituição Federal, para 
estabelecer a plena maioridade civil 
e penal aos dezesseis anos de 
idade. 
 
As Mesas da Câmara dos Deputados e do Senado Federal, nos 
termos do § 3º, do art. 60 da Constituição Federal, promulgam a 
seguinte Emenda ao texto constitucional: 
Art. 1º Esta Proposta de Emenda à Constituição dá nova 
redação ao inciso I, do § 1º e às alíneas de “a” a “d” do inciso VI, do 
§ 3º; e revoga a alínea “c”, do inciso II, do § 1º todos do art. 14 e 
",1.0
11,1,Elaborar projeto de lei que discipline a classificação indicativa para mostras culturais e exposições de artes ,PL 8744/2017,"Introduz a classificação indicativa para exposições, mostras, exibições de arte e eventos culturais diversos e dá outras providências.","PROJETO DE LEI Nº ............, DE 2017 
(Do Sr. Roberto Alves) 
 
Introduz a classificação 
indicativa para exposições, mostras, 
exibições de arte e eventos culturais 
diversos e dá outras providências. 
 
 
O CONGRESSO NACIONAL decreta: 
 
 Art. 1º Fica instituída a classificação indicativa para  exposições, 
mostras, exibições de arte e eventos culturais diversos em espaços públicos e 
privados no Brasil. 
 
 Art. 2º A classificação indicativa constante na presente lei está 
consolidada nas seguintes categorias: 
 
I – livre; 
II – não recomendado para menores de dez anos; 
III – não recom",1.0
11,1,Elaborar projeto de lei que discipline a classificação indicativa para mostras culturais e exposições de artes ,PL 8873/2017,"Dispõe sobre a classificação indicativa em exposições, mostras de artes visuais e auditivas no âmbito dos Municípios, Estados e Distrito Federal, e dá outras providências.","Câmara dos Deputados | Anexo IV - 6º andar - Gabinete 627 | 70160-900 Brasília DF 
Tel. (61) 3215-5627 - Fax (61) 3215-2627| dep.franklinlima@camara.leg.br 
Gabinete do Deputado Franklin - PP/MG 
PROJETO DE LEI Nº        , DE 2017 
(Do Sr. Franklin) 
 
 
Dispõe sobre a classificação indicativa em 
exposições, mostras de artes visuais e 
auditivas no âmbito dos Municípios, 
Estados e Distrito Federal, e dá outras 
providências. 
 
O CONGRESSO NACIONAL decreta:  
 
Art. 1º – Fica instituída a classificação indicativa em exposições, mostras de artes 
visuais e auditivas nos museus públicos ou pri",1.0
11,1,Elaborar projeto de lei que discipline a classificação indicativa para mostras culturais e exposições de artes ,PL 1621/2019,"Altera a Lei nº 8.069, de 13 de julho de 1990, que dispõe sobre o Estatuto da Criança e do Adolescente, para estabelecer que o poder público regulará o acesso de crianças e adolescentes a exposições e mostras de artes visuais.","PROJETO DE LEI Nº       , DE 2019 
Altera a Lei nº 8.069, de 13 de julho de 1990, que 
dispõe sobre o Estatuto da Criança e do 
Adolescente, para estabelecer que o poder público 
regulará o acesso de crianças e adolescentes a 
exposições e mostras de artes visuais. 
O CONGRESSO NACIONAL decreta: 
Art. 1º Esta Lei altera a Lei nº 8.069, de 13 de julho de 1990, 
que dispõe sobre o Estatuto da Criança e do Adolescente, para determinar 
que o poder público regulará o acesso de crianças e adolescentes a 
exposições e mostras de artes visuais. 
Art. 2º Os arts. 74 e 75 da Lei nº 8.069, de 13 de julh",1.0
11,1,Elaborar projeto de lei que discipline a classificação indicativa para mostras culturais e exposições de artes ,PL 4325/2020,"Altera os arts. 74 e 75 da Lei 8.069, de 13 de julho de 1990 (Estatuto da Criança e do Adolescente), para estender os deveres de regulação do poder público aos museus, mostras, galerias e exposições de arte ou de cultura.","PROJETO DE LEI Nº          , DE 2020
(Do Sr. Paulo Bengtson)
Altera os arts. 74 e 75 da Lei 8.069, de
13  de  julho  de  1990  (Estatuto  da
Criança  e  do  Adolescente),  para
estender  os  deveres de regulação do
poder  público  aos  museus,  mostras,
galerias  e  exposições  de  arte  ou  de
cultura.
O Congresso Nacional decreta: 
Art. 1º Esta Lei altera os arts. 74 e 75 da Lei 8.069, de 13 de julho de
1990 (Estatuto da Criança e do Adolescente),  para estender os deveres de
regulação do poder público aos museus, mostras, galerias e exposições de arte
ou de cultura.  
Art. 2º Os arts. 74 e ",1.0
11,1,Elaborar projeto de lei que discipline a classificação indicativa para mostras culturais e exposições de artes ,PL 9219/2017,"Acrescenta os artigos 75-A e 252-A à Lei nº 8.069, de 13 de julho de 1990, que dispõe sobre o Estatuto da Criança e do Adolescente e dá outras providências, para estabelecer regras específicas para a classificação indicativa de exposições, mostras e exibições de arte.","PROJETO DE LEI Nº          , DE 2017 
(Do Sr. ELIZEU DIONIZIO) 
Acrescenta os artigos 75-A e 252-A à 
Lei nº 8.069, de 13 de julho de 1990, que 
dispõe sobre o Estatuto da Criança e do 
Adolescente e dá outras providências, para 
estabelecer regras específicas para a 
classificação indicativa de exposições, 
mostras e exibições de arte.   
O Congresso Nacional decreta: 
Art. 1º Esta Lei acrescenta os artigos 75-A e 252-A à Lei nº 
8.069, de 13 de julho de 1990, que dispõe sobre o Estatuto da Criança e do 
Adolescente e dá outras providências, para estabelecer regras específicas para 
a classif",1.0
11,1,Elaborar projeto de lei que discipline a classificação indicativa para mostras culturais e exposições de artes ,PL 5001/2019,"Altera a Lei nº 8.069, de 13 de julho de 1990, que ""Dispõe sobre o Estatuto da Criança e do Adolescente e dá outras providências"".","CÂMARA DOS DEPUTADOS 
PROJETO DE LEI Nº          , DE 2019 
(Do Sr. LUCAS REDECKER) 
Altera a Lei nº 8.069, de 13 de julho de 
1990, que “Dispõe sobre o Estatuto da 
Criança e do Adolescente e dá outras 
providências”. 
O Congresso Nacional decreta: 
Art. 1º Esta Lei altera a Lei nº 8.069, de 13 de julho de 1990, 
mormente para dispor sobre a classificação indicativa de exposições e 
exibições de arte, amostras e eventos culturais. 
Art. 2º O art. 75 da Lei nº 8.069, de 13 de julho de 1990, passa 
a vigorar com a seguinte redação: 
“Art. 75. Toda criança ou adolescente terá acesso às diversões",1.0
11,1,Elaborar projeto de lei que discipline a classificação indicativa para mostras culturais e exposições de artes ,PL 8927/2017,"Altera a Lei nº 8.069, de 13 de julho de 1990, que dispõe sobre o Estatuto da Criança e do Adolescente, para dispor sobre o controle de acesso à pornografia nos museus, teatros, cinemas e exposições a menores de idade.","PROJETO DE LEI Nº                 , DE 2017 
(Do Sr. VITOR VALIM) 
Altera a Lei nº 8.069, de 13 de julho de 
1990, que dispõe sobre o Estatuto da 
Criança e do Adolescente, para dispor sobre 
o controle de acesso à pornografia nos 
museus, teatros, cinemas e exposições a 
menores de idade.  
O Congresso Nacional decreta: 
Art. 1º Esta Lei altera a Lei nº 8.069, de 13 de julho de 1990, 
para dispor sobre o controle de acesso à pornografia a menores de idade nos 
museus, teatros, cinemas e exposições  a menores de idade.  
Art. 2º Insira-se o art. 232-A na Lei nº 8.069, de 13 de julho de 
1990, ",0.5
11,1,Elaborar projeto de lei que discipline a classificação indicativa para mostras culturais e exposições de artes ,PL 8876/2017,"Altera os arts. 74, 75, 81, 240 e 241 da Lei nº 8.609, de 13 de julho de 1990, para dispor sobre classificação indicativa para exposições de museus e espaços congêneres.","PROJETO DE LEI Nº          , DE 2017 
 (Do Sr. LINCOLN PORTELA) 
 
 
Altera os arts. 74, 75, 81, 240 e 241 
da Lei nº 8.609, de 13 de julho de 
1990, para dispor sobre classificação 
indicativa para exposições de 
museus e espaços congêneres. 
O Congresso Nacional decreta: 
 
1º Esta Lei inclui museus e espaços congêneres entre os espaços que 
devem ser objeto de proteção à exposição de seus conteúdos a crianças e 
adolescentes. 
Art. 2º Os arts. 74, 75, 81, 240 e 241 da Lei nº 8.069, de 13 de julho de 
1990, que “dispõe sobre o Estatuto da Criança e do Adolescente e dá outras 
providências”, ",1.0
11,1,Elaborar projeto de lei que discipline a classificação indicativa para mostras culturais e exposições de artes ,PL 9230/2017,"Altera a Lei nº 8.313, de 23 de dezembro de 1991, para prever que a concessão de incentivos criados por esta Lei seja condicionada à análise prévia da Coordenação de Classificação Indicativa (COCIND), do Ministério da Justiça e dá outras providências.","PROJETO DE LEI Nº     , DE 2017. 
 (Do Sr. Diego Andrade) 
 
 
Altera a Lei nº 8.313, de 23 de dezembro de 1991, 
para prever que a concessão de incentivos criados 
por esta Lei seja condicionada à análise prévia da 
Coordenação de Classificação Indicativa 
(COCIND), do Ministério da Justiça e dá outras 
providências. 
 
O Congresso Nacional decreta: 
Art. 1º. Esta Lei tem o objetivo de alterar a Lei nº 8.313, de 23 de dezembro de 1991, para 
prever que a concessão de incentivos criadas por esta Lei seja condicionada à análise 
prévia da Coordenação de Classificação Indicativa (COCIND), do Min",0.5
11,1,Elaborar projeto de lei que discipline a classificação indicativa para mostras culturais e exposições de artes ,PL 8696/2017,"Altera a Lei nº 8.069, de 13 de julho de 1990, para dispor sobre a classificação indicativa de eventos de lutas livres e de artes marciais mistas.","PROJETO DE LEI Nº          , DE 2017 
(Do Sr. ELIZEU DIONIZIO) 
Altera a Lei nº 8.069, de 13 de julho de 
1990, para dispor sobre a classificação 
indicativa de eventos de lutas livres e de 
artes marciais mistas. 
O Congresso Nacional decreta: 
Art. 1º Esta Lei altera a Lei nº 8.069, de 13 de julho de 1990, 
estabelecendo classificação indicativa para eventos presenciais e transmissões 
televisivas de lutas livres e de artes marciais mistas. 
Art. 2º A Lei nº 8.069, de 13 de julho de 1990, passa a vigorar 
acrescida do seguinte art. 76-A: 
“Art. 76-A Os espetáculos presenciais e as transmissõ",0.0
12,1,Elaboração de proposição que condicione a matrícula em escola pública a estar com vacinação atualizada das crianças,INC 495/2015,"Sugere a adoção de medidas para que se verifique, no ato da matrícula, a atualização das carteiras de vacinação das crianças e adolescentes.","REQUERIMENTO 
(Do Sr. DR. JORGE SILVA) 
 
Requer o envio de Indicação ao 
Poder Executivo, no sentido de que sejam 
adotadas medidas para que se verifique, no 
ato da matrícula, a atualização das carteiras 
de vacinação das crianças e adolescentes. 
 
 
Senhor Presidente: 
Nos termos do art. 113, inciso I e § 1o, do Regimento 
Interno da Câmara dos Deputados, requeiro a V. Exª. seja encaminhada ao 
Poder Executivo a Indicação anexa, sugerindo a adoção de medidas para que se 
verifique, no ato da matrícula, a atualização das carteiras de vacinação das 
crianças e adolescentes, assim como a incl",1.0
12,1,Elaboração de proposição que condicione a matrícula em escola pública a estar com vacinação atualizada das crianças,INC 6619/2014,"Sugere a adoção de medidas para que se verifique, no ato da matrícula, a atualização das carteiras de vacinação das crianças e adolescentes.","REQUERIMENTO 
(Do Sr. DR. JORGE SILVA) 
 
Requer o envio de Indicação ao 
Poder Executivo, no sentido de que sejam 
adotadas medidas para que se verifique, no 
ato da matrícula, a atualização das carteiras 
de vacinação das crianças e adolescentes. 
 
 
Senhor Presidente: 
Nos termos do art. 113, inciso I e § 1o, do Regimento 
Interno da Câmara dos Deputados, requeiro a V. Exª. seja encaminhada ao 
Poder Executivo a Indicação anexa, sugerindo a adoção de medidas para que se 
verifique, no ato da matrícula, a atualização das carteiras de vacinação das 
crianças e adolescentes, assim como a incl",1.0
12,1,Elaboração de proposição que condicione a matrícula em escola pública a estar com vacinação atualizada das crianças,INC 6263/2014,Sugere a adoção de medidas para que se estabeleça a necessidade de as crianças estarem com a carteira de vacinação atualizada para ingressarem nas escolas públicas e privadas,"REQUERIMENTO 
(Da Sr. Jorge Silva) 
Requer o envio de Indicação ao 
Poder Executivo, relativa à necessidade de 
as crianças estarem com a carteira de 
vacinação atualizada para ingressarem nas 
escolas públicas e privadas. 
Senhor Presidente: 
Nos termos do art. 113, inciso I e § 1º, do Regimento 
Interno da Câmara dos Deputados, requeiro a V. Exª. seja encaminhada ao 
Poder Executivo a Indicação em anexo, sugerindo medidas para que se 
estabeleça a necessidade de as crianças estarem com a carteira de vacinação 
atualizada para ingressarem nas escolas públicas e privadas. 
 
Sala das Sessões, ",1.0
12,1,Elaboração de proposição que condicione a matrícula em escola pública a estar com vacinação atualizada das crianças,PL 2454/2019,"Altera o §1º do art. 14 da Lei nº 8.069, de 13 de julho de 1990, que dispõe sobre o Estatuto da Criança e do Adolescente e dá outras providências.","CÂMARA DOS DEPUTADOS 
 
 
1 
 
PROJETO DE LEI Nº              , de 2019 
(Do Sr. André de Paula) 
 
 
Altera o §1º do art. 14 da Lei nº 8.069, de 13 de 
julho de 1990, que dispõe sobre o Estatuto da 
Criança e do Adolescente e dá outras 
providências.  
 
 
O CONGRESSO NACIONAL decreta: 
 
Art. 1º O §1º do art. 14 da Lei nº 8.069, de 13 de julho de 1990, que dispõe 
sobre o Estatuto da Criança e do Adolescente e dá outras providências, passa a 
vigorar com a seguinte redação: 
  “Art.14.......................................................................................................... 
 ",0.0
12,1,Elaboração de proposição que condicione a matrícula em escola pública a estar com vacinação atualizada das crianças,PL 3904/2008,"Acrescenta inciso IX ao art. 12 da Lei nº 9.394, de 20 de dezembro de 1996,     que estabelece as Diretrizes e Bases da Educação Nacional, tornando obrigatória a apresentação da caderneta de saúde da criança para efetivar matrícula na educação infantil.","PROJETO DE LEI No     , DE 2008 
(Da Sra.  SUELI VIDIGAL) 
Acrescenta inciso IX ao art. 12 da Lei 
nº 9.394, de 20 de dezembro de 1996,     
que estabelece as Diretrizes e Bases da 
Educação Nacional, tornando obrigatória a 
apresentação da caderneta de saúde da 
criança para efetivar matrícula na educação 
infantil. 
O Congresso Nacional decreta: 
Art. 1º O art. 12 da Lei nº 9.394, de 20 de dezembro de 
1996, que estabelece as Diretrizes e Bases da Educação Nacional, passa a 
vigorar acrescido do seguinte inciso IX: 
“Art. 12 ........................................... 
......................",1.0
12,1,Elaboração de proposição que condicione a matrícula em escola pública a estar com vacinação atualizada das crianças,PL 1840/2019,Dispõe sobre a obrigatoriedade da apresentação da carteira de vacinação no ato da matrícula escolar,"PROJETO DE LEI Nº                DE 2019 
(Do Sr. Baleia Rossi) 
 
 
Dispõe sobre a obrigatoriedade da 
apresentação da carteira de vacinação no ato 
da matrícula escolar. 
 
O Congresso Nacional decreta:  
 
Art. 1º É obrigatória, em todo o território nacional, a apresentação da 
caderneta de vacinação ou equivalente dos alunos, no ato de suas respectivas 
matrículas, em toda a rede pública ou particular de ensino de educação infantil, 
ensino fundamental e médio. 
Parágrafo único. A caderneta de vacinação a que se refere o caput, 
contendo todas as vacinas consideradas obrigatórias para as r",1.0
12,1,Elaboração de proposição que condicione a matrícula em escola pública a estar com vacinação atualizada das crianças,PL 6183/2009,"Altera a Lei nº 8.069, de 13 de julho de 1990, Estatuto da Criança e do Adolescente, e dá outras providências.","PROJETO DE LEI No        , DE 2009
(Do Sr. Capitão Assumção)
Altera a Lei 8.069 de 13 de julho de 1990
Estatuto da Criança e do adolescente e dá
outras providências.
O Congresso Nacional decreta:
Art. 1º. Fica acrescido ao artigo 55º da lei 8.069 de 13 de julho de 1990 (Estatuto
da Criança e do Adolescente) o seguinte parágrafo:
Art. 55º [...];
“Parágrafo único – É obrigatória a apresentação da carteira de
vacinação atualizada no ato da matrícula ou rematrícula de
Instituição de Ensino Público ou Privado até o 9º ano do Ensino
Fundamental”.
Art. 2º. Fica acrescido ao artigo 56º da lei 8.065 de",1.0
12,1,Elaboração de proposição que condicione a matrícula em escola pública a estar com vacinação atualizada das crianças,PL 43/2015,"Altera o inciso XIII do art. 12 da Lei nº 9.394, de 20 de dezembro de 1996, que estabelece as Diretrizes e Bases da Educação Nacional, tornando obrigatória a apresentação da caderneta de saúde da criança para efetivar matrícula na educação infantil.","PROJETO DE LEI Nº           , de 2015 
(Do Sr. Sérgio Vidigal) 
 
 
Altera o inciso XIII do art. 12 da Lei nº 
9.394, de 20 de dezembro de 1996, que 
estabelece as Diretrizes e Bases da 
Educação Nacional, tornando obrigatória a 
apresentação da caderneta de saúde da 
criança para efetivar matrícula na 
educação infantil. 
 
 
O Congresso Nacional decreta: 
 
Art. 1º O art. 12 da Lei nº 9.394, de 20 de dezembro de 1996, que 
estabelece as Diretrizes e Bases da Educação Nacional, passa a vigorar com a 
seguinte redação: 
 
“Art. 12 ...............................................................",1.0
12,1,Elaboração de proposição que condicione a matrícula em escola pública a estar com vacinação atualizada das crianças,PL 4729/2020,"Dispõe sobre a obrigatoriedade de apresentação da carteira de vacinação atualizada dos menores sob sua guarda, custódia ou posse, no ato da assinatura do contrato das unidades habitacionais dos Programas de Habitação de Interesse Social promovidos pela União, e dá outras providências.","CÂMARA DOS DEPUTADOS 
GABINETE DO DEPUTADO FEDERAL GENINHO ZULIANI – DEM/SP 
 
____________________________________________________________________________________ 
Câmara dos Deputados, Anexo IV, Gab.860 – CEP: 70.160-900 – Brasília/DF 
Tel: (61) 3215-5860 e-mail: dep.geninhozuliani@camara.leg.br  
PROJETO DE LEI Nº ______, DE 2020 
(Do Sr. Geninho Zuliani) 
 
Dispõe sobre a obrigatoriedade de 
apresentação da carteira de 
vacinação atualizada dos menores 
sob sua guarda, custódia ou posse, 
no ato da assinatura do contrato das 
unidades habitacionais dos 
Programas de Habitação de 
Interesse",0.0
12,1,Elaboração de proposição que condicione a matrícula em escola pública a estar com vacinação atualizada das crianças,PL 3146/2012,Dispõe sobre a apresentação do Cartão da Criança ou da Caderneta de Saúde da Criança nas escolas públicas e privadas do Sistema Nacional de Educação.,"CÂMARA DOS DEPUTADOS 
                                          Deputado Weliton Prado 
                                          Coordenador do Comitê de Obras (COI) 
          Comissão de Defesa do Consumidor  
                                          Comissão de Minas e Energia 
                                          Comissão Mista de Orçamento 
Gabinete Brasília: Praça dos Três Poderes, Câmara dos Deputados, Gab. 862, Anexo IV, CEP  70160-900 - Brasília – DF 
Site: www.welitonprado.com.br – E-mail: falecomwelitonprado@gmail.com – Fone: (61) 3215 5862 ou (31) 9956 6491 
 
PROJETO DE LEI",1.0
13,1,Solicitamos a elaboração de projeto de lei proibindo o assédio moral nas relações de trabalho.,PL 6/2003,"Altera a Lei nº 8.112, de 11 de dezembro de 1990, que ""Dispõe sobre o Regime Jurídico dos Servidores Públicos Civis da União, das Autarquias e das Fundações Públicas Federais"", para dispor sobre a prática de ""assédio moral"".","1 
Projeto de Lei nº      , de 2003  
 (Da Sra. Iara Bernardi) 
Altera a Lei nº 8.112, de 11 de 
dezembro de 1990, que “Dispõe sobre o 
Regime Jurídico dos Servidores Públicos 
Civis da União, das Autarquias e das 
Fundações Públicas Federais”, para dispor 
sobre a prática de ""assédio moral"". 
 
 
O Congresso Nacional decreta: 
Art. 1º. A Lei nº 8.112, de 11 de dezembro de 1990, que “Dispõe 
sobre o regime jurídico dos servidores públicos da União, das Autarquias e das 
Fundações Públicas Federais”, passa a vigorar acrescida do seguinte art. 117-A: 
“Art. 117-A É proibido ao servidor público p",0.5
13,1,Solicitamos a elaboração de projeto de lei proibindo o assédio moral nas relações de trabalho.,PL 33/2007,Dispõe sobre o assédio moral nas relações de trabalho.,"1PROJETO DE LEI Nº         , DE 2007
(Do Sr. DR. ROSINHA)
Dispõe sobre o assédio moral nas relações de trabalho.
O Congresso Nacional decreta:
Art. 1º É proibido o assédio moral nas relações de trabalho.
Art. 2º Assédio moral consiste no constrangimento do trabalhador por seus 
superiores  hierárquicos  ou  colegas,  através  de  atos  repetitivos,  tendo  como 
objetivo,  deliberado  ou  não,  ou  como  efeito,  a  degradação  das  relações  de 
trabalho e que:
I - atente contra sua dignidade ou seus direitos, ou
II - afete sua higidez física ou mental, ou
III – comprometa a sua carreira prof",1.0
13,1,Solicitamos a elaboração de projeto de lei proibindo o assédio moral nas relações de trabalho.,PL 2369/2003,Dispõe sobre o assédio moral nas relações de trabalho.,"PROJETO DE LEI Nº      , DE 2003
(Do Sr. MAURO PASSOS)
Dispõe sobre o assédio moral nas
relações de trabalho.
O Congresso Nacional decreta:
Art. 1º É proibido o assédio moral nas relações de trabalho.
Art. 2º Assédio moral consiste no constrangimento do
trabalhador por seus superiores hierárquicos ou colegas, através de atos
repetitivos, tendo como objetivo, deliberado ou não, ou como efeito, a
degradação das relações de trabalho e que:
I - atente contra sua dignidade ou seus direitos, ou
II - afete sua higidez física ou mental, ou
III – comprometa a sua carreira profissional.
Art. 3º É devida",1.0
13,1,Solicitamos a elaboração de projeto de lei proibindo o assédio moral nas relações de trabalho.,PL 625/2019,Institui o Dia Nacional de Combate e Prevenção ao Assédio Moral e Sexual nas relações de trabalho.,"CÂMARA DOS DEPUTADOS 
PROJETO DE LEI Nº   , DE 2019 
(Do Sr. Glaustin Fokus) 
 
Institui o Dia Nacional de Combate e 
Prevenção ao Assédio Moral e 
Sexual nas relações de trabalho. 
 
O Congresso Nacional decreta: 
 
Art. 1º Fica instituído o Dia Nacional de Combate e Prevenção ao 
Assédio Moral e Sexual nas relações de trabalho, a ser comemorado anualmente, 
no dia 1º de novembro, em todo o território nacional.  
Art. 2º Nessa data, sem prejuízo de outros dias, serão promovidas 
medidas de conscientização, de prevenção e de combate a todos os tipos de 
violência moral e sexual, no âmbito de t",0.5
13,1,Solicitamos a elaboração de projeto de lei proibindo o assédio moral nas relações de trabalho.,PL 4591/2001,"Dispõe sobre a aplicação de penalidades à prática de ""assédio moral"" por parte de servidores públicos da União, das autarquias e das fundações públicas federais a seus subordinados, alterando a Lei nº 8.112, de 11 de dezembro de 1990.","PROJETO DE LEI Nº           , DE  2001. 
(Da Sra. Rita Camata) 
 
 
 
Dispõe sobre a aplicação de penalidades à prática 
de ""assédio moral"" por parte de servidores 
públicos da União, das autarquias e das 
fundações públicas federais a seus subordinados, 
alterando a Lei nº 8.112, de 11 de dezembro de 
1990. 
 
 
O Congresso Nacional decreta: 
 
Art. 1º A Lei nº 8.112, de 11 de dezembro de 1990, que dispõe sobre o 
regime jurídico dos servidores públicos da União, das autarquias e das fundações 
públicas federais fica acrescida do seguinte art. 117-A: 
 
“Art. 117-A  É proibido ao servidores p",0.5
13,1,Solicitamos a elaboração de projeto de lei proibindo o assédio moral nas relações de trabalho.,PL 1610/2003,"Dispõe sobre a aplicação de penalidades à prática de ""assédio moral"" por parte de servidores públicos da União, das autarquias e das fundações públicas federais a seus subordinados, alterando a Lei nº 8.112, de 11 de dezembro de 1990.","PROJETO DE LEI Nº           , DE  2003.
(Do Sr. Rogério Silva)
 
 
 
Dispõe sobre a aplicação de penalidades à
prática de ""assédio moral"" por parte de
servidores públicos da União, das autarquias
e das fundações públicas federais a seus
subordinados, alterando a Lei nº 8.112, de
11 de dezembro de 1990.
 
 
O Congresso Nacional decreta:
 
Art. 1º A Lei nº 8.112, de 11 de dezembro de 1990, que dispõe sobre o
regime jurídico dos servidores públicos da União, das autarquias e das
fundações públicas federais fica acrescida do seguinte art. 117-A:
 
“Art. 117-A  É proibido ao servidores públicos pra",0.5
13,1,Solicitamos a elaboração de projeto de lei proibindo o assédio moral nas relações de trabalho.,INC 5499/2013,"Sugere o envio de projeto de lei que, no âmbito da administração pública federal, estabeleça sanções pela prática de assédio moral.","1 
 
  
  
 *
F
A
F
1
0
7
5
E
0
7
*
 
  
  
 F
A
F
1
0
7
5
E
0
7
 
REQUERIMENTO 
(Da Deputada Sandra Rosado) 
Requer o envio de Indicação ao 
Poder Executivo, relativa ao 
encaminhamento de projeto de lei prevendo, 
no âmbito da administração pública federal, 
sanções pela prática de assédio moral. 
Senhor Presidente: 
Nos termos do art. 113, inciso I e § 1o, do Regimento 
Interno da Câmara dos Deputados, requeiro a V. Exª. seja encaminhada ao 
Poder Executivo, por intermédio do Ministério do Planejamento, Orçamento e 
Gestão, a Indicação em anexo, sugerindo o envio de projeto de lei que, no 
",1.0
13,1,Solicitamos a elaboração de projeto de lei proibindo o assédio moral nas relações de trabalho.,PL 6625/2009,Dispõe sobre o assédio moral nas relações de trabalho.,"PROJETO DE LEI N.           DE    2009
Dispõe sobre o assédio moral nas
relações de trabalho.
Art. 1º. É vedada a prática  do assédio moral nas relações de trabalho.
Art. 2º. Para efeito desta lei, considera-se:
I – assediador : aquele que pratica atos de assédio moral, seja como
empregador ou preposto deste, ou qualquer funcionário que pratique assédio
moral em relação ao colega de trabalho, ainda que superior hierárquico.
II- assediado: aquele que sofre assédio moral de qualquer colega de
trabalho ou empregador ou seu preposto.
Art. 3º .O assédio moral é toda conduta que cause constrangiment",1.0
13,1,Solicitamos a elaboração de projeto de lei proibindo o assédio moral nas relações de trabalho.,PL 11212/2018,Institui o Selo Ambiente Livre de Assédio Moral e estabelece critérios para sua concessão.,"PROJETO DE LEI Nº _______, DE 2018 
(Da Deputada Erika Kokay) 
 
Institui o Selo Ambiente Livre de Assédio 
Moral e estabelece critérios para sua 
concessão. 
O Congresso Nacional decreta: 
Art. 1º É instituído o Selo Ambiente Livre de Assédio Moral, 
destinado a reconhecer órgãos ou entidades da administração pública que se 
destaquem no desenvolvimento de iniciativas voltadas ao combate às práticas 
identificadas como assédio moral no ambiente de trabalho. 
Art. 2º O selo de que trata o art. 1º será concedido, na forma 
de regulamento, por comissão formada por representantes da administração",0.5
13,1,Solicitamos a elaboração de projeto de lei proibindo o assédio moral nas relações de trabalho.,PL 5719/2016,Tipifica o crime de assédio moral no Código Penal Militar.,"PROJETO DE LEI Nº           , DE 2016 
(Do Sr. Cabo Sabino) 
Tipifica o crime de assédio moral no 
Código Penal Militar. 
O Congresso Nacional decreta: 
Art. 1º Esta lei tipifica o crime de assédio moral no Código 
Penal Militar. 
Art. 2º O Decreto-lei nº 1.001, de 21 de outubro de 1969, passa 
a vigorar acrescido do seguinte art. 222-A: 
“Assédio moral 
Art. 222-A. Depreciar, constranger, humilhar ou degradar, 
de modo reiterado, o militar, ferindo sua imagem ou 
desempenho funcional ou tratando com rigor excessivo, 
colocando em risco ou afetando a sua saúde física ou 
psíquica, durante a ex",0.5
14,1,Dar anistia aos estudantes para as dívidas do Fies.,PL 3458/2021,"Acrescenta o artigo 20-I à Lei nº 10.260, de 12 de julho de 2020, a qual dispõe sobre o Fundo de Financiamento ao estudante do Ensino Superior e dá outras providências, a fim estabelecer anistia total dos pagamentos com obrigações do Fundo de Financiamento Estudantil (Fies) para os estudantes beneficiários, devido às crises pandêmica e econômica, como incentivo à educação superior, e dá outras providências.","PROJETO DE LEI Nº, DE 2021 
(Do Sr. JOSÉ GUIMARÃES) 
 
 
Acrescenta o artigo 20-I à Lei nº 10.260, 
de 12 de julho de 2020, a qual dispõe 
sobre o Fundo de Financiamento ao 
estudante do Ensino Superior e dá 
outras providências, a fim estabelecer 
anistia total dos pagamentos com 
obrigações do Fundo de Financiamento 
Estudantil (Fies) para os estudantes 
beneficiários, devido às crises 
pandêmica e econômica, como 
incentivo à educação superior, e dá 
outras providências. 
 
O Congresso Nacional decreta: 
 
Art. 1º  A Lei nº 10.260, de 12 de julho de 2001, passa a vigorar acrescida 
do segui",1.0
14,1,Dar anistia aos estudantes para as dívidas do Fies.,INC 1492/2021,Sugere a anistia de todas as dívidas de beneficiários do Fies consolidadas até 31 de dezembro de 2021.,"INDICAÇÃO Nº_______, DE 2021
(Da Sra. ERIKA KOKAY)
Sugere a anistia de todas as dívidas de
beneficiários do Fies consolidadas até 31 de
dezembro de 2021.
Excelentíssimo Ministro da Educação:
Sugerimos que o Poder Executivo tome as medidas cabíveis
para prover anistia a todas as obrigações de pagamentos vigentes até 31 de
dezembro de 2021 do Fundo de Financiamento Estudantil e do Programa de
Financiamento  Estudantil,  regulados  pela  Lei  nº  10.260,  de  12  de julho  de
2001, e relacionadas à amortização do saldo devedor dos contratos; II - aos
juros incidentes sobre o financiamento; ao pag",1.0
14,1,Dar anistia aos estudantes para as dívidas do Fies.,PL 4145/2021,"Acrescenta o artigo 5º-D à Lei nº 10.260, de 12 de julho de 2020, que dispõe sobre o Fundo de Financiamento ao estudante do Ensino Superior e dá outras providências, a fim estabelecer anistia das dívidas do Fundo de Financiamento Estudantil (Fies) para os estudantes beneficiários, em razão da inadimplência e da crise econômica provocadas pela pandemia da covid-19.","PROJETO DE LEI Nº           , DE 2021
(Dor Sr. PAULO TEIXEIRA)
Acrescenta o artigo 5º-D à Lei nº 10.260, de
12  de  julho  de  2020,  que  dispõe  sobre  o
Fundo  de  Financiamento  ao  estudante  do
Ensino  Superior  e  dá  outras  providências,  a
fim estabelecer anistia das dívidas do Fundo
de  Financiamento  Estudantil  (Fies)  para  os
estudantes  beneficiários,  em  razão  da
inadimplência  e  da  crise  econômica
provocadas pela pandemia da covid-19. 
O CONGRESSO NACIONAL decreta: 
Art. 1º A Lei nº 10.260, de 12 de julho de 2001, passa a 
vigorar acrescida do seguinte art. 5º-D: 
“Art. ",1.0
14,1,Dar anistia aos estudantes para as dívidas do Fies.,PL 4583/2021,Dispõe sobre a anistia às dívidas dos beneficiários do Fies consolidadas até 31 de dezembro de 2021.,"PROJETO DE LEI Nº ________, DE 2021
(Da Sra. ERIKA KOKAY)
Dispõe sobre a anistia às dívidas dos
beneficiários do Fies consolidadas até 31 de
dezembro de 2021.
O Congresso Nacional decreta:
Art.  1º Ficam anistiadas todas as obrigações de pagamentos
vigentes até 31 de dezembro de 2021 do Fundo de Financiamento Estudantil e
do Programa de Financiamento Estudantil, regulados pela Lei nº 10.260, de 12
de julho de 2001, e relacionadas:
I - à amortização do saldo devedor dos contratos;
II - aos juros incidentes sobre o financiamento
III - ao pagamento de parcelas oriundas de condições especiais
de a",1.0
14,1,Dar anistia aos estudantes para as dívidas do Fies.,PL 1309/2022,"Altera a Lei nº 10.260, de 20 de julho de 2001, que dispõe sobre o Fundo de Financiamento ao estudante do Ensino Superior, para conceder desconto nas parcelas do FIES.","PROJETO DE LEI Nº      , DE 2022
(Do Sr. Deputado Guiga Peixoto)
Altera a Lei nº 10.260, de 20 de julho de
2001,  que  dispõe  sobre  o  Fundo  de
Financiamento  ao  estudante  do  Ensino
Superior,  para  conceder  desconto  nas
parcelas do FIES. 
O Congresso Nacional decreta:
Art. 1º Esta lei altera a Lei nº 10.260, de 20 de julho de 2001,
que dispõe sobre o Fundo de Financiamento ao estudante do Ensino
Superior, para conceder desconto nas parcelas do FIES.
Art.  2º  A Lei  nº 10.260,  de 20 de julho de 2001,  passa a
vigorar com as seguintes alterações: 
“Art. 5º-D O agente financeiro conced",0.5
14,1,Dar anistia aos estudantes para as dívidas do Fies.,INC 4410/2009,"Sugere ao Ministro   da Educação alterações no FIES de modo que sejam renegociadas as dívidas dos que possuem contratos antigos, nos mesmos moldes concedidos aos alunos do CREDUC.","REQUERIMENTO
(Do Sr. JOÃO DADO )
Requer o envio de Indicação ao
Poder Executivo, sugerindo alterações no
FIES, de modo que sejam renegociadas as
dívidas dos que possuem contratos antigos,
nos mesmo moldes concedidos aos alunos
do CREDUC.
Senhor Presidente:
Nos termos do art. 113, inciso I e § 1º, do Regimento
Interno da Câmara dos Deputados, requeiro a V. Exª. seja encaminhada ao
Poder Executivo a Indicação anexa, sugerindo alterações no FIES de modo
que sejam renegociadas as dívidas dos que possuem contratos antigos, nos
mesmos moldes concedidos aos alunos beneficiários do CREDUC.
Sala das Se",0.5
14,1,Dar anistia aos estudantes para as dívidas do Fies.,PL 4974/2009,"Concede anistia a bolsistas dos cursos da área de ciências da saúde atendidos pela Lei nº10.260, de 12 de julho de 2001, que instituiu o Fundo de Financiamento ao estudante do Ensino Superior - FIES.","CÂMARA  DOS  DEPUTADOS
PROJETO DE LEI N.º                   , DE 2009
(Da Sra. Elcione Barbalho)
Concede anistia a bolsistas dos cursos da
área de ciências da saúde atendidos pela
Lei nº10.260, de 12 de julho de 2001,
que instituiu o Fundo de Financiamento
ao estudante do Ensino Superior – FIES.
O Congresso Nacional decreta:
Art. 1º É concedida anistia aos estudantes financiados pelo Fundo de
Financiamento ao estudante do Ensino Superior – FIES, instituído pela Lei n.º
10.260, de 12 de julho de 2001, relativamente aos valores devidos após a
conclusão do curso de graduação, nos termos desta Lei",0.5
14,1,Dar anistia aos estudantes para as dívidas do Fies.,PL 178/2022,Dispõe sobre anistia aos beneficiários do Fies que se encontrarem registrados no CadÚnico.,"PROJETO DE LEI Nº          , DE 2021
(Do Sr. MOSES RODRIGUES)
Dispõe sobre anistia  aos beneficiários
do Fies que se encontrarem registrados no
CadÚnico.
O Congresso Nacional decreta:
Art. 1º A Lei nº 10.260, de 12 de julho de 2001, passa a vigorar
acrescida de art. 19-A:
“Art. 19-A. Os beneficiários do Fundo Fies referidos nos arts. 5º
e 5º-A, bem como os beneficiários do Programa de Financiamento Estudantil
de que trata o art. 15-D, com parcelas de amortização com atraso de mais de
90 (noventa) dias e que forem também inscritos no Cadastro Único (CadÚnico)
do governo federal, terão direito à",1.0
14,1,Dar anistia aos estudantes para as dívidas do Fies.,PL 1575/2021,"Suspende, excepcionalmente, o pagamento das obrigações do Fundo de Financiamento Estudantil - FIES para os estudantes beneficiários, durante a situação de emergência de saúde pública de importância nacional, em decorrência do coronavírus.","CÂMARA DOS DEPUTADOS
PROJETO DE LEI Nº          2021
(da Deputada PERPÉTUA ALMEIDA)
Suspende,  excepcionalmente,  o
pagamento  das  obrigações  do  Fundo  de
Financiamento  Estudantil  -  FIES  para  os
estudantes  beneficiários,  durante  a  situação
de  emergência  de  saúde  pública  de
importância  nacional,  em  decorrência  do
coronavírus.
O Congresso Nacional decreta: 
Art.  1º  Excepcionalmente,  durante  o  período  da  emergência  de
saúde pública de importância nacional, em decorrência do coronavírus, ficam
suspensos  os  pagamentos  das  obrigações  do  Fundo  de  Financiamento
Est",0.5
14,1,Dar anistia aos estudantes para as dívidas do Fies.,PL 1962/2020,"Dispõe sobre a ampliação de prazos e a suspensão de encargos financeiros do Fies em favor dos alunos beneficiários do financiamento estudantil previsto na Lei nº 10.260, de 12 de julho de 2001.","PROJETO DE LEI Nº          , DE 2020
(Do Sr. BETO ROSADO)
Dispõe sobre a ampliação de prazos e
a  suspensão  de  encargos  financeiros  do
Fies  em favor  dos  alunos  beneficiários  do
financiamento  estudantil  previsto  na  Lei  nº
10.260, de 12 de julho de 2001.
O Congresso Nacional decreta:
Art. 1º Ficam acrescidos o § 4º ao art. 5º-A; o art. 5º-D e o § 4º
ao art. 15-D na Lei nº 10.260, de 12 de julho de 2001, que passa a vigorar com
a seguinte redação nesses dispositivos:
“Art. 5º-A ......................................................................................
...................",0.5
15,1,Elaborar Projeto de Lei para prever os postos de oficiais-generais nas Polícias Militares e nos Corpos de Bombeiros Militares.,PL 6847/2010,"Altera o Decreto-Lei nº 667, de 2  de julho de 1969, para permitir que os Estados e Distrito Federal criem em suas polícias militares e corpos de bombeiros militares os quadros de oficiais e praças temporários.","PROJETO DE LEI Nº       , DE 2010
(Do Senhor Leo Alcântara)
Altera o Decreto-lei n. 667, de 2
de julho de 1969, para permitir que os
Estados e Distrito Federal criem em
suas polícias militares e corpos de
bombeiros militares os quadros de ofi-
ciais e praças temporários.
O Congresso Nacional decreta:
Art. 1º  Esta lei altera o Decreto-lei n. 667, de 2 de julho
de 1969, que “reorganiza as Polícias Militares e os Corpos de Bombeiros Milita-
res dos Estados, dos Território e do Distrito Federal, e dá outras providências”,
para permitir a criação de quadros de oficiais e praças temporários.
Art. 2",0.5
15,1,Elaborar Projeto de Lei para prever os postos de oficiais-generais nas Polícias Militares e nos Corpos de Bombeiros Militares.,PL 2925/2004,Dispõe sobre as normas gerais de ensino nas instituições militares estaduais.,"Projeto de Lei nº.........................., de 2004.
(Do Senhor Alberto Fraga )
Dispõe sobre as normas gerais de ensino
nas instituições militares estaduais.
O CONGRESSO NACIONAL decreta:
CAPÍTULO I
Disposições Preliminares
        Art 1º - Esta Lei dispõe sobre as normas gerais de ensino nas instituições
militares estaduais, nos termos do art. 22, IX, da Constituição, observado o
disposto no artigo 83 da Lei nº 9.394, de 20 de dezembro de 1996.
Art. 2º - O ensino nas polícias militares e corpos de bombeiros militares
obedecerá a um processo, contínuo e progressivo, de educação sistemática,
c",0.0
15,1,Elaborar Projeto de Lei para prever os postos de oficiais-generais nas Polícias Militares e nos Corpos de Bombeiros Militares.,PL 4682/2016,"Altera o Decreto-Lei nº 66769, que reorganiza as Polícias Militares os Corpos de Bombeiros Militares dos Estados e do Distrito Federal, e dá outras providências","PROJETO DE LEI Nº________, DE 2016 
(Do Sr.  Rocha) 
 
Altera o Decreto-Lei nº 66769, que reorganiza as Polícias Militares 
os Corpos de Bombeiros Militares dos Estados e do Distrito 
Federal, e dá outras providências. 
 
 
O Congresso Nacional decreta: 
 
  Art. 1º Esta lei altera o Decreto-Lei nº 667/69, que reorganiza as 
Policias Militares e os Corpos de Bombeiros Militares dos Estados e do Distrito 
Federal. 
Art. 2º O Decreto-Lei nº 667/69 passa a vigorar com a seguinte 
alteração: 
""Art. 9º As Policiais Militares e Corpo de Bombeiros Militares 
dos Estados e Distrito Federal, serão orga",0.5
15,1,Elaborar Projeto de Lei para prever os postos de oficiais-generais nas Polícias Militares e nos Corpos de Bombeiros Militares.,PL 87/2020,"Altera o Decreto-lei nº 667, de 2 de julho de 1969, o qual organiza as Polícias Militares e os Corpos de Bombeiros Militares dos Estados, dos Territórios e do Distrito Federal, para adaptar as regras de provimento do cargo de Comandante-Geral das Corporações militares estaduais e distritais...","1/6 
 
 
 
 
PROJETO DE LEI Nº                   , DE 2019 
(Do Sr. Guilherme Derrite) 
 
 
 
Altera o Decreto-lei nº 667, de 2 de julho de 
1969, o qual organiza as Polícias Militares e os 
Corpos de Bombeiros Militares dos Estados, dos 
Territórios e do Distrito Federal, para adaptar as 
regras de provimento do cargo de Comandante-Geral 
das Corporações militares estaduais e distritais. 
 
 
  
O Congresso Nacional decreta: 
 
 
Art. 1º Esta norma altera o Decreto-lei nº 667, de 2 de julho de 1969, o qual organiza as Polícias 
Militares e os Corpos de Bombeiros Militares dos Estados, dos Ter",0.5
15,1,Elaborar Projeto de Lei para prever os postos de oficiais-generais nas Polícias Militares e nos Corpos de Bombeiros Militares.,PL 6034/2005,"Altera a Lei nº 4.375, de 17 de agosto de 1964 - Lei do Serviço Militar.","PROJETO DE LEI Nº              de 2005.
 (Do Deputado MAURO BENEVIDES)
Altera a Lei nº 4.375, de 17 de agosto
de 1964 – Lei do Serviço Militar.
O Presidente da República:
Faço saber que o Congresso Nacional decreta e eu sanciono
a seguinte Lei:
Art. 1º. Os artigos 1o e § 1o, 4o e §§ 1o e 2o, § 1o do art. 6O, art.
16, § 2o do art. 17, art. 20, alínea a do art. 28, alínea a do art. 29,
alínea b do art. 30, alínea b do § 2o do art. 31 e art. 33 e §§ 1o e 2o da
Lei nº 4.375, de 17 de agosto de 1964, passam a vigorar com a
seguinte redação:
“Art. 1º O Serviço Militar consiste no exercício de ativid",0.0
15,1,Elaborar Projeto de Lei para prever os postos de oficiais-generais nas Polícias Militares e nos Corpos de Bombeiros Militares.,PL 3288/2008,"Altera a Lei nº 10.029, de 20 de outubro de 2000, que estabelece normas gerais para a prestação de serviço voluntário nas Polícias Militares e nos Corpos de Bombeiros Militares e dá outras providências.","PROJETO DE LEI Nº      DE 2008 
(Do Senhor Major Fábio) 
 
Altera a lei nº 10.209, de 20 de outubro 
de 2000, que estabelece normas gerais 
para a prestação de serviço voluntário 
nas Polícias Militares e nos Corpos de 
Bombeiros Militares e dá outras 
providências. 
 
O Congresso Nacional Decreta: 
 
Art. 1o Esta lei altera a lei nº 10.209, de 20 de outubro de 2000, que 
estabelece normas gerais para a prestação de serviço voluntário nas Polícias 
Militares e nos Corpos de Bombeiros Militares e dá outras providências 
Art. 2º  A lei nº 10.209, de 20 de dezembro de 2000, passa a vigorar com a ",0.0
15,1,Elaborar Projeto de Lei para prever os postos de oficiais-generais nas Polícias Militares e nos Corpos de Bombeiros Militares.,PL 482/2015,"Altera o Decreto-Lei nº 667/69, que Reorganiza as Polícias Militares e os Corpos de Bombeiros Militares dos Estados e do Distrito Federal, e dá outras providências.","PROJETO DE LEI Nº                 , DE 2015 
(Do Sr. Capitão Augusto) 
 
Altera o Decreto-Lei nº 667/69, que Reorganiza 
as Polícias Militares e os Corpos de Bombeiros Militares 
dos Estados e do Distrito Federal, e dá outras 
providências.  
 
O Congresso Nacional decreta:  
 
Art. 1º Esta lei altera o Decreto-Lei nº 667/69, que Reorganiza as 
Polícias Militares e os Corpos de Bombeiros Militares dos Estados e do Distrito 
Federal.  
Art. 2º O Decreto-Lei nº 667/69 passa a vigorar com a seguinte 
alteração:  
“Art. 9º Observada a legislação própria de cada Unidade da 
Federação, e respeitadas",0.5
15,1,Elaborar Projeto de Lei para prever os postos de oficiais-generais nas Polícias Militares e nos Corpos de Bombeiros Militares.,PL 3907/2019,"Altera o Decreto-Lei nº 667, de 2 de julho de 1969, que ""Reorganiza as Polícias Militares e os Corpos de Bombeiros Militares dos Estados, dos Territórios e do Distrito Federal, e dá outras providências"" para dispor que qualificação militar de difícil formação seja contabilizada como título para fins de pontuação nos concursos seletivos destinados ao ingresso nas Polícias Militares e nos Corpos de Bombeiros Militares.","PROJETO DE LEI Nº          , DE 2019 
(Do Sr. EXPEDITO NETTO) 
Altera o Decreto-Lei nº 667, de 2 de 
julho de 1969, que “Reorganiza as Polícias 
Militares e os Corpos de Bombeiros Militares 
dos Estados, dos Territórios e do Distrito 
Federal, e dá outras providências” para 
dispor que qualificação militar de difícil 
formação seja contabilizada como título para 
fins de pontuação nos concursos seletivos 
destinados ao ingresso nas Polícias Militares 
e nos Corpos de Bombeiros Militares. 
O Congresso Nacional decreta: 
Art. 1º O art. 11 do Decreto-Lei nº 667, de 2 de julho de 1969, 
passa a vi",0.0
15,1,Elaborar Projeto de Lei para prever os postos de oficiais-generais nas Polícias Militares e nos Corpos de Bombeiros Militares.,PL 5013/2005,"Inclui um art. 7º A no Decreto-lei nº 667 de 2 de julho de 1969, versando sobre Quadro de Oficiais e Praças Temporários no âmbito do Corpo de Bombeiros Militares.","1PROJETO DE LEI No         , DE 2005
(Do Sr. Léo Alcântara)
Inclui um art. 7º-A, no Decreto-lei nº
667, de 2 de julho de 1969, versando sobre
quadros de oficiais e praças temporários no
âmbito dos Corpos de Bombeiros Militares.
O Congresso Nacional decreta:
Art. 1o  O Decreto-lei nº 667, de 2 de julho de 1969, passa a
vigorar acrescido de um art. 7º-A, com a seguinte redação:
“ Art. 7º-A. Os Corpos de Bombeiros Militares poderão
instituir em suas organizações quadros de oficiais e praças
temporários obedecidas, entre outras a serem definidas
em lei, pelos Estados e Distrito Federal, as condiçõ",0.5
15,1,Elaborar Projeto de Lei para prever os postos de oficiais-generais nas Polícias Militares e nos Corpos de Bombeiros Militares.,PL 4184/2021,"Altera o Decreto-lei nº 667, de 2 de julho de 1969, o qual organiza as Polícias Militares e os Corpos de Bombeiros Militares dos Estados, dos Territórios e do Distrito Federal, para adaptar as regras de provimento do cargo de Comandante-Geral das Corporações militares estaduais e distritais.","PROJETO DE LEI N°              , DE 2021
(Do Sr. Guilherme Derrite)
Altera o Decreto-lei nº 667, de 2 de julho
de 1969, o qual organiza as Polícias Militares
e  os  Corpos  de  Bombeiros  Militares  dos
Estados, dos Territórios e do Distrito Federal,
para adaptar as regras de provimento do cargo
de  Comandante-Geral  das  Corporações
militares estaduais e distritais.
O Congresso Nacional decreta: 
Art. 1º  Esta norma altera o Decreto-lei nº 667, de 2 de julho de 1969, o qual organiza as
Polícias  Militares  e  os  Corpos  de  Bombeiros  Militares  dos  Estados,  dos  Territórios  e  do
Distrit",1.0
16,1,Vedar a oferta de cursos superiores na modalidade EAD para a área de saúde,PL 8445/2017,Dispõe sobre a vedação da criação e da oferta de cursos superiores de Enfermagem na modalidade da educação a distância (EAD).,"Palácio do Congresso Nacional - Praça dos Três Poderes - Anexo IV - Gabinete 427 - Brasília - DF - CEP 70160-900 
Telefone: (61) 3215-5427 
CÂMARA DOS DEPUTADOS 
Gabinete do Deputado Luciano Ducci – PSB/PR 
 
PROJETO DE LEI Nº          , DE 2017 
(Do Sr. LUCIANO DUCCI) 
 
 
 
Dispõe sobre a vedação da criação e 
da oferta de cursos superiores de 
Enfermagem na modalidade da educação a 
distância (EAD). 
 
 
O Congresso Nacional decreta: 
 
Art. 1º Veda-se o incentivo ao desenvolvimento e à oferta de 
cursos superiores de Enfermagem integralmente na modalidade da educação a 
distância (EAD).  
",0.5
16,1,Vedar a oferta de cursos superiores na modalidade EAD para a área de saúde,PL 11112/2018,"Altera o art. 46 da Lei nº 9.394, de 20 de dezembro de 1996, que estabelece as diretrizes e bases da educação nacional, para dispor sobre oferta de cursos de graduação à distância na área de saúde.","PROJETO DE LEI Nº          , DE 2018 
(Do Sr. CESAR SOUZA) 
Altera o art. 46 da Lei nº 9.394, de 20 
de dezembro de 1996, que estabelece as 
diretrizes e bases da educação nacional, 
para dispor sobre oferta de cursos de 
graduação à distância na área de saúde. 
O Congresso Nacional decreta: 
Art. 1º O art. 46 da Lei nº 9.394, de 20 de dezembro de 1996, 
passa a vigorar acrescido do seguinte parágrafo: 
“Art. 46 ........................................................................................ 
..............................................................................................",1.0
16,1,Vedar a oferta de cursos superiores na modalidade EAD para a área de saúde,PDC 733/2017,"Susta a Portaria nº 11, de 20 de junho de 2017, republicada em 21 de junho de 2017, do Ministério da Educação, que estabelece normas para o credenciamento de instituições e a oferta de cursos superiores a distância, em conformidade com o Decreto nº 9.057, de 25 de maio de 2017.","PROJETO DE DECRETO LEGISLATIVO Nº          , DE 2017 
(Do Sr. ORLANDO SILVA) 
Susta a Portaria nº 11, de 20 de 
junho de 2017, republicada em 21 de junho 
de 2017, do Ministério da Educação, que 
estabelece normas para o credenciamento 
de instituições e a oferta de cursos 
superiores a distância, em conformidade 
com o Decreto nº 9.057, de 25 de maio de 
2017. 
O Congresso Nacional decreta: 
Art. 1º Fica sustada a Portaria nº 11, de 20 de junho de 2017, 
republicada em 21 de junho de 2017, do Ministério da Educação, que 
estabelece normas para o credenciamento de instituições e a oferta de 
c",0.5
16,1,Vedar a oferta de cursos superiores na modalidade EAD para a área de saúde,PL 1946/2021,"Altera a Lei nº 9.394, de 20 de dezembro de 1996, que estabelece as diretrizes e bases da educação nacional, para vedar o ensino à distância nos cursos de graduação da área de saúde.","PROJETO DE LEI Nº               , de 2021
(Do Sr. Professor Alcides)
Altera  a  Lei  nº  9.394,  de  20  de
dezembro de 1996, que estabelece as
diretrizes  e  bases  da  educação
nacional,  para  vedar  o  ensino  a
distância nos cursos de graduação da
área da saúde.
O Congresso Nacional decreta:
Art. 1º Esta Lei altera a Lei nº 9.394, de 20 de dezembro de 1996,
que estabelece as diretrizes e bases da educação nacional, para vedar o
ensino a distância nos cursos de graduação da área da saúde.
Art.  2º  A Lei  nº  9.394,  de  20 de dezembro de 1996,  passa a
vigorar com a seguinte redação:
“Art",1.0
16,1,Vedar a oferta de cursos superiores na modalidade EAD para a área de saúde,INC 2953/2016,Sugere ao Ministério da Educação a definição do termo tutor nas normas de oferta da modalidade de educação a distância.,"CÂMARA DOS DEPUTADOS 
 
 
 
REQUERIMENTO  
(Do Sr. Deputado Rômulo Gouveia) 
Requer o envio de Indicação 
ao Poder Executivo, relativa à 
definição do termo tutor nas 
normas de oferta da modalidade 
de educação a distância. 
Senhor Presidente: 
Nos termos do art. 113, inciso I e § 1º, do 
Regimento Interno da Câmara dos Deputados, requeiro a Vossa 
Excelência seja encaminhada ao Poder Executivo a Indicação 
anexa, sugerindo ao Ministério da Educação a definição do 
termo tutor nas normas de oferta da modalidade de educação a 
distância. 
 
        Sala das Sessões, em       de                ",0.0
16,1,Vedar a oferta de cursos superiores na modalidade EAD para a área de saúde,PL 6858/2017,"Acrescenta o § 1º-A ao art. 80 da Lei nº 9.394, de 20 de dezembro de 1996, que estabelece as diretrizes e bases da educação nacional, para proibir a autorização, a renovação da autorização, o reconhecimento e a renovação do reconhecimento dos cursos superiores de graduação na área de saúde humana e animal que sejam totalmente ministrados na modalidade a distância.","CÂMARA DOS DEPUTADOS 
 
 
 
 
PROJETO DE LEI Nº                 , DE 2017 
    (Do Sr. Rômulo Gouveia)  
 
 
 
 
Acrescenta o § 1º-A ao art. 80 da Lei 
nº 9.394, de 20 de dezembro de 
1996, que estabelece as diretrizes e 
bases da educação nacional, para 
proibir a autorização, a renovação 
da autorização, o reconhecimento e 
a renovação do reconhecimento dos 
cursos superiores de graduação na 
área de saúde humana e animal que 
sejam totalmente ministrados na 
modalidade a distância. 
 
 
 
O Congresso Nacional decreta: 
 
 
Art. 1º O art. 80 da Lei nº 9.394, de 20 de 
dezembro de 1996, passa",1.0
16,1,Vedar a oferta de cursos superiores na modalidade EAD para a área de saúde,PL 5731/2019,"Acrescenta o § 5º ao art. 80 da Lei nº 9.394, de 20 de dezembro de 1996, que estabelece as diretrizes e bases da educação nacional, para limitar a 20% a proporção da carga horária dos cursos técnicos e superiores na área de saúde que podem ser ministrados na modalidade a distância","PROJETO DE LEI Nº          , DE 2019 
(Do Sr. OTONI DE PAULA) 
Acrescenta o § 5º ao art. 80 da Lei nº 
9.394, de 20 de dezembro de 1996, que 
estabelece as diretrizes e bases da 
educação nacional, para limitar a 20% a 
proporção da carga horária dos cursos 
técnicos e superiores na área de saúde que 
podem ser ministrados na modalidade a 
distância 
O Congresso Nacional decreta: 
Art. 1º O art. 80 da Lei nº 9.394, de 20 de dezembro de 1996, 
passa a vigorar acrescido de § 5º com a seguinte redação: 
“Art. 80 .....................................................................................",0.5
16,1,Vedar a oferta de cursos superiores na modalidade EAD para a área de saúde,PL 2891/2015,"Altera a Lei nº 7.498, de 25 de junho de 1986, que regulamenta o exercício da enfermagem, para nela incluir a obrigatoriedade de formação exclusivamente em cursos presenciais para os profissionais da área"".","PROJETO DE LEI Nº ______, DE 2015 
(Do Senhor Deputado ORLANDO SILVA) 
 
 
  
Altera a Lei nº 7.498, de 25 de junho de 
1986, que regulamenta o exercício da 
enfermagem, para nela incluir a 
obrigatoriedade de formação 
exclusivamente em cursos presenciais 
para os profissionais da área”. 
 
                         O CONGRESSO NACIONAL decreta: 
 
Art. 1º  O art. 2º da Lei nº 7.498, de 25 de junho de 1986, passa a vigorar com a 
seguinte alteração: 
 
“Art. 2º .................................... 
.................................................. 
Parágrafo único. A enfermagem é exercida pri",1.0
16,1,Vedar a oferta de cursos superiores na modalidade EAD para a área de saúde,PL 1549/2019,"Altera ao art. 80 da Lei nº 9.394, de 20 de dezembro de 1996, que estabelece as diretrizes e bases da educação nacional, para dispor sobre a educação à distância e dar outras providências.","CÂMARA DOS DEPUTADOS 
 
PROJETO DE LEI Nº, DE 2019 
(Sr. Schiavinato) 
 
 
 
 
Altera ao art. 80 da Lei nº 9.394, de 20 de 
dezembro de 1996, que estabelece as 
diretrizes e bases da educação nacional, para 
dispor sobre a educação à distância e dar 
outras providências. 
 
 
 
 
 
O Congresso Nacional decreta: 
Art. 1º O art. 80 da Lei nº 9.394, de 20 de dezembro de 1996 – Lei 
de Diretrizes e Bases da Educação Nacional passa a vigorar com a seguinte 
redação: 
“Art. 80 O Poder Público incentivará o desenvolvimento e a 
veiculação de programas de ensino a distância, em todos os níveis e 
moda",0.5
16,1,Vedar a oferta de cursos superiores na modalidade EAD para a área de saúde,INC 3894/2017,"Sugere a criação de Campus do Instituto Federal de Educação, Ciência e Tecnologia do Sertão Pernambucano (IF Sertão-PE), no município de Arcoverde, PE.","REQUERIMENTO Nº          , DE 2017 
(Do Sr. ZECA CAVALCANTI) 
Requer o envio de Indicação ao Poder 
Executivo, relativa à criação de Campus do 
Instituto Federal de Educação, Ciência e 
Tecnologia do Sertão Pernambucano (IF 
Sertão-PE), no município de Arcoverde, PE. 
Senhor Presidente: 
Nos termos do art. 113, inciso I e § 1º, do Regimento Interno da 
Câmara dos Deputados, requeiro a V. Exª. seja encaminhada ao Poder 
Executivo a Indicação anexa, sugerindo a criação de Campus do Instituto 
Federal de Educação, Ciência e Tecnologia do Sertão Pernambucano (IF 
Sertão-PE), no município de Arcove",0.0
17,1,Solicito a elaboração de projeto de lei para permitir o uso do FGTS para o pagamento de mensalidade escolar,PL 6436/2005,"Acrescenta inciso ao art. 20 da Lei nº 8.036, de 11 de maio de 1990, a fim de permitir a movimentação da conta vinculada do trabalhador no FGTS para o pagamento de mensalidade escolar de curso de ensino superior.","PROJETO DE LEI No        , DE 2005
(Do Sr. MEDEIROS)
Acrescenta inciso ao art. 20 da Lei n.º
8.036, de 11 de maio de 1990, a fim de permitir
a movimentação da conta vinculada do
trabalhador no FGTS para o pagamento de
mensalidade escolar de curso de ensino
superior.
O Congresso Nacional decreta:
Art. 1º O art. 20 da Lei n.º 8.036, de 11 de maio de 1990,
passa a vigorar acrescido do seguinte inciso XVII:
“Art. 20.............................................................................
.........................................................................................
XVII – para pagam",1.0
17,1,Solicito a elaboração de projeto de lei para permitir o uso do FGTS para o pagamento de mensalidade escolar,PL 485/2003,"Acrescenta  inciso ao art. 20 da Lei nº 8.036, de 11 de maio de 1990, para permitir a movimentação da conta vinculada do FGTS para pagamento de mensalidades referentes ao ensino superior, nas condições que especifica.","PROJETO DE LEI Nº      , DE 2003 
(Do Sr. Carlos Nader) 
Acrescenta inciso ao art. 20 da Lei n.º 
8.036, de 11 de maio de 1990, para permitir 
a movimentação da conta vinculada do 
FGTS para pagamento de mensalidades 
referentes ao ensino superior, nas 
condições que especifica.  
O Congresso Nacional decreta: 
 
Art. 1º O caput do art. 20 da Lei n.º 8.036, de 11 de maio 
de 1990, passa a vigorar acrescido do seguinte inciso XVI: 
 
“Art. 20. A conta vinculada do trabalhador no FGTS 
poderá ser movimentada nas seguintes situações: 
 
............................................................",1.0
17,1,Solicito a elaboração de projeto de lei para permitir o uso do FGTS para o pagamento de mensalidade escolar,PL 7373/2002,"Dispõe sobre a movimentação da conta vinculada ao FGTS, a fim de custear as despesas com mensalidades escolares de curso superior no Brasil e no Exterior.","PROJETO DE LEI Nº      , DE 2002  
(Do Sr. CRESCÊNCIO PEREIRA JÚNIOR) 
Dispõe sobre a movimentação da conta 
vinculada ao FGTS, a fim de custear as 
despesas com mensalidades escolares de 
curso superior no Brasil e no Exterior.  
O Congresso Nacional decreta: 
Art. 1º  Esta lei visa modificar a Lei n º 8.036, de 11 de 
maio de 1990, a fim de permitir a movimentação da conta vinculada ao FGTS 
para custear as despesas com mensalidades escolares de curso superior no 
Brasil e no Exterior. 
Art. 2º  O art. 20 da Lei 8.036, de 11 de maio de 2002, 
passa a vigorar acrescido do seguinte inciso XVI:",1.0
17,1,Solicito a elaboração de projeto de lei para permitir o uso do FGTS para o pagamento de mensalidade escolar,PL 3286/2004,"Acrescenta dispositivos ao art. 20 da Lei  nº 8.036, 11 de maio de 1990, para permitir a movimentação da conta vinculada do FGTS para o pagamento de mensalidade em curso de nível superior e profissionalizante.","PROJETO DE LEI DA CÂMARA Nº       , DE 2004
( Do Sr. JOSÉ ROBERTO ARRUDA )
Acrescenta dispositivos ao artigo 20 da
Lei  nº 8.036, 11 de maio de 1990, para
permitir a movimentação da conta
vinculada do FGTS para o pagamento de
mensalidade em curso de nível superior e
profissionalizante.
O Congresso Nacional decreta:
Art. 1.º O art. 20 da Lei nº 8.036, de 11 de maio de 1990, com
redação dada pelas Leis nos 8.678, de 1993, 8.922, de 1994, 9.491, de
1997, e 9.635, de 1998, e pelas Medidas Provisórias nos 2.197-43 e 2.164-
41, ambas de 2001, passa a vigorar com a seguinte redação:
“Art. 20. .......",1.0
17,1,Solicito a elaboração de projeto de lei para permitir o uso do FGTS para o pagamento de mensalidade escolar,PL 1450/2003,"Acrescenta o inciso I, no artigo 42 da Lei nº 8.078 (Código de Defesa do Consumidor), de 11 de setembro de 1990, para que, durante o ano letivo, o estudante não sofra qualquer punição pelo atraso no pagamento de mensalidade escolar.","PROJETO DE LEI Nº            , DE 2003
(Do Sr. Olavo Calheiros)
Acrescenta o inciso I, no artigo 42 da Lei nº 8.078
(Código de Defesa do Consumidor), de 11 de setembro de
1990, para que, durante o ano letivo, o estudante não sofra
qualquer punição pelo atraso no pagamento de mensalidade
escolar.
 O Congresso Nacional decreta:
  Art. 1º - Fica acrescido o inciso I, ao artigo 42, da Lei nº 8.078, de 11 de setembro
de 1990, impedindo que o estudante sofra qualquer punição pelo atraso no pagamento da
mensalidade escolar, durante o ano letivo.
    Art. 2º - O inciso I, do art. 42, passa a vigorar c",0.0
17,1,Solicito a elaboração de projeto de lei para permitir o uso do FGTS para o pagamento de mensalidade escolar,PL 1204/2015,"Acrescenta inciso ao art. 20 da Lei nº 8.036, de 11 de maio de 1990, para permitir a movimentação da conta vinculada do Fundo de Garantia do Tempo de Serviço - FGTS para pagamento de parcelas das taxas e mensalidades do ensino superior.","PROJETO DE LEI Nº       , DE 2015 
(Do Sr. Daniel Vilela) 
 
 
 
Acrescenta inciso ao art. 20 da Lei 
nº 8.036, de 11 de maio de 1990, para 
permitir a movimentação da conta vinculada 
do Fundo de Garantia do Tempo de Serviço 
– FGTS para pagamento de parcelas das 
taxas e mensalidades do ensino superior. 
 
 
 
O Congresso Nacional decreta: 
Art. 1º O art. 20 da Lei nº 8.036, de 11 de maio de  1990, passa a 
vigorar acrescido do seguinte inciso XVIII: 
“Art. 20. A conta vinculada do trabalhador no FGTS 
poderá ser movimentada nas seguintes situações: 
.........................................",1.0
17,1,Solicito a elaboração de projeto de lei para permitir o uso do FGTS para o pagamento de mensalidade escolar,PL 107/2022,"Altera a Lei nº 8.036, de 1990, que dispõe sobre o Fundo de Garantia do Tempo de Serviço, e dá outras providências, para permitir a utilização do FGTS para pagamento de mensalidade escolar do ensino superior do trabalhador, de seu cônjuge e de seus dependentes.","CÂMARA DOS DEPUTADOS
Deputado Pastor Gil (PL/MA)
PROJETO DE LEI Nº.        , DE 2022
(Do Sr. Pastor Gil)
Altera a Lei nº 8.036, de 1990, que
dispõe  sobre  o  Fundo  de  Garantia  do
Tempo  de  Serviço,  e  dá  outras
providências,  para  permitir  a  utilização
do  FGTS  para  pagamento  de
mensalidade escolar  do ensino superior
do trabalhador, de seu cônjuge e de seus
dependentes.
O CONGRESSO NACIONAL decreta:
Art. 1º O art. 20 da Lei nº 8.036, de 11 de maio de 1990, passa a vigorar com as 
seguintes alterações: 
“Art. 20 .....................................................................",1.0
17,1,Solicito a elaboração de projeto de lei para permitir o uso do FGTS para o pagamento de mensalidade escolar,PL 4457/2020,"Altera a Lei nº 8.036, de 11 de maio de 1990, que dispõe sobre o Fundo de Garantia do Tempo de Serviço, para permitir o saque para pagamento de despensas educacionais do titular e dependentes, bem como de reforma necessária de imóvel.""","CÂMARA DOS DEPUTADOS
Gabinete do Deputado LUIZ CARLOS MOTTA – PL/SP
PROJETO DE LEI Nº          , DE 2020
(Do Sr. LUIZ CARLOS MOTTA)
Altera  a  Lei  nº  8.036,  de  11 de maio de
1990,  que  dispõe  sobre  o  Fundo  de
Garantia  do  Tempo  de  Serviço,  para
permitir  o  saque  para  pagamento  de
despensas  educacionais  do  titular  e
dependentes,  bem  como  de  reforma
necessária de imóvel.
O CONGRESSO NACIONAL decreta:
Art. 1º A Lei nº 8.036, de 11 de maio de 1990, que dispõe sobre o
Fundo  de  Garantia  do  Tempo  de  Serviço,  e  dá  outras  providências,  para
acrescentar incisos ao art",1.0
17,1,Solicito a elaboração de projeto de lei para permitir o uso do FGTS para o pagamento de mensalidade escolar,PL 2979/2004,Dispõe sobre a movimentação da conta vinculada do trabalhador no FGTS para garantir financiamento estudantil público de curso de ensino superior.,"PROJETO DE LEI Nº           , DE 2004
(Do Sr. NELSON BORNIER)
Dispõe sobre a movimentação da conta
vinculada do trabalhador no FGTS para
garantir financiamento estudantil público de
curso de ensino superior.
O Congresso Nacional decreta:
Art. 1º O art. 20 da Lei nº 8.036, de 11 de maio de 1990,
passa a vigorar acrescido do seguinte inciso XVI:
“Art. 20.............................................................................
XVI – garantia de financiamento estudantil público de curso
de ensino superior solicitado pelo trabalhador ou qualquer
de seus dependentes.”
Art. 2º Esta lei entra em v",0.5
17,1,Solicito a elaboração de projeto de lei para permitir o uso do FGTS para o pagamento de mensalidade escolar,PL 2551/2019,"Acrescenta inciso ao caput do art. 20 da Lei nº 8.036, de 11 de maio de 1990, para permitir a movimentação da conta vinculada do trabalhador no Fundo de Garantia do Tempo de Serviço para pagamento de mensalidades e outras despesas exigidas à frequência em curso de ensino superior.","PROJETO DE LEI Nº          , DE 2019 
(Do Sr. ANDRÉ FERREIRA) 
Acrescenta inciso ao caput do art. 20 
da Lei nº 8.036, de 11 de maio de 1990, para 
permitir a movimentação da conta vinculada 
do trabalhador no Fundo de Garantia do 
Tempo de Serviço para pagamento de 
mensalidades e outras despesas exigidas à 
frequência em curso de ensino superior. 
O Congresso Nacional decreta: 
Art. 1º O caput do art. 20 da Lei nº 8.036, de 11 de maio de 
1990, passa a vigorar acrescido do seguinte inciso XX: 
“Art. 20....................................................................................... 
..",1.0
18,1,Torna obrigatória estabelece multas em caso de descumprimento da classificação indicativa para manifestações culturais que agridam os valores da família.,PL 5001/2019,"Altera a Lei nº 8.069, de 13 de julho de 1990, que ""Dispõe sobre o Estatuto da Criança e do Adolescente e dá outras providências"".","CÂMARA DOS DEPUTADOS 
PROJETO DE LEI Nº          , DE 2019 
(Do Sr. LUCAS REDECKER) 
Altera a Lei nº 8.069, de 13 de julho de 
1990, que “Dispõe sobre o Estatuto da 
Criança e do Adolescente e dá outras 
providências”. 
O Congresso Nacional decreta: 
Art. 1º Esta Lei altera a Lei nº 8.069, de 13 de julho de 1990, 
mormente para dispor sobre a classificação indicativa de exposições e 
exibições de arte, amostras e eventos culturais. 
Art. 2º O art. 75 da Lei nº 8.069, de 13 de julho de 1990, passa 
a vigorar com a seguinte redação: 
“Art. 75. Toda criança ou adolescente terá acesso às diversões",0.5
18,1,Torna obrigatória estabelece multas em caso de descumprimento da classificação indicativa para manifestações culturais que agridam os valores da família.,PL 8873/2017,"Dispõe sobre a classificação indicativa em exposições, mostras de artes visuais e auditivas no âmbito dos Municípios, Estados e Distrito Federal, e dá outras providências.","Câmara dos Deputados | Anexo IV - 6º andar - Gabinete 627 | 70160-900 Brasília DF 
Tel. (61) 3215-5627 - Fax (61) 3215-2627| dep.franklinlima@camara.leg.br 
Gabinete do Deputado Franklin - PP/MG 
PROJETO DE LEI Nº        , DE 2017 
(Do Sr. Franklin) 
 
 
Dispõe sobre a classificação indicativa em 
exposições, mostras de artes visuais e 
auditivas no âmbito dos Municípios, 
Estados e Distrito Federal, e dá outras 
providências. 
 
O CONGRESSO NACIONAL decreta:  
 
Art. 1º – Fica instituída a classificação indicativa em exposições, mostras de artes 
visuais e auditivas nos museus públicos ou pri",0.5
18,1,Torna obrigatória estabelece multas em caso de descumprimento da classificação indicativa para manifestações culturais que agridam os valores da família.,INC 3968/2017,"Sugere que a Secretaria Nacional de Justiça e Segurança Pública adote providências no sentido de provar as mudanças na Portaria nº 368, de 11 de fevereiro de 2014, deste Ministério da Justiça para que seja obrigatória a classificação indicativa - além da programação de TV, cinema, DVD, jogos eletrônicos e de interpretação - RPG - nas exibições ou apresentações ao vivo, abertas ao público, tais como as circenses, teatrais e shows musicais.","CÂMARA DOS DEPUTADOS 
 
 
REQUERIMENTO Nº ............ DE 2017 
(Do Sr. Deputado Pr. Marco Feliciano) 
 
Requer o envio de Indicação ao Excelentíssimo Sr. 
Ministro de Estado da Justiça e Segurança Pública 
sugerindo que a Secretaria Nacional de Justiça e 
Segurança Pública e Segurança Pública adote 
providências no sentido de provar as mudanças na 
Portaria nº 368, de 11 de fevereiro de 2014, deste 
Ministério da Justiça para que seja obrigatória a 
classificação indicativa – além da programação de 
TV, cinema, DVD, jogos eletrônicos e de 
interpretação – RPG – nas exibições ou 
apresentações",0.5
18,1,Torna obrigatória estabelece multas em caso de descumprimento da classificação indicativa para manifestações culturais que agridam os valores da família.,PL 8767/2017,"Altera a Lei nº 8.069, de 13 de julho de 1990, que ""Dispõe sobre o Estatuto da Criança e do Adolescente e dá outras providências"", e dá outras providências, para dispor sobre a compatibilidade indicativa entre programação televisiva e propaganda.","PROJETO DE LEI Nº       DE 2017 
(Do Sr. Dep. Mário Heringer) 
 
Altera a Lei nº 8.069, de 13 de julho de 
1990, que “Dispõe sobre o Estatuto da 
Criança e do Adolescente e dá outras 
providências”, e dá outras providências, 
para dispor sobre a compatibilidade 
indicativa entre programação televisiva 
e propaganda. 
 
O Congresso Nacional decreta: 
 
Art. 1º. Esta Lei altera a Lei nº 8.069, de 13 de julho de 1990, para 
dispor sobre a compatibilidade indicativa entre programação televisiva e 
propaganda. 
Art. 2º. A Lei nº 8.069, de 13 de julho de 1990, passa a vigorar 
acrescida dos arts. 76",0.5
18,1,Torna obrigatória estabelece multas em caso de descumprimento da classificação indicativa para manifestações culturais que agridam os valores da família.,INC 1187/2019,"Sugere ao Ministro da Justiça e Segurança Pública a atualização nos procedimentos de classificação indicativa de que tratam o art. 74 da Lei nº 8.069, de 13 de julho de 1990, o art. 3º da Lei nº 10.359, de 27 de dezembro de 2001, e o art. 11 da Lei nº 12.485, de 12 de setembro de 2011.","INDICAÇÃO Nº      , DE 2019 
(Do Sr. CABO JUNIO AMARAL) 
Sugere ao Ministro da Justiça e 
Segurança Pública a atualização nos 
procedimentos de classificação indicativa de 
que tratam o art. 74 da Lei nº 8.069, de 13 de 
julho de 1990, o art. 3º da Lei nº 10.359, de 
27 de dezembro de 2001, e o art. 11 da Lei nº 
12.485, de 12 de setembro de 2011. 
Excelentíssimo Senhor Ministro da Justiça e Segurança Pública, 
Os meios de comunicação social são potentes difusores de 
informações, conteúdos e valores. Não à toa, a Constituição Federal estabeleceu 
diretivas para atuação dos meios de comunicaçã",0.5
18,1,Torna obrigatória estabelece multas em caso de descumprimento da classificação indicativa para manifestações culturais que agridam os valores da família.,PL 6968/2010,Altera o Estatuto da Criança e do Adolescente para tornar mais claros os critérios a serem obedecidos pela programação televisiva veiculada no horário destinado a crianças e adolescentes.,"PROJETO DE LEI Nº      , DE 2010
(Do Sr. Silas Brasileiro)
Altera o Estatuto da Criança e do
Adolescente para tornar mais claros os
critérios a serem obedecidos pela
programação televisiva veiculada no horário
destinado a crianças e adolescentes.
O Congresso Nacional decreta:
Art. 1º  Esta lei modifica a Lei nº 8.069, de 13 de julho de
1990 – Estatuto da Criança e do Adolescente -, com o intuito de regular o
conteúdo da programação televisiva veiculada nos horários destinados à
crianças e adolescentes.
Art. 2º A Lei nº 8.069, de 13 de julho de 1990, passa a
vigorar acrescida de artigo com a se",0.5
18,1,Torna obrigatória estabelece multas em caso de descumprimento da classificação indicativa para manifestações culturais que agridam os valores da família.,PL 2965/2004,"Dispõe sobre a proteção ao usuário dos meios de comunicação social, serviços de radiodifusão e demais serviços de comunicação eletrônica de massa.","PROJETO DE LEI Nº      , DE 2004
             (Do Sr. ALMIR MOURA)
Dispõe sobre a proteção ao usuário
dos meios de comunicação social, serviços de
radiodifusão e demais serviços de
comunicação eletrônica de massa.
O Congresso Nacional decreta:
Art. 1º Esta lei dispõe sobre a proteção ao usuário dos
meios de comunicação social em geral, dos serviços de radiodifusão e dos
demais serviços de comunicação eletrônica de massa.
Art. 2º São direitos do usuário dos meios de
comunicação social, dos serviços de radiodifusão e demais serviços de
comunicação eletrônica de massa:
I – a oferta de serviços co",0.5
18,1,Torna obrigatória estabelece multas em caso de descumprimento da classificação indicativa para manifestações culturais que agridam os valores da família.,PL 1514/2015,"Altera a Lei nº 8.069, de 13 de julho de 1990, disciplinando a venda de jogos para computador e outros dispositivos eletrônicos, conforme a classificação indicativa.","PROJETO DE LEI Nº      , DE 2015 
(Do Sr. Hiran Gonçalves) 
Altera a Lei nº 8.069, de 13 de julho 
de 1990, disciplinando a venda de jogos 
para computador e outros dispositivos 
eletrônicos, conforme a classificação 
indicativa.  
O Congresso Nacional decreta: 
Art. 1º Esta Lei altera a Lei nº 8.069, de 13 de julho de 
1990, disciplinando a venda de jogos para computador e outros dispositivos 
eletrônicos, conforme a classificação indicativa.  
Art. 2º Dê-se a seguinte redação ao art. 77 da Lei nº 
8.069, de 13 de julho de 1990, renumerando-se o Parágrafo Único: 
 “Art. 77. Os proprietários, ",0.0
18,1,Torna obrigatória estabelece multas em caso de descumprimento da classificação indicativa para manifestações culturais que agridam os valores da família.,PL 8876/2017,"Altera os arts. 74, 75, 81, 240 e 241 da Lei nº 8.609, de 13 de julho de 1990, para dispor sobre classificação indicativa para exposições de museus e espaços congêneres.","PROJETO DE LEI Nº          , DE 2017 
 (Do Sr. LINCOLN PORTELA) 
 
 
Altera os arts. 74, 75, 81, 240 e 241 
da Lei nº 8.609, de 13 de julho de 
1990, para dispor sobre classificação 
indicativa para exposições de 
museus e espaços congêneres. 
O Congresso Nacional decreta: 
 
1º Esta Lei inclui museus e espaços congêneres entre os espaços que 
devem ser objeto de proteção à exposição de seus conteúdos a crianças e 
adolescentes. 
Art. 2º Os arts. 74, 75, 81, 240 e 241 da Lei nº 8.069, de 13 de julho de 
1990, que “dispõe sobre o Estatuto da Criança e do Adolescente e dá outras 
providências”, ",0.5
18,1,Torna obrigatória estabelece multas em caso de descumprimento da classificação indicativa para manifestações culturais que agridam os valores da família.,PL 1732/2019,Acrescenta dispositivo à Lei n.º 8.069/1990 para determinar que conteúdos audiovisuais distribuídos por provedores de aplicações na Internet sejam obrigados a incluir classificação indicativa e permitir controle parental por faixa etária.,"PROJETO DE LEI Nº          , DE 2019 
(Da Sra. RENATA ABREU) 
Acrescenta dispositivo à Lei n.º 
8.069/1990 para determinar que conteúdos 
audiovisuais distribuídos por provedores de 
aplicações na Internet sejam obrigados a 
incluir classificação indicativa e permitir 
controle parental por faixa etária. 
O Congresso Nacional decreta: 
Art. 1º Esta Lei acrescenta dispositivo à Lei n.º 8.069/1990, que 
dispõe sobre o Estatuto da Criança e do Adolescente e dá outras providências, 
para determinar que conteúdos audiovisuais distribuídos por provedores de 
aplicações na Internet sejam obrigados a ",0.5
19,1,Elaborar projeto de lei ampliando o prazo da licença paternidade,PL 7985/2014,"Altera dispositivos da Consolidação das Leis do Trabalho, aprovada pelo Decreto Lei Nº. 5.452, de 1º de maio de 1943, de forma a ampliar a licença paternidade.","CÂMARA DOS DEPUTADOS 
 
PROJETO DE LEI Nº.                                  , DE 2014 
(Do Sr. Rubens Bueno) 
 
Altera dispositivos da Consolidação das Leis do 
Trabalho, aprovada pelo Decreto Lei Nº. 5.452, 
de 1º de maio de 1943, de forma a ampliar a 
licença paternidade. 
 
O Congresso Nacional decreta: 
 
Art. 1º O inciso III do art. 473 da Consolidação das Leis do 
Trabalho, aprovada pelo Decreto-lei nº 5.742, de 1º de maio de 
1943, passa a vigorar com a seguinte redação: 
“Art.473......................................................................................... 
 III - por dez di",1.0
19,1,Elaborar projeto de lei ampliando o prazo da licença paternidade,PL 7601/2017,"Altera a Lei nº 11.770, de 09 de setembro de 2008, que ""cria o Programa Empresa Cidadã"", para majorar o prazo da Licença Maternidade e Paternidade.","CÂMARA DOS DEPUTADOS 
                     GABINETE DO DEPUTADO FÁBIO SOUSA – PSDB/GO 
 
 
 
Câmara dos Deputados | Anexo III – Gabinete 271 | CEP 70160-900 Brasília-DF 
Tel (61) 3215-5271/3271 – Fax (61) 3215-2271 | dep.fabiosousa@camara.leg.br 
  
 
 
PROJETO DE LEI N°               DE 2017 
(Do Sr. Fábio Sousa) 
 
 
Altera a Lei nº 11.770, de 
09 de setembro de 2008, que 
“cria o Programa Empresa 
Cidadã”, para majorar o prazo da 
Licença Maternidade e 
Paternidade. 
 
 
   O Congresso Nacional decreta:  
 
   Art. 1º Esta Lei altera a Lei Federal nº 11.770, de 09 de 
setembro de 2008, para",1.0
19,1,Elaborar projeto de lei ampliando o prazo da licença paternidade,PL 480/2021,"Altera a Consolidação das Leis do Trabalho (CLT), a fim ampliar para 14 (catorze) dias o período de licença-paternidade do empregado; altera a Lei nº 11.770, de 9 de setembro de 2008, para dispor que a prorrogação da licença-paternidade no âmbito do Programa Empresa Cidadã ocorrerá além do período comum de licença-paternidade fixado por lei.","PROJETO DE LEI Nº          , DE 2021
(Do Sr. NILTO TATTO)
Altera  a  Consolidação  das  Leis  do
Trabalho  (CLT),  a  fim  ampliar  para  14
(catorze)  dias  o  período  de  licença-
paternidade do empregado;  altera  a  Lei  nº
11.770,  de  9  de  setembro  de  2008,  para
dispor  que  a  prorrogação  da  licença-
paternidade  no  âmbito  do  Programa
Empresa Cidadã ocorrerá além do período
comum de licença-paternidade fixado por lei.
O Congresso Nacional decreta:
Art. 1º O art. 473 da Consolidação das Leis do Trabalho (CLT),
aprovada pelo Decreto-lei nº 5.452, de 1º de maio de 1943, passa a ",1.0
19,1,Elaborar projeto de lei ampliando o prazo da licença paternidade,PL 901/2011,"Dá nova redação aos arts. 3º, 4º e 5º e acrescenta art. 5º-A e §§ 3º e 4º ao Art. 1.º da Lei n° 11.770, de 09 de setembro de 2008, que cria o Programa Empresa Cidadã, destinado à prorrogação da licença-maternidade mediante concessão de incentivo fiscal, para ampliar a licença-paternidade para os casos mencionados.","CÂMARA DOS DEPUTADOS 
 
PROJETO DE LEI Nº                       , DE 2011 
(Da Sra. ÉRIKA KOKAY) 
 
Dá nova redação aos arts. 3º, 4º e 5º e 
acrescenta art. 5º-A e §§ 3º e 4º ao Art. 
1.º da Lei n° 11.770, de 09 de setembro 
de 2008, que cria o Programa Empresa 
Cidadã, destinado à prorrogação da 
licença-maternidade mediante 
concessão de incentivo fiscal, para 
ampliar a licença-paternidade para os 
casos mencionados. 
 
 
O Congresso Nacional decreta: 
 
Art. 1º Esta Lei dá nova redação aos arts. 3º, 4º e 5º e acrescenta 
art. 5º-A e §§ 3º e 4º ao Art. 1.º da Lei n° 11.770 , de 09 de setemb",1.0
19,1,Elaborar projeto de lei ampliando o prazo da licença paternidade,PL 1131/2015,"Altera dispositivos da Consolidação das Leis do Trabalho, aprovada pelo Decreto-Lei Nº 5.452, de 1º de maio de 1943, para ampliar a licença paternidade para trinta dias","PROJETO DE LEI Nº              , DE 2015 
(Do Sr. RÔNEY NEMER) 
 
 Altera dispositivos da Consolidação 
das Leis do Trabalho, aprovada pelo 
Decreto-Lei Nº 5.452, de 1º de maio de 
1943, para ampliar a licença paternidade 
para trinta dias 
 
O Congresso Nacional decreta: 
Art. 1º - O inciso III do art. 473 da Consolidação das Leis do 
Trabalho, aprovada pelo Decreto-lei nº 5.742, de 1º de maio de 1943, 
passa a vigorar com a seguinte redação: 
“Art. 473 -.......................................................... 
III – por trinta dias, em caso de nascimento de filho (a) ou 
adoção. 
.........",1.0
19,1,Elaborar projeto de lei ampliando o prazo da licença paternidade,PL 569/2020,Altera o inciso III do art. 473 da Consolidação das Leis do Trabalho para dispor sobre a licença-paternidade de 60 (sessenta) dias.,"PROJETO DE LEI Nº          , DE 2020 
(Da Sra. TABATA AMARAL) 
Altera o inciso III do art. 473 da 
Consolidação das Leis do Trabalho para 
dispor sobre a licença-paternidade de 60 
(sessenta) dias. 
O Congresso Nacional decreta: 
Art. 1º O art. 473 da Consolidação das Leis do Trabalho, 
aprovada pelo Decreto-lei nº 5.452, de 1º de maio de 1943, passa a vigorar 
com as seguintes alterações: 
“Art. 473. ...................................................................................... 
...................................................................................................... 
III",1.0
19,1,Elaborar projeto de lei ampliando o prazo da licença paternidade,PL 3831/2012,"Altera o inciso II do art. 473 da Consolidação das Leis do Trabalho, aprovada pelo Decreto-lei nº 5452, de 1º de maio de 1943, para ampliar o prazo da licença paternidade e estender os mesmo benefícios aos casos de adoção.","PROJETO DE LEI N.º      , DE 2012 
(Do Sr. Felipe Bornier ) 
Altera o inciso II do art. 473 da 
Consolidação das Leis do Trabalho, 
aprovada pelo Decreto-lei 5452, de 1º de 
maio de 1943, para ampliar o prazo da 
licença paternidade e estender os mesmo 
benefícios aos casos de adoção. 
O Congresso Nacional decreta: 
Art. 1º O inciso III do art. 473 da Consolidação das Leis 
do Trabalho, aprovada pelo Decreto-lei nº 5.742, de 1º de maio de 1943, passa 
a vigorar com a seguinte redação: 
 
Art. 473…………………………………………………… 
 
III –  por noventa dias, em caso de nascimento, adoção ou 
guarda judicial ",1.0
19,1,Elaborar projeto de lei ampliando o prazo da licença paternidade,PL 5044/2016,"Altera os Artigos 207, 208 e 210 da Lei 8.112, de 11 de dezembro de 1990, que dispõe sobre o regime jurídico dos servidores públicos civis da União, das autarquias e das fundações públicas federais.","PROJETO DE LEI Nº         , DE 2016. 
 
(Do Sr. Rubens Pereira Junior) 
 
 
 
Altera os Artigos 207, 208 e 210 da Lei 
8.112, de 11 de dezembro de 1990, que 
dispõe sobre o regime jurídico dos 
servidores públicos civis da União, das 
autarquias e das fundações públicas 
federais. 
 
 
O Congresso Nacional decreta: 
 
Art 1º - O Art. 207 da Lei 8.112, de 11 de dezembro de 1990, passa a 
vigorar com a seguinte redação: 
“Art. 207. Será concedida licença à servidora gestante por 180 
(cento e oitenta) dias consecutivos, sem prejuízo da 
remuneração.” 
 
Art 2º - O Art. 208 da Lei 8.112, de 11 de",0.5
19,1,Elaborar projeto de lei ampliando o prazo da licença paternidade,PL 879/2011,"Acrescenta art. 473-A ao Decreto-Lei nº 5.452, de 1º de maio de 1943, que aprova a Consolidação das Leis do Trabalho, para estipular em 30 (trinta) dias a licença-paternidade.","CÂMARA DOS DEPUTADOS 
 
PROJETO DE LEI Nº                       , DE 2011 
(Da Sra. ÉRIKA KOKAY) 
 
Acrescenta art. 473-A ao Decreto-Lei nº 
5.452, de 1º de maio de 1943, que 
aprova a Consolidação das Leis do 
Trabalho, para estipular em 30 (trinta) 
dias a licença-paternidade. 
 
 
O Congresso Nacional decreta: 
 
Art. 1º Esta Lei acrescenta art. 473-A ao Decreto-Lei nº 5.452, de 
1º de maio de 1943, que aprova a Consolidação das Leis do Trabalho, para 
estipular em 30 (trinta) dias a licença-paternidade. 
Art. 2° O Decreto-Lei nº 5.452, de 1º de maio de 1943, passa a 
vigorar acrescido do s",1.0
19,1,Elaborar projeto de lei ampliando o prazo da licença paternidade,PL 7560/2017,"Altera a Lei nº 13.109, de 25 de março de 2015, que dispõe sobre a licença à gestante e à adotante, as medidas de proteção à maternidade para militares grávidas e a licença-paternidade, no âmbito das Forças Armadas.","*
5
1
3
4
3
4
A
A
*
 
 
 
 
 
 
PROJETO DE LEI 
 
 
Altera a Lei nº 13.109, de 25 de 
março de 2015, que dispõe sobre a 
licença à gestante e à adotante, as 
medidas de proteção à maternidade 
para militares grávidas e a licença-
paternidade, no âmbito das Forças 
Armadas. 
 
 
O CONGRESSO NACIONAL decreta: 
 
Art. 1º  A Lei no 13.109, de 25 de março de 2015, passa a vigorar com as 
seguintes alterações: 
 
“Art. 6º  Pelo nascimento de filho, adoção ou obtenção de guarda 
judicial para fins de adoção, o militar terá licença-paternidade de vinte dias 
consecutivos, vedada a prorrogação.”(NR) 
 ",0.5
20,1,Consulta sobre juros praticados nos cartões de crédito.,PL 7277/2002,"Regulamenta a atuação das bandeiras, das emissoras, das administradoras e das empresas de cartões de crédito e de débito.","PROJETO DE LEI N°                  /2002 
(Do Deputado JONIVAL LUCAS JÚNIOR) 
 
Regulamenta a atuação das bandeiras, das 
emissoras, das administradoras e das 
empresas de cartões de crédito e de débito. 
 
Art.1°. A constituição e atuação no País das bandei ras, das emissoras, das 
administradoras e das empresas de cartões de crédito e de débito passam a ser 
regidas em conformidade com os dispositivos desta Lei, da sua regulamentação 
e da legislação ordinária vigente. 
 
§ 1° Para os efeitos desta Lei, consideram-se como bandeiras, emissoras, 
administradoras e empresas de cartões de crédit",0.5
20,1,Consulta sobre juros praticados nos cartões de crédito.,PL 1166/2020,"Estabelece teto para todas as modalidades de crédito ofertadas por meio de cartões de crédito e cheque especial; veda a cobrança de juros e multas por atraso no pagamento das prestações de operações de crédito e de compras de produtos e serviços, para todas as dívidas contraídas durante a vigência do estado de calamidade pública; e dá outras providências.","Estabelece teto para todas as modalidades
de crédito ofertadas  por  meio de cartões
de  crédito  e  cheque  especial;  veda  a
cobrança de juros e multas por atraso no
pagamento das prestações de operações de
crédito  e  de  compras  de  produtos  e
serviços, para todas as dívidas contraídas
durante  a  vigência  do  estado  de
calamidade  pública;  e  dá  outras
providências.
O Congresso Nacional decreta:
Art. 1º Os juros para o crédito rotativo do cartão de crédito e todas as demais
modalidades de crédito ofertadas por meio de cartões de crédito e para a linha de crédito
do cheque especial ",1.0
20,1,Consulta sobre juros praticados nos cartões de crédito.,PL 6237/2019,"Declara a revogação do Decreto n° 22.626, de 7 de abril de 1933 (Lei da Usura), que dispõe sobre os juros nos contratos e dá outras providências.","PROJETO DE LEI Nº          , DE 2019 
(Do Sr. PAULO EDUARDO MARTINS) 
 
Declara a revogação do Decreto n° 22.626, de 
7 de abril de 1933 (Lei da Usura), que dispõe 
sobre os juros nos contratos e dá outras 
providências. 
 
O Congresso Nacional decreta: 
Art. 1º. Fica declarada a revogação do Decreto n° 22.626, de 7 
de abril de 1933. 
Art. 2º Esta lei entra em vigor trinta dias após a data de sua 
publicação. 
JUSTIFICAÇÃO 
A presente iniciativa tem como objetivo revogar a Lei da Usura 
que, em função do seu anacronismo, é uma norma de baixa eficácia que nunca 
alcançou os objetivos almejados",0.5
20,1,Consulta sobre juros praticados nos cartões de crédito.,INC 9125/2006,"Sugere que o Ministério da Previdência Social realize estudos com o objetivo de viabilizar a transformação dos cartões de saque de benefícios dos aposentados que recebem benefício da Previdência Social nos Bancos, em cartões de crédito de operadoras do tipo Visa, Mastercard e outros.","REQUERIMENTO
(Do Sr. VADINHO BAIÃO)
Requer o envio de Indicação ao Poder
Executivo, sugerindo que o Ministério da
Previdência Social transforme os cartões de saque
de benefícios dos aposentados, em cartões de crédito
de operadoras do tipo Visa, Mastercard e outros.
Senhor Presidente:
Nos termos do art. 113, inciso I e § 1º. Do Regimento Interno da Câmara dos
Deputados, requeiro a V. Exª. Seja encaminhada ao Poder Executivo a Indicação anexa, sugerindo a
transformação dos cartões de saque de benefícios dos aposentados que recebam benefício da
Previdência Social nas Bancos, em cartões de crédito",0.0
20,1,Consulta sobre juros praticados nos cartões de crédito.,INC 202/2015,"Sugere ao Poder Executivo, por intermédio do Conselho Monetário Nacional - CMN, a adoção de providências a respeito das taxas de juros dos cartões de crédito.","REQUERIMENTO  
(Do Sr. CARLOS HENRIQUE GAGUIM) 
Requer o envio de Indicação ao 
Ministro da Fazenda, presidente do 
Conselho Monetário Nacional, solicitando 
providências com vistas a estabelecer 
limitações às taxas de juros cobradas pelas 
administradoras de cartões de crédito.  
Senhor Presidente: 
Nos termos do art. 113, inciso I e § 1o, do Regimento 
Interno da Câmara dos Deputados, requeiro a V. Exa. seja encaminhada ao 
Poder Executivo a Indicação anexa, sugerindo ao Conselho Monetário Nacional 
– CMN, presidido pelo Ministro da Fazenda, a adoção de providências a 
respeito das taxas de",1.0
20,1,Consulta sobre juros praticados nos cartões de crédito.,PLP 140/2015,Limita a taxa de juros a ser cobrada nos financiamentos concedidos pelas administradoras de cartões de crédito.,"PROJETO DE LEI COMPLEMENTAR No              , DE 2015 
(Do Sr. Jaime Martins) 
Limita a taxa de juros a ser cobrada 
nos financiamentos concedidos pelas 
administradoras de cartões de crédito. 
O Congresso Nacional decreta: 
Art. 1º Esta lei complementar disciplina as taxas de juros 
e demais encargos cobrados nos financiamentos concedidos pelas 
administradoras de cartões de crédito. 
Parágrafo único. As taxas de juros anuais, incluindo os 
demais encargos, cobrados dos consumidores nos financiamentos, de 
quaisquer modalidades, concedidos pelas administradoras de cartões de 
crédito ficam li",1.0
20,1,Consulta sobre juros praticados nos cartões de crédito.,PLP 95/2019,Limita a taxa de juros a ser cobrada nos financiamentos concedidos pelas administradoras de cartões de crédito.,"PROJETO DE LEI COMPLEMENTAR Nº          , DE 2019 
(Da Sra. Celina Leão) 
 
Limita a taxa de juros a ser cobrada 
nos financiamentos concedidos pelas 
administradoras de cartões de crédito. 
 
O Congresso Nacional decreta:  
 
Art.1º Esta lei complementar limita as taxas de juros cobradas pelas 
administradoras de cartões de crédito. 
Art. 2º As administradoras de cartões de crédito não poderão aplicar, sobre os 
financiamentos concedidos, a qualquer título, taxas de juros anuais superiores 
à taxa de juros anual apurada pelo Sistema Especial de Liquidação e de 
Custódia – Selic. 
Art. 3º Esta",1.0
20,1,Consulta sobre juros praticados nos cartões de crédito.,PLP 5/2019,Limita a taxa de juros a ser cobrada nos financiamentos concedidos pelas administradoras de cartões de crédito.,"PROJETO DE LEI COMPLEMENTAR Nº OS"" , DE 2019 
(Do Sr. lgor Timo) 
Limita a taxa de juros a ser cobrada 
nos financiamentos concedidos pelas 
administradoras de cartões de crédito. 
O Congresso Nacional decreta: 
Art. 1 ° Esta lei complementar disciplina as taxas de 
juros e demais encargos cobrados nos financiamentos concedidos pelas 
administradoras de cartões de crédito. 
Parágrafo único. As taxas de juros anuais, incluindo os 
demais encargos, cobrados dos consumidores nos financiamentos, de 
quaisquer modalidades, concedidos pelas administradoras de cartões de 
crédito ficam limitadas ao e",1.0
20,1,Consulta sobre juros praticados nos cartões de crédito.,PL 3544/2020,"Dispõe sobre direitos básicos dos usuários de cartões de crédito durante o período da pandemia provocada pelo COVID-19 e de vigência dos efeitos de Decreto Legislativo nº 06, de 20 de março de 2020.","CÂMARA DOS DEPUTADOS 
LIDERANÇA DO PARTIDO SOCIALISTA BRASILEIRO
PROJETO DE LEI Nº ______ DE 29 DE JUNHO DE 2020 
Autoria: Deputado Federal GERVASIO MAIA. (PSB/PB)
EMENTA: Dispõe sobre direitos básicos dos usuários de
cartões  de  crédito  durante  o  período  da  pandemia
provocada pelo COVID-19 e de vigência dos efeitos de
Decreto Legislativo nº 06, de 20 de março de 2020.
O PRESIDENTE  DA  REPÚBLICA  Faço  saber  que  o  Congresso
Nacional decreta e eu sanciono a seguinte Lei:
Art. 1º. Esta lei dispõe sobre direitos básicos dos usuários de
cartões de crédito durante o período da pandemia pr",0.5
20,1,Consulta sobre juros praticados nos cartões de crédito.,PLP 392/2008,"Acrescenta art. 17-A à Lei nº 4.595, de 31 de dezembro de 1964, com fins de equiparar as administradoras de cartões de crédito e de débito às instituições financeiras, regula as atividades dessas empresas, e dá outras providências.","PROJETO DE LEI COMPLEMENTAR No                   , DE 2008 
(Deputado Vital do Rêgo Filho) 
Acrescenta art. 17-A à Lei nº 4.595, de 31 
de dezembro de 1964, com fins de 
equiparar as administradoras de cartões de 
crédito e de débito às instituições 
financeiras, regula as atividades dessas 
empresas, e dá outras providências.  
O Congresso Nacional decreta: 
Art. 1º Esta lei complementar tem o objetivo de equiparar 
as empresas administradoras de cartões de crédito e de débito às instituições 
financeiras, bem como determinar suas obrigações perante o consumidor e 
regular suas atividades.  
",0.5
21,1,AUMENTAR O PRAZO DE INTERNAÇÃO NOS ATOS INFRACIONAIS EQUIPARADOS A CRIMES HEDIONDOS,PL 2588/2003,"Altera os arts. 103, 108,  121, 122 e 123, da Lei n° 8.069, de 13 de julho de 1990 - Estatuto da Criança e do Adolescente, dispondo sobre  medidas de repressão aos atos infracionais graves e aos correspondentes aos crimes hediondos.","PROJETO DE LEI N°       , DE 2003
                (Do Sr. Vicente Cascione)
Altera os arts. 103, 108,
121, 122 e 123, da Lei n°
8.069, de 13 de julho de
1990 - Estatuto da
Criança e do Adolescente,
dispondo sobre  medidas
de repressão aos atos
infracionais graves e aos
correspondentes aos
crimes hediondos.
                     O Congresso Nacional decreta:
   Art. 1° Os artigos 103, 108, 121, 122
e 123 da Lei n° 8.069, de 13 de julho de 1990 -
Estatuto da Criança e do Adolescente - ,
passam a vigorar com a seguinte redação:
“ Art. 103 – Considera-se ato infracional a
conduta de menor de 18 ano",1.0
21,1,AUMENTAR O PRAZO DE INTERNAÇÃO NOS ATOS INFRACIONAIS EQUIPARADOS A CRIMES HEDIONDOS,PL 7208/2010,"Altera os arts. 103, 108, 121, 122 e 123, da Lei nº 8.069, de 13 de julho de 1990 - Estatuto da Criança e do Adolescente, dispondo sobre medidas de repressão aos atos infracionais graves e aos correspondentes aos crimes hediondos.","PROJETO DE LEI Nº      , DE 2010
(Deputado William Woo)
Altera os arts. 103, 108, 121, 122 e 123,
da Lei n° 8.069, de 13 de julho de 1990 -
Estatuto da Criança e do Adolescente,
dispondo sobre medidas de repressão
aos atos infracionais graves e aos
correspondentes aos crimes hediondos.
O Congresso Nacional decreta:
Art. 1° Os artigos 103, 108, 121, 122 e 123 da Lei n° 8.069, de 13 de julho de
1990 - Estatuto da Criança e do Adolescente -, passam a vigorar com a
seguinte redação:
“Art. 103. Considera-se ato infracional a conduta de menor de 18 anos autor ou
partícipe de fato tipificado como cri",1.0
21,1,AUMENTAR O PRAZO DE INTERNAÇÃO NOS ATOS INFRACIONAIS EQUIPARADOS A CRIMES HEDIONDOS,PL 2233/2015,"Altera dispositivos da lei nº 8.069, de 13 de julho de 1990, que dispõe sobre o Estatuto da Criança e do Adolescente e dá outras providências, para aumentar o tempo máximo de internação de menores infratores em casos de crimes hediondos.","CÂMARA DOS DEPUTADOS 
DEPUTADO FEDERAL CABO DACIOLO  
 
 
PROJETO DE LEI Nº        , DE 2015 
(Do Sr. Cabo Daciolo) 
 
Altera dispositivos da lei nº 8.069, de 
13 de julho de 1990, que dispõe sobre 
o Estatuto da Criança e do Adolescente 
e dá outras providências, para 
aumentar o tempo máximo de 
internação de menores infratores em 
casos de crimes hediondos. 
 
O CONGRESSO NACIONAL decreta:  
 
Art. 1º O Parágrafo Único do art. 2º, da Lei nº 8.069, de 
13 de julho de 1990, que dispõe sobre o Estatuto da Criança e do Adolescente, 
passa a vigorar com a seguinte redação:  
“Art. 2º ...........",1.0
21,1,AUMENTAR O PRAZO DE INTERNAÇÃO NOS ATOS INFRACIONAIS EQUIPARADOS A CRIMES HEDIONDOS,PL 6510/2016,"Modificam-se os art. 104 e 121 da Lei nº 8.069, de 1990 (Estatuto da Criança e Adolescente), para alterar o período de internação nos casos de cometimento de atos infracionais análogos aos crimes previstos na Lei nº 8.072, de 1990 (Lei dos Crimes Hediondos).","*
C
D
1
6
3
4
0
6
6
9
7
3
9
6
*
 
  
  
 C
D
1
6
3
4
0
6
6
9
7
3
9
6
 
PROJETO DE LEI Nº     DE 2016 
(Do Sr. Subtenente Gonzaga) 
 
 
Modificam-se os art. 104 e 121 da Lei nº 
8.069, de 1990 (Estatuto da Criança e 
Adolescente), para alterar o período de 
internação nos casos de cometimento de 
atos infracionais análogos aos crimes 
previstos na Lei nº 8.072, de 1990 (Lei dos 
Crimes Hediondos). 
 
 
 
O Congresso Nacional decreta: 
 
Art. 1º O art. 104 da Lei nº 8.069, de 1990, passa a vigorar acrescido dos 
seguintes § § 2º e 3º, renumerando-se o parágrafo único para § 1º: 
 
Art . 104 ....",1.0
21,1,AUMENTAR O PRAZO DE INTERNAÇÃO NOS ATOS INFRACIONAIS EQUIPARADOS A CRIMES HEDIONDOS,PL 4083/2021,"Altera o artigo 121 da Lei 8.069, de 13 de julho de 1990 para dispor sobre a internação nos casos de cometimento de ato infracional análogo à crime hediondo ou equiparado.","PROJETO DE LEI Nº                     , DE 2021.
(Do Sr. Rubens Pereira Junior)
Altera o artigo 121 da Lei 8.069, de 13
de julho  de 1990 para dispor  sobre a
internação  nos  casos  de  cometimento
de  ato  infracional  análogo  à  crime
hediondo ou equiparado. 
O Congresso Nacional decreta:
Art. 1º - Esta Lei altera o artigo 121 da Lei 8.069, de 13 de julho de 1990 para
dispor sobre a internação nos casos de cometimento de ato infracional análogo
à crime hediondo ou equiparado. 
Art. 2º - O artigo 121 da Lei 8.069, de 13 de julho de 1990, passa a vigorar com
a seguinte redação:
“Art.  121
- ",1.0
21,1,AUMENTAR O PRAZO DE INTERNAÇÃO NOS ATOS INFRACIONAIS EQUIPARADOS A CRIMES HEDIONDOS,PL 165/2007,"Acrescenta parágrafo único ao art.103 e altera a redação do § 3º do art. 121, ambos da Lei nº 8.069, de 13 de julho de 1990, e dá outras providências.","C Â M A R A  D O S  D E P U T A D O S
PROJETO DE LEI Nº             , 2007
(Da Sra. Deputada PERPÉTUA ALMEIDA)
Acrescenta parágrafo único ao art.103 e altera a
redação do § 3º do art. 121, ambos da Lei nº
8069, de 13 de julho de 1990, e dá outras
providências.
O Congresso Nacional decreta:
Art. 1º – O artigo 103 da Lei nº 8069, de 13 de julho de
1990, passa a vigorar acrescido do seguinte parágrafo único:
Art. 103 - ...
Parágrafo único – Os atos infracionais descritos como crimes na
Lei nº 8072, de 25 de julho de 1990, com a redação dada pela Lei
nº 8930, de 6 de setembro de 1994 e pela Lei nº",1.0
21,1,AUMENTAR O PRAZO DE INTERNAÇÃO NOS ATOS INFRACIONAIS EQUIPARADOS A CRIMES HEDIONDOS,PL 1325/2015,"Altera dispositivos na Lei nº 8.069, de 13 de  julho  de  1990,  e  dá  outras providências.","PROJETO DE LEI Nº       ,  DE 2015  
(Do Sr. Ronaldo Benedet) 
 
 
 
 
Altera dispositivos na Lei nº 8.069, 
de 13 de  julho  de  1990,  e  dá  
outras providências. 
 
 
 
 
O Congresso Nacional decreta e a Presidente da República sanciona a 
seguinte Lei: 
 
 
 
Art. 1º. Os arts. 108, 110, 121 e 122 da Lei nº 8.069, de 13 de julho de 1990, 
passam a vigorar com as seguintes alterações: 
 
 
""Art. 108. Antes da sentença, poderá ser determinada a internação 
preventiva, a critério da autoridade judiciária, levando-se em conta a 
periculosidade do menor infrator. 
Parágrafo único. A decisão dev",1.0
21,1,AUMENTAR O PRAZO DE INTERNAÇÃO NOS ATOS INFRACIONAIS EQUIPARADOS A CRIMES HEDIONDOS,PL 3503/2012,"Altera dispositivos na Lei nº 8.069, de 13 de julho de 1990 - Altera o Estatuto da Criança e do Adolescente.","CÂMARA DOS DEPUTADOS 
PROJETO DE LEI Nº        , DE 2012 
(Do Sr. Ronaldo Benedet) 
 
 
 
Altera dispositivos na Lei nº 8.069, de 13 
de julho de 1990, e dá outras 
providências. 
 
 
 
O Congresso Nacional decreta e a Presidente da República sanciona a seguinte 
Lei: 
 
Art. 1º. Os arts. 108, 110, 121 e 122 da Lei nº 8.069, de 13 de julho de 1990, 
passam a vigorar com as seguintes alterações: 
 
""Art. 108. Antes da sentença, poderá ser determinada a internação preventiva, 
a critério da autoridade judiciária, levando-se em conta a periculosidade do 
menor infrator. 
Parágrafo único. A decisã",0.5
21,1,AUMENTAR O PRAZO DE INTERNAÇÃO NOS ATOS INFRACIONAIS EQUIPARADOS A CRIMES HEDIONDOS,PL 173/2007,"Altera a Lei nº 8.069, de 13 de julho de 1990, que dispõe sobre o Estatuto da Criança e do Adolescente, e dá outras providências.","PROJETO DE LEI Nº          , de 2007.
(Do Sr.Onyx Lorenzoni)
Altera a Lei nº 8.069, de 13 de julho de 1990,
que dispõe sobre o Estatuto da Criança e do
Adolescente, e dá outras providências.
O CONGRESSO NACIONAL decreta:
Art. 1o. A Lei nº 8.069, de 13 de julho de 1990, passa a vigorar com as seguintes
alterações:
“Art. 31. ........................................................................................................
Parágrafo único. É admitida a colocação em família substituta estrangeira,
mediante guarda ou tutela, nos casos de prática de ato infracional”
“Art. 88...................",0.5
21,1,AUMENTAR O PRAZO DE INTERNAÇÃO NOS ATOS INFRACIONAIS EQUIPARADOS A CRIMES HEDIONDOS,PL 1791/2015,"Modificam-se os art. 104 e 121 da Lei nº 8.069, de 1990 (Estatuto da Criança e Adolescente), para alterar o período de internação nos casos de cometimento de atos infracionais análogos aos crimes previstos na Lei nº 8.072, de 1990 (Lei dos Crimes Hediondos).","PROJETO DE LEI Nº     DE 2015 
(Do Sr. Pompeo de Mattos) 
 
 
Modificam-se os art. 104 e 121 da Lei nº 
8.069, de 1990 (Estatuto da Criança e 
Adolescente), para alterar o período de 
internação nos casos de cometimento de 
atos infracionais análogos aos crimes 
previstos na Lei nº 8.072, de 1990 (Lei dos 
Crimes Hediondos). 
 
 
 
O Congresso Nacional decreta: 
 
Art. 1º O art. 104 da Lei nº 8.069, de 1990, passa a vigorar acrescido dos 
seguintes § § 2º e 3º, renumerando-se o parágrafo único para § 1º: 
 
Art . 104 .............................................................................",1.0
22,1,"Alterações na Lei de Regularização Fundiária , Lei 11.952/19, para: Permitir a regularização de terras em todo o Brasil, e não só na Amazônia Legal. 
",PL 6796/2013,"Altera o art. 19 da Lei nº 11.952, de 25 de julho de 2009, que ""Dispõe sobre a regularização fundiária das ocupações incidentes em terras situadas em áreas da União, no âmbito da Amazônia Legal; altera as Leis nºs 8.666, de 21 de junho de 1993, e 6.015, de 31 de dezembro de 1973; e dá outras providências.""","1 
 
  
  
 *
C
3
D
9
4
4
3
5
0
5
*
 
  
  
 C
3
D
9
4
4
3
5
0
5
 
PROJETO DE LEI Nº      , DE 2013 
(Do Sr.  Jhonatan de Jesus) 
Altera o art. 19 da Lei nº 11.952, de 
25 de julho de 2009, que “Dispõe sobre a 
regularização fundiária das ocupações 
incidentes em terras situadas em áreas da 
União, no âmbito da Amazônia Legal; altera 
as Leis nos 8.666, de 21 de junho de 1993, 
e 6.015, de 31 de dezembro de 1973; e dá 
outras providências.” 
O Congresso Nacional decreta: 
Art. 1º O art. 19 da Lei nº 11.952, de 25 de julho de 2009 
passa a vigorar com a seguinte redação: 
“Art. 19. No caso de i",0.5
22,1,"Alterações na Lei de Regularização Fundiária , Lei 11.952/19, para: Permitir a regularização de terras em todo o Brasil, e não só na Amazônia Legal. 
",PL 6835/2013,"Prorroga o prazo de adimplemento contratual previsto no art. 19 da Lei nº 11.952, de 25 de junho de 2009, relativo ao programa de regularização fundiária na Amazônia Legal.","PROJETO DE LEI Nº       , DE 2013  
(Do Sr. Chico das Verduras) 
 
 
Prorroga o prazo de adimplemento contratual 
previsto no art. 19 da Lei nº 11.952, de 25 de 
junho de 2009, relativo ao programa de 
regularização fundiária na Amazônia Legal. 
O CONGRESSO NACIONAL decreta: 
Art. 1º O art. 19 da Lei nº 11.952, de 25 de junho de 2009, 
passa a vigorar com a seguinte redação: 
“Art. 19. No caso de inadimplemento de contrato firmado 
com o Incra até 10 de fevereiro de 2009 ou de não observância de 
requisito imposto em termo de concessão de uso ou de licença de 
ocupação, o ocupante terá o prazo",0.5
22,1,"Alterações na Lei de Regularização Fundiária , Lei 11.952/19, para: Permitir a regularização de terras em todo o Brasil, e não só na Amazônia Legal. 
",PL 6516/2013,"Altera a Lei nº 11.952, de 25 de junho de 2009, que dispõe sobre a regularização fundiária das ocupações incidentes em terras situadas em áreas da União, no âmbito da Amazônia Legal; para dispor sobre as etapas do Programa Terra Legal e dá outras providências.","CAMARA DOS DEPUTADOS 
 
 
 
 
 
 
 
PROJETO DE LEI Nº             , DE 2013 
(Do Sr. Moreira Mendes) 
  
 
 
 
   
 
Altera a Lei n° 11.952 de 2009, que 
dispõe sobre a regularização fundiária das 
ocupações incidentes em terras situadas 
em áreas da União, no âmbito da 
Amazônia Legal; para dispor sobre as 
etapas do Programa Terra Legal e dá 
outras providências.  
 
 
 
 
 
 
 
 
O Congresso Nacional decreta: 
 
Art. 1º Esta Lei altera a Lei n° 11.952, de 25 de junho de 2009, sobre a 
regularização fundiária das ocupações incidentes em terras situadas em áreas da 
União, no âmbito da Amazôn",0.5
22,1,"Alterações na Lei de Regularização Fundiária , Lei 11.952/19, para: Permitir a regularização de terras em todo o Brasil, e não só na Amazônia Legal. 
",PL 8222/2014,"Altera a Lei nº 11.952 de 2009, que dispõe sobre a regularização fundiária das ocupações incidentes em terras situadas em áreas da União, no âmbito da Amazônia Legal; para dispor sobre as etapas do Programa Terra Legal e dá outras providências.","CAMARA DOS DEPUTADOS 
 
 
 
 
PROJETO DE LEI Nº               , DE 2014 
(Do Sr.  MARCOS MONTES ) 
  
 
 
   
Altera a Lei n° 11.952 de 2009, que dispõe sobre 
a regularização fundiária das ocupações 
incidentes em terras situadas em áreas da 
União, no âmbito da Amazônia Legal; para 
dispor sobre as etapas do Programa Terra Legal 
e dá outras providências.  
 
 
 
 
O Congresso Nacional decreta: 
 
Art. 1º Esta Lei altera a Lei n° 11.952, de 25 de junho de 2009, sobre a 
regularização fundiária das ocupações incidentes em terras situadas em áreas da 
União, no âmbito da Amazônia Legal, para d",0.5
22,1,"Alterações na Lei de Regularização Fundiária , Lei 11.952/19, para: Permitir a regularização de terras em todo o Brasil, e não só na Amazônia Legal. 
",PL 102/2020,"Altera a Lei nº 11.952, de 25 de junho de 2009, e dá outras providências.","PROJETO DE LEI Nº          , DE 2020 
(Do Sr. LUCIO MOSQUINI) 
Altera a Lei nº 11.952, de 25 de junho 
de 2009, e dá outras providências.  
O Congresso Nacional decreta: 
Art. 1º Esta Lei altera a Lei nº 11.952, de 25 de junho de 2009, 
para tornar mais célere a regularização fundiária das ocupações incidentes em 
terras situadas em áreas da União ou do Instituto Nacional de Colonização e 
Reforma Agrária – Incra. 
Art. 2º O art. 9º da Lei nº 11.952, de 25 de junho de 2009, é 
acrescido do § 2º, renumerando-se o parágrafo único pra § 1º: 
“Art. 9º ..............................................",0.5
22,1,"Alterações na Lei de Regularização Fundiária , Lei 11.952/19, para: Permitir a regularização de terras em todo o Brasil, e não só na Amazônia Legal. 
",PL 2550/2021,"Altera a Lei nº 11.952, de 25 de junho de 2009, que ""Dispõe sobre a regularização fundiária das ocupações incidentes em terras situadas em áreas da União, no âmbito da Amazônia Legal; altera as Leis nos 8.666, de 21 de junho de 1993, e 6.015, de 31 de dezembro de 1973; e dá outras providências"", para dispor sobre a possibilidade de emissão da Certidão de Reconhecimento de Ocupação.","Câmara dos Deputados 
Gabinete da Deputada Federal Jaqueline Cassol – PP/RO 
 
 
PROJETO DE LEI Nº                 , 2021 
(Da Sra. Jaqueline Cassol) 
Altera a Lei nº 11.952, de 25 de junho de 
2009, que “Dispõe sobre a regularização 
fundiária das ocupações incidentes em terras 
situadas em áreas da União, no âmbito da 
Amazônia Legal; altera as Leis nos 8.666, de 
21 de junho de 1993, e 6.015, de 31 de dezembro 
de 1973; e dá outras providências”, para dispor 
sobre a possibilidade de emissão da Certidão de 
Reconhecimento de Ocupação. 
 
 
 
 
 
O Congresso Nacional decreta: 
 
Art. 1º A Le",0.5
22,1,"Alterações na Lei de Regularização Fundiária , Lei 11.952/19, para: Permitir a regularização de terras em todo o Brasil, e não só na Amazônia Legal. 
",PDL 11/2021,"Susta os efeitos do Decreto nº 10.592, de 24 de Dezembro de 2020 que regulamenta a Lei nº 11.952, de 25 de junho de 2009, para dispor sobre a regularização fundiária das áreas rurais situadas em terras da União, no âmbito da Amazônia Legal, e em terras do Instituto Nacional de Colonização e Reforma Agrária, por meio de alienação e concessão de direito real de uso de imóveis.","CÂMARA DOS DEPUTADOS
NÚCLEO AGRÁRIO DA BANCADA DO PT NA CÂMARA DOS DEPUTADOS
PROJETO DE DECRETO LEGISLATIVO Nº      , DE 2021
(Dos Srs. João Daniel, Patrus Ananias, Marcon, Valmir Assunção e Nilto Tatto)
Susta  os  efeitos  do  Decreto  nº
10.592,  de  24  de  Dezembro  de  2020  que
regulamenta a Lei nº 11.952, de 25 de junho de
2009,  para  dispor  sobre  a  regularização
fundiária das áreas rurais situadas em terras da
União,  no  âmbito  da  Amazônia  Legal,  e  em
terras do Instituto  Nacional  de  Colonização e
Reforma  Agrária,  por  meio  de  alienação  e
concessão de direito real de u",0.5
22,1,"Alterações na Lei de Regularização Fundiária , Lei 11.952/19, para: Permitir a regularização de terras em todo o Brasil, e não só na Amazônia Legal. 
",PL 3915/2021,"Altera a Lei nº 11.952, de 25 de junho de 2009, que “Dispõe sobre a regularização fundiária das ocupações incidentes em terras situadas em áreas da União, no âmbito da Amazônia Legal; altera as Leis nº 8.666, de 21 de junho de 1993, e 6.015, de 31 de dezembro de 1973; e dá outras providências”.","PROJETO DE LEI Nº          , DE 2021
(Do Sr. ZÉ VITOR)
Altera a Lei  nº  11.952,  de 25 de junho de
2009,  que  “Dispõe  sobre  a  regularização
fundiária  das  ocupações  incidentes  em
terras  situadas  em  áreas  da  União,  no
âmbito da Amazônia Legal; altera as Leis nº
8.666, de 21 de junho de 1993, e 6.015, de
31  de  dezembro  de  1973;  e  dá  outras
providências”.
O Congresso Nacional decreta:
Art. 1º Esta Lei altera a Lei nº 11.952, de 25 de junho de 2009,
com  o  objetivo  de  modificar  a  data  para  a  comprovação  do  exercício  de
ocupação e exploração direta para fins de regul",0.5
22,1,"Alterações na Lei de Regularização Fundiária , Lei 11.952/19, para: Permitir a regularização de terras em todo o Brasil, e não só na Amazônia Legal. 
",PL 8411/2017,"Altera os arts. 6, 15, 16 e 18 da Lei 11.952, de 25 de junho de 2009.","PROJETO DE LEI Nº          , DE 2017 
(Do Sr. CARLOS BEZERRA) 
Altera os arts. 6, 15, 16 e 18 da Lei 
11.952, de 25 de junho de 2009.  
O Congresso Nacional decreta: 
Art. 1º O art. 6º, §1º, da Lei 11.952, de 25 de junho de 2009, 
passa a vigorar com a seguinte redação:   
Art. 6º ................................................................................ 
§ 1º Serão regularizadas as ocupações de áreas não 
superiores a 1.500ha (mil e quinhentos hectares).   
........................................................................................... 
Art. 2º O art. 15 da Lei 11.952, de 25",0.5
22,1,"Alterações na Lei de Regularização Fundiária , Lei 11.952/19, para: Permitir a regularização de terras em todo o Brasil, e não só na Amazônia Legal. 
",PDC 19/2015,"Susta a aplicação dos artigos 6º, 7º, 19º, 20º, 31º, 33º e 36º , da Portaria nº 80 do Ministério do Desenvolvimento Agrário e dá outras providências.","CÂMARA DOS DEPUTADOS 
 
PROJETO DE DECRETO LEGISLATIVO Nº             , DE 2015 
( Do Sr. Nilson Leitão) 
 
 
Susta a aplicação dos artigos 6º, 7º, 19º, 
20º, 31º, 33º e 36º , da Portaria nº 80 do 
Ministério do Desenvolvimento Agrário e 
dá outras providências.  
 
 
Art. 1º Nos termos do art. 49, inciso V, da Constituição Federal, ficam 
sustados os artigos 6º, 7º, 19º, 20º, 31º, 33º e 36º da Portaria nº 80 de 21 de 
dezembro de 2009 do Ministério do Desenvolvimento Agrário, que estabelece os 
procedimentos para análise e conclusão dos processos administrativos relativos 
a títulos definitiv",0.0
23,1,Solicito projeto de lei para conceder incentivos à instalação de pontos de recarga de baterias de veículos elétricos.,PL 874/2019,Dispõe sobre medidas para promover o aumento do número de pontos públicos de carregamento de veículos elétricos.,"CÂMARA DOS DEPUTADOS 
 
 
 
PROJETO DE LEI Nº                , DE 2019 
    (Da Deputada Edna Henrique)  
Dispõe sobre medidas 
para promover o aumento do 
número de pontos públicos de 
carregamento de veículos 
elétricos. 
 
O Congresso Nacional decreta: 
 
Art. 1º As concessionárias e 
permissionárias do serviço de distribuição de energia 
elétrica deverão instalar e operar pontos públicos de 
carregamento de baterias de veículos elétricos, de acordo 
com metas fixadas pelo órgão ou entidade responsável 
pela regulação do setor elétrico. 
Parágrafo único. As metas mencionadas 
no caput dever",1.0
23,1,Solicito projeto de lei para conceder incentivos à instalação de pontos de recarga de baterias de veículos elétricos.,PL 3197/2019,Institui a obrigatoriedade de instalação de pontos de recarga para veículos elétricos em vias públicas e em ambientes residenciais e comerciais.,"Câmara dos Deputados  
           Gabinete da Deputada Federal Sebastião Oliveira 
PROJETO DE LEI Nº                 , 2019 
(Da Srº Sebastião Oliveira)  
Institui a obrigatoriedade de 
instalação de pontos de recarga 
para veículos elétricos em vias 
públicas e em ambientes 
residenciais e comerciais.  
  
  
  
O Congresso Nacional decreta:  
  
Art. 1º As concessionárias de serviços de distribuição de energia elétrica 
serão obrigadas a instalar pontos de recarga de baterias de carros elétricos junto 
às vagas de estacionamentos públicos que venham a ser disponibilizadas para este 
fim pela",0.5
23,1,Solicito projeto de lei para conceder incentivos à instalação de pontos de recarga de baterias de veículos elétricos.,PL 4751/2012,Institui a obrigatoriedade de instalação de pontos de recarga para veículos elétricos em vias públicas e em ambientes residenciais e comerciais.,"CÂMARA DOS DEPUTADOS 
PROJETO DE LEI Nº ______/2012 
(Dos Senhores Deputados Heuler Cruvinel e Onofre Santo Agostini) 
 
 
 
Institui a obrigatoriedade de 
instalação de pontos de 
recarga para veículos 
elétricos em vias públicas e 
em ambientes residenciais e 
comerciais. 
 
 
 
O Congresso Nacional decreta: 
 
Art. 1º As concessionárias de serviços de distribuição de 
energia elétrica serão obrigadas a instalar pontos de recarga de 
baterias de carros elétricos junto às vagas de estacionamentos 
públicos que venham a ser disponibilizadas para este fim pelas 
autoridades locais.  
Parágrafo ",0.5
23,1,Solicito projeto de lei para conceder incentivos à instalação de pontos de recarga de baterias de veículos elétricos.,PL 1618/2019,"Dispõe sobre a obrigatoriedade de pontos de recarga de veículos elétricos em novas edificações residenciais, sobre a instalação de estações de recarga para veículos elétricos em vias públicas e sobre alteração da destinação de recursos da Conta de Desenvolvimento Energético.","PROJETO DE LEI Nº          , DE 2019 
(Do Sr. ZÉ VITOR) 
Dispõe sobre a obrigatoriedade de 
pontos de recarga de veículos elétricos em 
novas edificações residenciais, sobre a 
instalação de estações de recarga para 
veículos elétricos em vias públicas e sobre 
alteração da destinação de recursos da 
Conta de Desenvolvimento Energético. 
O Congresso Nacional decreta: 
Art. 1º Esta Lei dispõe sobre a obrigatoriedade de pontos de 
recarga de veículos elétricos em novas edificações residenciais e em vias 
públicas, e sobre alteração da destinação de recursos da Conta de 
Desenvolvimento Energétic",0.5
23,1,Solicito projeto de lei para conceder incentivos à instalação de pontos de recarga de baterias de veículos elétricos.,PL 2156/2021,"Dispõe sobre as diretrizes para a Política Nacional de Mobilidade Elétrica, e dá outras providências.","PROJETO DE LEI Nº             , DE 2021
(Do Sr. JULIO CESAR RIBEIRO)
Dispõe  sobre  as  diretrizes  para  a
Política Nacional de Mobilidade Elétrica, e dá
outras providências.
O Congresso Nacional decreta:
Art.  1º Esta Lei dispõe sobre as diretrizes para a Política de
Mobilidade Elétrica, aplicável a organização, acesso e exercício das atividades
relacionadas à mobilidade elétrica, bem como as regras destinadas à criação
de  uma  rede  piloto  de  mobilidade  elétrica  e  de  incentivos  à  utilização  de
veículos elétricos.
Art. 2° Para fins do disposto desta Lei, devem ser observados
os seg",1.0
23,1,Solicito projeto de lei para conceder incentivos à instalação de pontos de recarga de baterias de veículos elétricos.,PL 1621/2022,Determina a padronização da configuração da conexão dos veículos elétricos às estações de recarga no Brasil.,"PROJETO DE LEI Nº          , DE 2022
(Do Sr. BETO PEREIRA)
Determina  a  padronização  da
configuração  da  conexão  dos  veículos
elétricos às estações de recarga no Brasil.
O Congresso Nacional decreta:
Art. 1º Em até 180 dias após o início de vigência desta lei, os
veículos  elétricos  novos  comercializados  no  Brasil  que  se  enquadram  nas
classificações estabelecidas no art. 96, inciso II, alíneas a, 7; b, 5; e c, 1 e 2, da
Lei nº 9.503, de 23 de setembro de 1997, deverão, obrigatoriamente, conter
cabo de recarga que se conecte a estações de recarga conforme configuração
padronizada n",0.5
23,1,Solicito projeto de lei para conceder incentivos à instalação de pontos de recarga de baterias de veículos elétricos.,PL 3435/2019,Dispõe sobre a obrigatoriedade da instalação de ponto de recarga para carros elétricos e híbridos em estacionamentos cobertos com mais de 200 vagas.,"PROJETO DE LEI Nº          , DE 2019 
(Do Sr. VALTENIR PEREIRA) 
Dispõe sobre a obrigatoriedade da 
instalação de ponto de recarga para carros 
elétricos e híbridos em estacionamentos 
cobertos com mais de 200 vagas. 
O Congresso Nacional decreta: 
Art. 1º As concessionárias de serviço de distribuição de energia 
elétrica deverão disponibilizar estações de recarga para veículos elétricos em 
estacionamentos cobertos destinados a número igual ou superior a 200 
(duzentos) automóveis. 
Parágrafo único. A unidade consumidora de energia elétrica 
deverá custear a instalação do ponto de recarga a e",0.5
23,1,Solicito projeto de lei para conceder incentivos à instalação de pontos de recarga de baterias de veículos elétricos.,PL 6503/2016,"Altera a Lei no 12.715, de 17 de setembro de 2012, a Lei no 8.383, de 30 de dezembro de 1991, e a Lei no 9.074, de 07 de julho de 1995.","CÂMARA DOS DEPUTADOS 
 
 
PROJETO DE LEI N° _______, DE 2016 
(Do Deputado Evandro Roman) 
Altera a Lei n
o
 12.715, de 17 de 
setembro de 2012, a Lei n
o
 8.383, de 
30 de dezembro de 1991, e a Lei n
o
 
9.074, de 07 de julho de 1995. 
 
O Congresso Nacional decreta: 
Art. 1º A Lei nº 12.715, de 17 de setembro de 2012, 
passa a vigorar com as seguintes alterações: 
“Art. 40. .................................................................... 
§ 1o  O Inovar-Auto aplicar-se-á até 31 de dezembro de 
2022, data em que todas habilitações vigentes serão 
consideradas canceladas e cessarão seus ef",0.0
23,1,Solicito projeto de lei para conceder incentivos à instalação de pontos de recarga de baterias de veículos elétricos.,PL 2092/2011,Estabelece incentivos à fabricação e utilização de veículos automóveis elétricos no Brasil e dá outras providências.,"PROJETO DE LEI Nº      , DE 2011 
(Do Sr. Irajá Abreu) 
Estabelece incentivos à fabricação e 
utilização de veículos automóveis elétricos 
no Brasil e dá outras providências. 
O Congresso Nacional decreta: 
Art. 1º Esta lei estabelece incentivos à fabricação e 
utilização de veículos automóveis elétricos no Brasil e dá outras providências. 
Art. 2º Os veículos automóveis elétricos, para a recarga 
de suas baterias em estacionamentos coletivos, serão enquadrados em uma 
classe de consumidor de energia elétrica própria, à qual se aplicarão regras de 
medição e faturamento específicas. 
Art. 3º N",0.5
23,1,Solicito projeto de lei para conceder incentivos à instalação de pontos de recarga de baterias de veículos elétricos.,PL 2715/2021,Estabelece medidas de incentivo à adoção de veículos híbridos e elétricos.,"PROJETO DE LEI Nº                  , DE 2021
(Do Sr. LEÔNIDAS CRISTINO)
Estabelece medidas de incentivo à adoção
de veículos híbridos e elétricos.
O Congresso Nacional decreta:
Art. 1º Esta lei estabelece medidas para incentivar a adoção de
motocicletas, de ciclomotores elétricos e de veículos automotores elétricos e
híbridos, bem como para promover a instalação de pontos de carregamento
para veículos elétricos.
Art.  2º  Ficam  isentos  do  Imposto  sobre  Produtos
Industrializados – IPI as motocicletas, os ciclomotores elétricos e os veículos
automotores  equipados  com  propulsão  elétrica ",1.0
24,1,"Estabelecer equivalência automática de diplomas para países do Mercosul e para Portugal, sem que seja necessário reconhecer os diplomas de nível superior destes países no Brasil.",PL 1678/2022,Dispõe sobre a revalidação automática de diplomas de graduação em Medicina obtidos por brasileiros em países do Mercosul.,"PROJETO DE LEI Nº          , DE 2022
(Do Sr. GUTEMBERG REIS)
Dispõe sobre a revalidação automática
de  diplomas  de  graduação  em  Medicina
obtidos  por  brasileiros  em  países  do
Mercosul.
O Congresso Nacional decreta:
Art. 1º O art. 48 da Lei nº 9.394, de 20 de dezembro de 1996,
passa a vigorar com a seguinte redação:
“Art. 48 ............................................................................
.........................................................................................
§  2º  Ressalvado  o  disposto  no  §  2º-A,  os  diplomas  de
graduação  expedidos  por  universid",0.5
24,1,"Estabelecer equivalência automática de diplomas para países do Mercosul e para Portugal, sem que seja necessário reconhecer os diplomas de nível superior destes países no Brasil.",PL 1874/2019,"Altera o art. 48 da Lei nº 9.394, de 20 de dezembro de 1996, para dispor sobre o reconhecimento automático de diplomas de pós-graduação stricto sensu de Portugal e do Mercosul no Brasil.","PROJETO DE LEI Nº          , DE 2019 
(Do Sr. CARLOS CHIODINI) 
Altera o art. 48 da Lei nº 9.394, de 20 
de dezembro de 1996, para dispor sobre o 
reconhecimento automático de diplomas de 
pós-graduação stricto sensu de Portugal e 
do Mercosul no Brasil. 
O Congresso Nacional decreta: 
Art. 1º O art. 48 da Lei nº 9.394, de 20 de dezembro de 1996, 
passa a vigorar com a seguinte redação: 
“Art. 48 ........................................................................................ 
..................................................................................................... 
§ 3º Os",1.0
24,1,"Estabelecer equivalência automática de diplomas para países do Mercosul e para Portugal, sem que seja necessário reconhecer os diplomas de nível superior destes países no Brasil.",INC 2787/2012,"Sugere ao Ministério da Educação e ao Ministério das Relações Exteriores estudarem a possibilidade de celebração de acordo internacional que garanta o reconhecimento recíproco dos estudos de pós-graduação realizados nos Países Partes e Associados do MERCOSUL, abrangendo os títulos e graus expedidos por cursos e programas de excelência ministrados por Instituições de Ensino Superior devidamente reconhecidas em seus países.","REQUERIMENTO 
(Do Sr. Jhonatan de Jesus) 
Requer o envio de Indicação ao 
Poder Executivo, relativa à possibilidade de 
celebração de acordo internacional que 
garanta o reconhecimento recíproco dos 
estudos de pós-graduação realizados em 
Países Partes e Associados do 
MERCOSUL, nas condições em que 
especifica.  
Senhor Presidente: 
Nos termos do art. 113, inciso I e § 1o, do Regimento 
Interno da Câmara dos Deputados, requeiro a V. Exª. seja encaminhada ao 
Poder Executivo a Indicação em anexo, sugerindo ao Ministério da Educação e 
ao Ministério das Relações Exteriores estudarem a possibil",0.5
24,1,"Estabelecer equivalência automática de diplomas para países do Mercosul e para Portugal, sem que seja necessário reconhecer os diplomas de nível superior destes países no Brasil.",INC 2667/2016,"Sugere ao Ministério da Educação tomar medidas para efetivar a entrada em funcionamento dos novos procedimentos e prazos para a revalidação dos diplomas médicos estrangeiros, de modo a permitir o ingresso médicos formados no exterior no sistema de saúde nacional.","REQUERIMENTO N
o
         , DE 2016 
(Do Sr. Nilson Leitão) 
Requer o envio de Indicação ao 
Poder Executivo, sugerindo a efetivação a 
entrada em funcionamento dos novos 
procedimentos e prazos para a revalidação 
dos diplomas médicos estrangeiros e 
permitir o ingresso de médicos formados no 
exterior no sistema de saúde nacional. 
Senhor Presidente: 
Nos termos do art. 113, inciso I e § 1o, do Regimento 
Interno da Câmara dos Deputados, requeiro a V. Exª. seja encaminhada ao 
Poder Executivo a Indicação em anexo, sugerindo a efetivação dos novos 
procedimentos e prazos para a revalidação do",0.0
24,1,"Estabelecer equivalência automática de diplomas para países do Mercosul e para Portugal, sem que seja necessário reconhecer os diplomas de nível superior destes países no Brasil.",PL 7723/2010,"Altera a redação do art. 48 da Lei nº 9.394, de 1996, que estabelece as diretrizes e bases da educação nacional.","PROJETO DE LEI Nº      , DE 2010
(Do Sr. José Airton Cirilo)
 Altera a redação do art. 48 da Lei nº
9.394, de 1996, que estabelece as diretrizes
e bases da educação nacional.
O Congresso Nacional decreta:
Art. 1º Esta Lei altera a redação do art. 48 da Lei nº
9.394, de 1996, para reconhecimento automático de diplomas e certificados
obtidos por estudantes em universidades públicas de países signatários da
Comunidade dos Países de Língua Portuguesa – CPLP.
Art. 2º O art. 48 da Lei nº 9.394, de 1996, passa a vigorar
com a seguinte redação:
“Art. 48.................................................",0.5
24,1,"Estabelecer equivalência automática de diplomas para países do Mercosul e para Portugal, sem que seja necessário reconhecer os diplomas de nível superior destes países no Brasil.",PL 4620/2004,"Obriga a admissão, automática, dos diplomas de cursos de pós-graduação, mestrado e doutorado expedidos por universidades ou instituições de ensino superior regulares, sediadas em países integrantes do MERCOSUL, mediante averbação na Secretaria de Ensino Superior do Ministério da Educação e Cultura.","Projeto de Lei Nº ... de 2004
(Dep. Pompeo de Mattos)
Obriga a admissão, automática, dos diplomas de cursos de pós-
graduação, mestrado e doutorado expedidos por universidades
ou instituições de ensino superior regulares, sediadas em países
integrantes do MERCOSUL, mediante averbação na Secretaria
de Ensino Superior do Ministério da Educação e Cultura.
O Congresso Nacional decreta:
Art. 1º - Os diplomas de cursos de pós-graduação, mestrado e doutorado expedidos
por universidades ou instituições de ensino superior regulares, sediadas em países integrantes do
MERCOSUL, serão automaticamente admi",0.5
24,1,"Estabelecer equivalência automática de diplomas para países do Mercosul e para Portugal, sem que seja necessário reconhecer os diplomas de nível superior destes países no Brasil.",PL 4872/2009,Acrescenta os parágrafos 4º e 5º ao art. 48 da LDB e dá outras providências.,"PROJETO DE LEI No          , DE 2009
(Do Sr. ELIENE LIMA)
           Acrescenta os parágrafos 4º e 5º ao art.
48 da LDB e dá outras providências.
O Congresso Nacional decreta:
Art. 1º  Ficam acrescidos os parágrafos 4º e 5º ao art. 48
da Lei 9.394 de 20 de dezembro de 1996, com a seguinte redação:
“§ 4º. Os diplomas de graduação em nível superior com
duração mínima de quatro anos e duas mil e setecentas
horas-aulas presenciais; pós graduação ao nível de
especialização, mestrado e ou doutorado com carga
horária presencial mínima de trezentas e sessenta horas,
expedidos por Instituições de Ensin",0.0
24,1,"Estabelecer equivalência automática de diplomas para países do Mercosul e para Portugal, sem que seja necessário reconhecer os diplomas de nível superior destes países no Brasil.",INC 2777/2012,"Sugere ao Ministério da Educação, juntamente com os reitores das universidades brasileiras, estudarem a possibilidade de facilitar os processos de revalidação dos diplomas de pós-graduação auferidos no exterior.","REQUERIMENTO 
(Do Sr. Carlos Bezerra) 
Requer o envio de Indicação ao 
Poder Executivo, sugerindo ao Ministério da 
Educação estudar a possibilidade de 
facilitar, nas universidades brasileiras, o 
processo de revalidação dos diplomas de 
pós-graduação auferidos no exterior.   
Senhor Presidente: 
Nos termos do art. 113, inciso I e § 1o, do Regimento 
Interno da Câmara dos Deputados, requeiro a V. Exª. seja encaminhada ao 
Poder Executivo a Indicação em anexo, sugerindo ao Ministério da Educação, 
juntamente com os reitores das universidades brasileiras, estudarem a 
possibilidade de facilitar",0.5
24,1,"Estabelecer equivalência automática de diplomas para países do Mercosul e para Portugal, sem que seja necessário reconhecer os diplomas de nível superior destes países no Brasil.",PL 5132/2009,"Altera o inciso I do art. 3º e acrescenta o inciso V ao mesmo artigo da Lei nº 9.099, de 26 de setembro de 1995 e dá outras providências.","PROJETO DE LEI No              , DE 2009
(Do Sr. ELIENE LIMA)
  Altera o inciso I do art. 3º e acrescenta o
inciso V ao mesmo artigo da Lei nº 9.099, de 26
de setembro de 1995 e dá outras providências.
O Congresso Nacional decreta:
Art. 1º O inciso I do art. 3º da Lei 9.099/99, passa viger com a
seguinte redação:
 “I – as causas cujo valor não exceda a 80(oitenta) vezes o salário
mínimo.”
Art. 2º Fica acrescido o inciso V  ao caput do art. 3º da Lei
9.009/95, com a seguinte redação:
“V - poderão ser cumulados pedidos de reparação de Danos
Materiais e Morais, podendo estes últimos serem fixados",0.0
24,1,"Estabelecer equivalência automática de diplomas para países do Mercosul e para Portugal, sem que seja necessário reconhecer os diplomas de nível superior destes países no Brasil.",INC 3536/2004,Sugere ao Ministro da Educação seja baixada Portaria regulamentando a revalidação de diplomas de graduação expedidos por estabelecimentos de ensino superior de outros países do Mercosul.,"REQUERIMENTO
(Do Sr. Milton Cardias)
Requer o envio de Indicação ao Poder
Executivo, solicitando seja baixada portaria
ministerial regulamentando a revalidação de
diplomas de graduação expedidos por
estabelecimentos de ensino superior de outros
países do Mercosul.
Senhor Presidente:
Nos termos do art. 113, inciso I e § 1º, do Regimento
Interno da Câmara dos Deputados, requeiro a V. Exª. seja encaminhada ao
Poder Executivo a Indicação em anexo, sugerindo seja baixada portaria
ministerial regulamentando a revalidação de diplomas de graduação expedidos
por estabelecimentos de ensino superior situ",0.5
25,1,"Impedir a retirada de conteúdo da internet sem ordem judicial. Muitas plataformas de internet utilizam seus termos de serviço para retirarem conteúdo de suas redes, o que é contrário à liberdade de expressão. As plataformas, em especial as redes sociais, se tornaram arenas públicas de debate.",PL 3573/2020,Altera o Marco Civil da Internet para proibir a retirada de conteúdos pelas aplicações de internet nos casos em que especifica.,"PROJETO DE LEI Nº          , DE 2020
(Do Sr. LUIZ PHILIPPE DE ORLEANS E BRAGANÇA)
Altera  o  Marco  Civil  da  Internet  para
proibir  a  retirada  de  conteúdos  pelas
aplicações  de  internet  nos  casos  em  que
especifica.
O Congresso Nacional decreta:
Art. 1º Esta Lei altera a Lei no 12.965, de 23 de abril de 2014
(Marco Civil da Internet), para proibir a retirada de conteúdos pelas aplicações
de internet nos casos em que especifica.
Art. 2o O artigo 19 da Lei no 12.965, de 23 de abril de 2014,
passa a vigorar com a seguinte redação:
“Art.  19.  Com  o  intuito  de  assegurar  a  liberdad",1.0
25,1,"Impedir a retirada de conteúdo da internet sem ordem judicial. Muitas plataformas de internet utilizam seus termos de serviço para retirarem conteúdo de suas redes, o que é contrário à liberdade de expressão. As plataformas, em especial as redes sociais, se tornaram arenas públicas de debate.",PL 213/2021,Altera o Marco Civil da Internet para possibilitar a indisponibilização de conteúdo por provedor de aplicações de internet somente devido a ordem judicial.,"PROJETO DE LEI Nº          , DE 2021
(Do Sr. LUIZ PHILIPPE DE ORLEANS E BRAGANÇA e outros)
Altera  o  Marco  Civil  da  Internet  para
possibilitar a indisponibilização de conteúdo
por  provedor  de  aplicações  de  internet
somente devido a ordem judicial.
O Congresso Nacional decreta:
Art. 1º Esta Lei altera o Marco Civil da Internet, Lei nº 12.965,
de 23 de abril de 2014, para possibilitar a indisponibilização de conteúdo por
provedor de aplicações de internet somente devido a ordem judicial.
Art. 2º O Marco Civil da Internet, Lei nº 12.965, de 23 de abril
de 2014, passa a vigorar acrescido",1.0
25,1,"Impedir a retirada de conteúdo da internet sem ordem judicial. Muitas plataformas de internet utilizam seus termos de serviço para retirarem conteúdo de suas redes, o que é contrário à liberdade de expressão. As plataformas, em especial as redes sociais, se tornaram arenas públicas de debate.",PL 2401/2021,"Altera a Lei Nº 12.965, de 23 de abril de 2014, para proteger a liberdade de expressão veiculada em redes sociais.","CÂMARA DOS DEPUTADOS 
 
 
PROJETO DE LEI Nº       DE 2021  
(Do Sr. Reinhold Stephanes Jr)  
 
 
Altera a Lei Nº 12.965, de 23 
de abril de 2014, para proteger a 
liberdade de expressão veiculada em 
redes sociais. 
 
 
 
O Congresso Nacional decreta:  
 
 
Art. 1º Esta Lei altera a Lei Nº 12.965, de 23 de abril de 2014 - Marco Legal da 
Internet, para proteger a liberdade de expressão veiculada em redes sociais. 
 
Art. 2º A Lei nº 12.965, de 23 de abril de 2014, passa a vigorar com as seguintes 
alterações: 
 
 
“Art. 19. O provedor de aplicações de internet, de mídias sociais ou de 
aplicat",1.0
25,1,"Impedir a retirada de conteúdo da internet sem ordem judicial. Muitas plataformas de internet utilizam seus termos de serviço para retirarem conteúdo de suas redes, o que é contrário à liberdade de expressão. As plataformas, em especial as redes sociais, se tornaram arenas públicas de debate.",PL 283/2020,Dispõe sobre o rito sumário para a retirada de conteúdos ilegais de redes sociais.,"PROJETO DE LEI Nº          , DE 2020 
(Do Sr. CÁSSIO ANDRADE) 
Dispõe sobre o rito sumário para a 
retirada de conteúdos ilegais de redes 
sociais. 
O Congresso Nacional decreta: 
Art. 1º Esta Lei altera o Marco Civil da Internet para criar o rito 
sumário para a retirada de conteúdos ilegais de redes sociais. 
Art. 2º A Lei n º 12.965, de 23 de abril de 2014, passa a vigorar 
acrescida dos seguintes artigos: 
“Seção III-A 
Da Retirada Sumária de Conteúdos Ilegais” 
“Art. 21-A. O provedor de aplicações de internet que ofereça 
serviços de redes sociais oferecerá aos usuários um serviço 
pronta",0.5
25,1,"Impedir a retirada de conteúdo da internet sem ordem judicial. Muitas plataformas de internet utilizam seus termos de serviço para retirarem conteúdo de suas redes, o que é contrário à liberdade de expressão. As plataformas, em especial as redes sociais, se tornaram arenas públicas de debate.",PL 2602/2019,"Altera o art. 19 da Lei nº 12.965, de 23 de abril de 2014, para estabelecer a obrigação de indisponibilidade de conteúdo apontado como infringente em boletim de ocorrência policial.","CAMARA DOS DEPUTADOS 
 
 
 
PROJETO DE LEI Nº          , DE 2019 
(Do Sr. LUIS MIRANDA) 
Altera o art. 19 da Lei nº 12.965, de 23 
de abril de 2014, para estabelecer a 
obrigação de indisponibilidade de conteúdo 
apontado como infringente em boletim de 
ocorrência policial.  
O Congresso Nacional decreta: 
Art. 1º Esta Lei altera o art. 19 da Lei nº 12.965, de 23 de abril 
de 2014, para estabelecer a obrigação de indisponibilidade de conteúdo 
apontado como infringente em boletim de ocorrência policial. 
Art. 2º A Lei nº 12.965, de 23 de abril de 2014, que estabelece 
princípios, garantias, di",0.5
25,1,"Impedir a retirada de conteúdo da internet sem ordem judicial. Muitas plataformas de internet utilizam seus termos de serviço para retirarem conteúdo de suas redes, o que é contrário à liberdade de expressão. As plataformas, em especial as redes sociais, se tornaram arenas públicas de debate.",PL 649/2021,"Altera a Lei nº 12.965, de 23 de abril de 2014, para dispor sobre direito de ampla defesa e contraditório pela indisponibilização ou qualquer intervenção sem ordem judicial do provedor de aplicações sobre conteúdo gerado por terceiros.","CÂMARA DOS DEPUTADOS
Deputado Federal PEDRO LUCAS FERNANDES
PROJETO DE LEI Nº          , DE 2021
(Do Sr. PEDRO LUCAS FERNANDES)
Altera a Lei nº 12.965, de 23 de abril de
2014,  para  dispor  sobre  direito  de  ampla
defesa e contraditório pela indisponibilização
ou qualquer intervenção sem ordem judicial
do  provedor  de  aplicações sobre  conteúdo
gerado por terceiros.
O Congresso Nacional decreta:
Art. 1º A Lei nº 12.965, de 23 de abril de 2014, que estabelece
princípios, garantias, direitos e deveres para o uso da Internet no Brasil, passa
a vigorar com o acréscimo do seguinte artigo:
“Art",1.0
25,1,"Impedir a retirada de conteúdo da internet sem ordem judicial. Muitas plataformas de internet utilizam seus termos de serviço para retirarem conteúdo de suas redes, o que é contrário à liberdade de expressão. As plataformas, em especial as redes sociais, se tornaram arenas públicas de debate.",PL 2393/2021,"Altera o Marco Civil da Internet – Lei nº 12.965, de 23 de abril de 2014 – para promover a liberdade de expressão nas redes sociais, e proibir a exclusão de perfis de usuários sem decisão judicial, e dá outras providências.","PROJETO DE LEI Nº          , DE 2021
(Da Sra. RENATA ABREU)
Altera o Marco Civil da Internet – Lei nº
12.965,  de  23  de  abril  de  2014  –  para
promover  a  liberdade  de  expressão  nas
redes sociais, e proibir a exclusão de perfis
de usuários sem decisão judicial, e dá outras
providências.
O Congresso Nacional decreta:
Art. 1º Esta Lei altera o Marco Civil da Internet – Lei nº 12.965,
de 23 de abril de 2014 – para promover a liberdade de expressão nas redes
sociais, e proibir a exclusão de perfis de usuários e de conteúdos que não
estejam em desacordo com a legislação, sem autorização ju",1.0
25,1,"Impedir a retirada de conteúdo da internet sem ordem judicial. Muitas plataformas de internet utilizam seus termos de serviço para retirarem conteúdo de suas redes, o que é contrário à liberdade de expressão. As plataformas, em especial as redes sociais, se tornaram arenas públicas de debate.",PL 246/2021,"Dispõe sobre a responsabilidade civil de provedores de aplicações de internet pela atividade de moderação, na forma de rotulagem de conteúdo que expresse a opinião de usuário, e assim caracterize exercício de liberdade fundamental.","PROJETO DE LEI Nº      , DE        DE JANEIRO DE 2021 
(DA SRA. CAROLINE DE TONI) 
 
 
 
 
Dispõe sobre a responsabilidade civil de 
provedores de aplicações de internet pela 
atividade de moderação, na forma de 
rotulagem de conteúdo que expresse a 
opinião de usuário, e assim caracterize 
exercício de liberdade fundamental. 
 
 
 
 
O Congresso Nacional decreta: 
 
Art. 1º. Esta Lei dispõe sobre a responsabilidade civil de 
provedores de aplicações de internet por ato de moderação, na forma de 
banimento, censura, classificação ou rotulagem de conteúdo que expresse a 
opinião de usuário, e a",0.5
25,1,"Impedir a retirada de conteúdo da internet sem ordem judicial. Muitas plataformas de internet utilizam seus termos de serviço para retirarem conteúdo de suas redes, o que é contrário à liberdade de expressão. As plataformas, em especial as redes sociais, se tornaram arenas públicas de debate.",PL 2630/2020,"Institui a Lei Brasileira de Liberdade, Responsabilidade e Transparência na Internet.","Institui a Lei Brasileira de Liberdade, 
Responsabilidade e Transparência na 
Internet. 
 
 
 
 
 
O Congresso Nacional decreta: 
 
CAPÍTULO I 
DISPOSIÇÕES PRELIMINARES 
 
Art. 1º Esta Lei, denominada Lei Brasileira de Liberdade, Responsabilidade e 
Transparência na Internet, estabelece normas, diretrizes e mecanismos de transparência 
para provedores de redes sociais e de serviços de mensageria privada a fim de garantir 
segurança e ampla liberdade de expressão, comunicação e manifestação do pensamento. 
§ 1º Esta Lei não se aplica aos provedores de redes sociais e de serviços de 
mensageria ",1.0
25,1,"Impedir a retirada de conteúdo da internet sem ordem judicial. Muitas plataformas de internet utilizam seus termos de serviço para retirarem conteúdo de suas redes, o que é contrário à liberdade de expressão. As plataformas, em especial as redes sociais, se tornaram arenas públicas de debate.",PL 3227/2021,"Altera a Lei nº 12.965, de 23 de abril de 2014, e a Lei nº 9.610, de 19 de fevereiro de 1998, para dispor sobre o uso de redes sociais.","PROJETO DE LEI
Altera a Lei nº 12.965, de 23 de abril de
2014,  e  a  Lei  nº  9.610,  de  19  de
fevereiro  de  1998,  para  dispor  sobre  o
uso de redes sociais.
O CONGRESSO NACIONAL decreta:
Art. 1º  A Lei nº 12.965, de 23 de abril de 2014, passa a vigorar com as
seguintes alterações:
“Art.
1º  ...............................................................................................
........
Parágrafo  único.   O disposto nesta Lei  aplica-se mesmo que as
atividades  sejam realizadas  por  pessoa  jurídica  sediada  no  exterior,
desde  que  oferte  serviço  ao  público  brasileiro  ",0.5
26,1,Projeto de lei versando sobre descarte de medicamentos vencidos.,PL 5705/2013,"Dispõe sobre a participação de farmácias, drogarias e laboratórios farmacêuticos no descarte e na destinação final de medicamentos vencidos ou impróprios para o consumo, em todo Território Nacional, e dá outras providências.","CÂMARA DOS DEPUTADOS 
 
 
 
 
PROJETO DE LEI Nº              , DE 2013 
(Do Sr. Onofre Santo Agostini) 
 
 
Dispõe sobre a participação de farmácias, 
drogarias e laboratórios farmacêuticos no 
descarte e na destinação final de 
medicamentos vencidos ou impróprios para o 
consumo, em todo Território Nacional, e dá 
outras providências.  
 
 
 
O Congresso Nacional decreta:  
 
 
Art. 1º Esta Lei disciplina a destinação final, ambientalmente adequada ao 
descarte de medicamentos vencidos ou impróprios para uso, no âmbito do Território 
Nacional. 
Art. 2º Todas unidades de saúde,  farmácias, dro",1.0
26,1,Projeto de lei versando sobre descarte de medicamentos vencidos.,PL 1261/2019,Dispõe do descarte seguro de medicamentos vencidos.,"CAMARA DOS DEPUTADOS 
 
 
PROJETO DE LEI Nº        , DE 2019 
(Do Sr. Juninho do Pneu) 
 
 
Dispõe do descarte seguro de 
medicamentos vencidos. 
 
O Congresso Nacional decreta:  
 
Art.1º Esta Lei tem como objetivo transferir aos fabricantes, 
importadores, distribuidores e comerciantes, de medicamentos de uso humano 
e animal, a obrigação de implementar e estruturar sistemas de logística 
reversa, mediante retorno dos produtos vencidos, de forma independente do 
serviço público de limpeza urbana e de manejo dos resíduos sólidos.  
Art. 2º Esta Lei acrescenta nova redação a Lei nº 12.305, de ",1.0
26,1,Projeto de lei versando sobre descarte de medicamentos vencidos.,PL 8278/2014,"Dispõe sobre a participação de farmácias, drogarias e laboratórios farmacêuticos no descarte e na destinação final de medicamentos vencidos ou impróprios para o consumo, em todo Território Nacional, e dá outras providências.","Câmara dos Deputados 
 
 
PROJETO DE LEI Nº           , de 2014 
(Do Sr. Heuler Cruvinel) 
 
 
Dispõe sobre a participação de farmácias, 
drogarias e laboratórios farmacêuticos no 
descarte e na destinação final de 
medicamentos vencidos ou impróprios 
para o consumo, em todo Território 
Nacional, e dá outras providências. 
 
 
 
O Congresso Nacional decreta: 
 
Art. 1º Esta Lei disciplina a destinação final, ambientalmente adequada ao 
descarte de medicamentos vencidos ou impróprios para uso, no âmbito do Território 
Nacional. 
Art. 2º Todas unidades de saúde, farmácias, drogarias e farmácias",1.0
26,1,Projeto de lei versando sobre descarte de medicamentos vencidos.,PL 4453/2019,Dispõe sobre a destinação final ambientalmente adequada dos medicamentos vencidos ou impróprios para o consumo.,"CÂMARA DOS DEPUTADOS 
 
PROJETO DE LEI Nº          , DE 2019 
(Do Sr. MARRECA FILHO) 
Dispõe sobre a destinação final 
ambientalmente adequada dos 
medicamentos vencidos ou impróprios para 
o consumo. 
O Congresso Nacional decreta: 
Art. 1º Esta Lei dispõe sobre a destinação final ambientalmente 
adequada dos medicamentos vencidos ou impróprios para o consumo. 
Art. 2º Ficam obrigados os estabelecimentos abaixo citados a 
instalarem, em locais visíveis, caixas de coleta para recebimento do descarte 
dos medicamentos vencidos ou impróprios para o consumo, suas embalagens 
e materiais afins: 
I ",1.0
26,1,Projeto de lei versando sobre descarte de medicamentos vencidos.,PL 7064/2014,"Dispõe sobre o recolhimento de medicamentos vencidos e a devolução de medicamentos excedentes ainda em validade, e dá outras providências.","1 
 
PROJETO DE LEI Nº                   , DE  2014 
(Dos Srs. Alexandre Roso e Paulo Foletto) 
 
 
Dispõe sobre o recolhimento de 
medicamentos vencidos e a devolução de 
medicamentos excedentes ainda em 
validade, e dá outras providências.  
 
 
O CONGRESSO NACIONAL DECRETA: 
 
 
Art. 1º. Esta Lei estabelece normas gerais disciplinadoras do recolhimento de 
medicamentos vencidos e a devolução de medicamentos excedentes ainda em validade.  
 
 Parágrafo único. A aplicação desta Lei dar-se-á sem prejuízo de outras normas 
específicas de âmbito federal, estadual, distrital ou municipal que com ",1.0
26,1,Projeto de lei versando sobre descarte de medicamentos vencidos.,PL 11186/2018,"Acrescenta dispositivo ao art. 33 da Lei 12.305, de 2 de agosto de 2010, para dispor sobre o descarte de medicamentos de uso humano ou de uso veterinário","PROJETO DE LEI Nº                       , DE 2018 
(Do Sr. Felipe Carreras) 
 
Acrescenta dispositivo ao art. 33 da Lei 
12.305, de 2 de agosto de 2010, para 
dispor sobre o descarte de 
medicamentos de uso humano ou de 
uso veterinário.  
O Congresso Nacional decreta: 
Art. 1º Esta Lei acrescenta dispositivo ao art. 33 da Lei 12.305, 
de 2 de agosto de 2010, para dispor sobre o descarte de medicamentos de uso 
humano ou de uso veterinário.  
Art. 2º O art. 33 da Lei nº 12.305, de 2 de agosto de 2010, passa 
a vigorar com a seguinte redação: 
“Art. 33. .........................................",1.0
26,1,Projeto de lei versando sobre descarte de medicamentos vencidos.,PL 2121/2011,Dispõe sobre o descarte de medicamentos vencidos ou impróprios para o consumo nas farmácias e drogarias e dá outras providências.,"PROJETO DE LEI N.º ________ DE 2011. 
 
EMENTA: DISPÕE SOBRE O DESCARTE 
DE MEDICAMENTOS VENCIDOS OU 
IMPRÓPRIOS PARA O CONSUMO NAS 
FARMÁCIAS E DROGARIAS E DÁ 
OUTRAS PROVIDÊNCIAS. 
 
Autor: Deputado WALNEY ROCHA 
 
Art. 1° As farmácias, drogarias, e farmácias de manipulação devem 
disponibilizar recipiente, em local de fácil visualização, para recolhimento de 
medicamentos impróprio para o consumo ou com data de validade vencida. 
§ 1° Na caixa de coleta deverá constar a seguinte expressão: 
""Coleta Seletiva de Medicamento"". 
§ 2° O estabelecimento deverá ainda apresentar informativo claro 
",1.0
26,1,Projeto de lei versando sobre descarte de medicamentos vencidos.,PL 595/2011,"Acrescenta o art. 6-A  à Lei nº 5.991 de 17 de dezembro de 1973, para dispor sobre o recolhimento e o descarte consciente de medicamentos.","PROJETO DE LEI Nº      , DE 2011 
(Do Sr. Dr. Aluizio) 
Acrescenta o Artigo 6 A à Lei 
5.991 de 17 de dezembro de 1973, 
para dispor sobre o recolhimento e o 
descarte consciente de medicamentos 
Art 1° Esta lei cria o artigo 6 A à lei 5.991 de 17   de dezembro de 1973, 
com vistas a garantir o descarte consciente de medicamentos e 
substâncias correlatas de forma segura e sustentável para o meio 
ambiente. 
Art 2° Acrescenta-se o artigo 6 A à Lei 5.991 de 17  de dezembro de 1973  
com a seguinte redação: 
Art. 6° A - Os estabelecimentos descritos no art. 6 ° estão obrigados 
a receber da popu",1.0
26,1,Projeto de lei versando sobre descarte de medicamentos vencidos.,PLP 77/2011,Torna obrigatória a criação de pontos de coleta para recolhimento de resíduos de medicamentos nas farmácias e drogarias.,"PROJETO DE LEI COMPLEMENTAR Nº         , DE 2011 
(Do Deputado Federal Lourival Mendes) 
 
Torna obrigatória a criação de pontos de coleta para 
recolhimento de resíduos de medicamentos nas 
farmácias e drogarias. 
 O CONGRESSO NACIONAL decreta: 
 Art. 1°. Ficam as farmácias e drogarias obrigadas a instalar pontos de coleta, 
devidamente identificados, para descarte de resíduos de medicamentos e medicamentos 
vencidos. 
Art. 2°. Ficam os órgãos municipais e distrital responsáveis pela realização de coleta 
pública dos resíduos nas farmácias e drogarias, bem como responsáveis pela destinação 
f",1.0
26,1,Projeto de lei versando sobre descarte de medicamentos vencidos.,PL 6776/2016,Institui o programa de destinação dos medicamentos vencidos,"CAMARA DOS DEPUTADOS 
 
 
PROJETO DE LEI Nº        , DE 2016 
(Da Sra. Mariana Carvalho) 
 
 
Institui o programa de destinação 
dos medicamentos vencidos.  
 
 
O Congresso Nacional decreta: 
 
Art.1º Esta Lei acrescenta nova redação a Lei nº 12.305, de 2 de 
agosto de 2010, que instituiu a Política Nacional de Resíduos Sólidos, com o 
objetivo de transferir aos fabricantes, importadores, distribuidores e 
comerciantes, de medicamentos de uso humano e animal, a obrigação de 
implementar e estruturar sistemas de logística reversa, mediante retorno dos 
produtos vencidos, de forma independente ",1.0
27,1,Projeto de lei para permitir a desaposentação e recálculo da aposentadoria.,PL 7098/2017,"Altera a Lei nº 8.213, de 24 de julho de 1991, que dispõe sobre os Planos de Benefícios da Previdência Social e dá outras providências, para permitir o recálculo do valor da aposentadoria do segurado que permanecer ou retornar à atividade sujeita ao Regime Geral de Previdência Social - RGPS.","PROJETO DE LEI Nº      , DE 2017 
 
 (Do Sr. Tenente Lúcio) 
 
Altera a Lei nº 8.213, de 24 de julho de 
1991, que dispõe sobre os Planos de 
Benefícios da Previdência Social e dá outras 
providências, para permitir o recálculo do 
valor da aposentadoria do segurado que 
permanecer ou retornar à atividade sujeita ao 
Regime Geral de Previdência Social – RGPS. 
 
O Congresso Nacional decreta: 
 
Art. 1º A Lei nº 8.213, de 24 de julho de 1991, passa a 
vigorar acrescida do seguinte dispositivo: 
 
“Art.18-A Sem prejuízo do disposto no §2º do art. 18, o 
aposentado pelo Regime Geral de Previdênci",1.0
27,1,Projeto de lei para permitir a desaposentação e recálculo da aposentadoria.,PL 3541/2015,"""Altera o art. 18 da Lei nº 8.213, de 24 de julho de 1991""","Projeto de Lei n.º            , de 2015 
(do Sr. Arnaldo Faria de Sá) 
“Altera o art. 18 da Lei nº 8.213, de 24 de 
julho de 1991” 
 
 
 
O Congresso Nacional decreta: 
 
 
A Lei n.º 8.213 de 24 de julho de 1991, passa a vigorar com as seguintes 
alterações: 
Art. 18................................................................................... 
§ 2º O aposentado pelo Regime Geral de Previdência Social que 
permanecer em atividade sujeita a este Regime, ou a ele retornar, 
não fará jus a outra aposentadoria deste Regime em consequência 
do exercício dessa atividade, sendo-lhe assegurado, n",0.5
27,1,Projeto de lei para permitir a desaposentação e recálculo da aposentadoria.,PL 2920/2015,"Altera a Lei nº 8.213, de 24 de julho de 1991, para conceder ao aposentado que permanece ou retorna à atividade e a seu dependente beneficiário da pensão por morte o direito à renúncia à aposentadoria e ao recálculo da renda mensal do benefício.","PROJETO DE LEI Nº      , DE 2015 
(Do Sr. Carlos Bezerra) 
Altera a Lei nº 8.213, de 24 de julho 
de 1991, para conceder ao aposentado que 
permanece ou retorna à atividade e a seu 
dependente beneficiário da pensão por 
morte o direito à renúncia à aposentadoria e 
ao recálculo da renda mensal do benefício. 
O Congresso Nacional decreta: 
Art. 1º A Lei nº 8.213, de 24 de julho de 1991, passa a 
vigorar com as seguintes alterações: 
“Art. 18 ................................................................ 
............................................................................. 
§ 2º-A  F",1.0
27,1,Projeto de lei para permitir a desaposentação e recálculo da aposentadoria.,PL 10466/2018,"Altera as Leis nº 8.212 e nº 8.213, ambas de 24 de julho de 1991, para permitir o recálculo da renda mensal do benefício do aposentado que permanece ou retorna à atividade laborativa. Torna facultativa a contribuição do segurado na mesma condição. Permite a devolução das contribuições vertidas se o recálculo não majorar a renda mensal de benefício.","PROJETO DE LEI Nº          , DE 2018 
(Da Sra. NORMA AYUB) 
Altera as Leis nº 8.212 e nº 8.213, 
ambas de 24 de julho de 1991, para permitir 
o recálculo da renda mensal do benefício do 
aposentado que permanece ou retorna à 
atividade laborativa. Torna facultativa a 
contribuição do segurado na mesma 
condição. Permite a devolução das 
contribuições vertidas se o recálculo não 
majorar a renda mensal de benefício. 
O Congresso Nacional decreta: 
Art. 1º A Lei nº 8.212, de 24 de julho de 1991, passa a vigorar 
com as seguintes alterações: 
“Art. 12 .............................................",1.0
27,1,Projeto de lei para permitir a desaposentação e recálculo da aposentadoria.,PL 1990/2015,"Altera a Lei nº 8.213, de 24 de julho de 1991, para estabelecer a garantia do recálculo do benefício do aposentado do Regime Geral de Previdência Social que retorna ou permanece em atividade.","PROJETO DE LEI No            , DE 2015 
(Do Sr. FABIO MITIDIERI) 
Altera a Lei nº 8.213, de 24 de julho 
de 1991, para estabelecer a garantia do 
recálculo do benefício do aposentado do 
Regime Geral de Previdência Social que 
retorna ou permanece em atividade. 
O Congresso Nacional decreta: 
Art. 1º Acrescente-se Subseção XIII à Seção V do 
Capítulo II do Título III da Lei nº 8.213, de 24 de julho de 1991, com o seguinte 
título: 
“Do Recálculo da Aposentadoria” 
 
Art. 2º Acrescente-se o seguinte art. 87-A à Subseção XIII 
da Seção V do Capítulo II do Título III da Lei nº 8.213, de 24 de jul",1.0
27,1,Projeto de lei para permitir a desaposentação e recálculo da aposentadoria.,PL 1168/2011,"Altera o art. 18, § 2º, acrescendo o art. 37-A, acrescenta o parágrafo único ao art. 54, modifica o inciso III do art. 96, acrescenta o parágrafo único ao art. 96, todos da Lei nº 8.213, de 24 de julho de 1991, regulamentando os institutos da Desaposentação e da Despensão.","PROJETO DE LEI N°                  DE 2011 
 
Do Dr. Ubiali  
“Altera o art. 18, § 2º, acrescendo o 
art. 37-A, acrescenta o parágrafo único 
ao artigo 54, modifica o inciso III do 
artigo 96, acrescenta o Parágrafo Único 
ao artigo 96, todos da Lei nº 8.213, de 24 
de julho de 1991, regulamentando os 
institutos da Desaposentação e da 
Despensão.” 
O Congresso Nacional decreta: 
      Artigo 1º.   A Lei nº 8.213, de 24 de 
julho de 1991, que dispõe sobre os Planos de Benefícios da Previdência Social 
do RGPS, passa a vigorar com alteração na redação do art. 18, § 2º, 
acrescendo o art. 37-A, ",1.0
27,1,Projeto de lei para permitir a desaposentação e recálculo da aposentadoria.,PL 7842/2014,"Altera a Lei nº 8.213, de 24 de julho de 1991, para garantir ao aposentado que permanece ou retorna à atividade o direito à renúncia à aposentadoria e ao recálculo da renda mensal do benefício.","PROJETO DE LEI Nº      , DE 2014 
(Do Sr. JAIME MARTINS) 
Altera a Lei nº 8.213, de 24 de 
julho de 1991, para garantir ao 
aposentado que permanece ou 
retorna à atividade o direito à 
renúncia à aposentadoria e ao 
recálculo da renda mensal do 
benefício.   
O Congresso Nacional decreta: 
Art. 1º A Lei nº 8.213, de 24 de julho de 1991, 
passa a vigorar com as seguintes alterações: 
“Art. 18 ............................................................................ 
......................................................................................... 
§ 2º-A  É assegurado ao aposentado ",1.0
27,1,Projeto de lei para permitir a desaposentação e recálculo da aposentadoria.,PL 5668/2009,"Altera a Lei nº 8.213, de 24 de julho de 1991, para permitir o recálculo da renda mensal do benefício de segurado que permanece ou que retorna a atividade.","PROJETO DE LEI No       , DE 2009
(Do Sr.  CELSO MALDANER)
Altera a Lei nº 8.213, de 24 de julho
de 1991, para permitir o recálculo da renda
mensal do benefício de segurado que
permanece ou que retorna a atividade.
O Congresso Nacional decreta:
Art. 1º.   A Lei nº 8.213, de 24 de julho de 1991, passa a
vigorar com alterações em seu art.  18, § 2º,  e com acréscimo de § 5º ao art.
55 e de art. 37-A, conforme a seguinte redação:
“Art. 18.................................................................................
...............................................................................",1.0
27,1,Projeto de lei para permitir a desaposentação e recálculo da aposentadoria.,PL 7369/2010,"Altera a Lei nº 8.213, de 24 de julho de 1991, para permitir o recálculo da renda mensal da aposentadoria do segurado que permanece ou retorna à atividade.","PROJETO DE LEI No               , DE 2010
(Do Sr. EDUARDO BARBOSA)
Altera a Lei nº 8.213, de 24 de julho de 
1991,  para  permitir  o  recálculo  da  renda 
mensal  da  aposentadoria  do  segurado  que 
permanece ou retorna à atividade.
O Congresso Nacional decreta:
Art.  1º  A Lei  nº  8.213,  de 24 de julho  de  1991,  passa a 
vigorar com as seguintes alterações:
“Art. 18........................................................................
....................................................................................
§ 2º O aposentado pelo Regime Geral de Previdência 
Social que pe",1.0
27,1,Projeto de lei para permitir a desaposentação e recálculo da aposentadoria.,PL 6237/2005,"Altera as Leis nºs 8.212 e 8.213, ambas de 24 de julho de 1991, para permitir a conversão de aposentadoria proporcional em aposentadoria integral.","PROJETO DE LEI No            , DE 2005
(Do Sr. CHICO SARDELLI)
Altera as Leis nºs 8.212 e 8.213, ambas
de  24  de  julho  de  1991,  para  permitir  a
conversão de  aposentadoria  proporcional  em
aposentadoria integral. 
O Congresso Nacional decreta:
Art.  1o  A Lei  nº  8.212,  de 24 de julho de 1991,  passa a
vigorar com alteração no § 4º do art. 12, conforme a seguinte redação:
“Art. 12.................................................................................
.............................................................................................
§ 4º O aposentado pelo Regime G",0.5
28,1,projeto de lei para criar multa diária caso o cadastro do consumidor não seja excluído do banco de dados de cadastro positivo,PL 7654/2014,"Acrescenta § 4º ao art. 52 da Lei nº 8.078, de 11 de setembro de 1990 (Código de Proteção e Defesa do Consumidor), com a finalidade de vedar restrição na oferta ou outorga de crédito ao consumidor.","PROJETO DE LEI Nº                        , DE 2014 
(Do Sr. Dimas Fabiano) 
Acrescenta § 4º ao art. 52 da Lei nº 
8.078, de 11 de setembro de 1990 (Código 
de Proteção e Defesa do Consumidor), com 
a finalidade de vedar restrição na oferta ou 
outorga de crédito ao consumidor.  
O Congresso Nacional decreta: 
Art. 1º O art. 52 da Lei nº 8.078, de 11 de setembro de 
1990, passa a vigorar acrescido do seguinte § 4º: 
“Art. 52. ........................... 
........... 
§ 4º É vedado ao fornecedor, no fornecimento de 
produtos ou serviços que envolva a outorga de crédito ou 
concessão de financiam",0.0
28,1,projeto de lei para criar multa diária caso o cadastro do consumidor não seja excluído do banco de dados de cadastro positivo,PL 8184/2017,"Altera a Lei nº 12.414, de 9 de junho de 2011, para permitir a adesão automática ao cadastro positivo.","PROJETO DE LEI Nº          , DE 2017 
(Do Sr. CARLOS BEZERRA) 
Altera a Lei nº 12.414, de 9 de junho de 
2011, para permitir a adesão automática ao 
cadastro positivo. 
O Congresso Nacional decreta: 
Art. 1º Os arts. 2º, inciso III, 4º e 9º, caput, da Lei nº 12.414, de 
9 de junho de 2011, passam a viger com a seguinte redação: 
“Art. 2º ................................................ 
III – cadastrado: pessoa natural ou jurídica cujas 
informações estejam incluídas no banco de dados;”  
“Art. 4º A abertura do cadastro será automática, devendo a 
exclusão do cadastro ser feita mediante requer",0.0
28,1,projeto de lei para criar multa diária caso o cadastro do consumidor não seja excluído do banco de dados de cadastro positivo,PL 4245/2008,"Altera a Lei nº 8.078, de 11 de setembro de 1990 - Código de Defesa do Consumidor.","PROJETO DE LEI Nº            , DE 2004 
(Do Sr. Filipe Pereira) 
 
 
 
 
 
Altera a Lei nº 8.078, de 11 de setembro de 1990 – 
Código de Defesa do Consumidor.  
 
 
 
 
 
 
O Congresso Nacional decreta: 
 
Art. 1º – Esta lei altera a Lei n° 8.078, de 11 de setembro de 1990 (Código de 
Defesa do Consumidor), diminuindo o prazo para manutenção de informações negativadas do 
consumidor nos bancos de dados, obrigando o banco de dados a encaminhar no prazo de 5 
dias úteis comunicação acerca da abertura de cadastro, ficha, registro e dados pessoais e de 
consumo, somente permitindo seu registro apó",0.5
28,1,projeto de lei para criar multa diária caso o cadastro do consumidor não seja excluído do banco de dados de cadastro positivo,PL 2798/2003,"Regula, em complementação ao art. 43 da Lei nº 8.078, de 11 de setembro de 1990 (Código de Proteção e Defesa do Consumidor), as atividades dos bancos de dados e cadastros de consumidores e congêneres.","PROJETO DE LEI Nº          , DE 2003.
( Da Sra. Perpétua Almeida)
Regula, em
complementação ao art. 43 da Lei
nº 8.078, de 11 de setembro de
1990 (Código de Proteção e Defesa
do Consumidor), as atividades dos
bancos de dados e cadastros de
consumidores e congêneres.
O Congresso Nacional decreta :
Art. 1º Esta lei disciplina a atuação dos bancos de
dados e cadastros de consumidores de que trata o art. 43 da
Lei nº 8.078, de 11 de setembro de 1990 (Código de Proteção e
Defesa do Consumidor).
Parágrafo único. Além dos conceitos e definições
sobre consumidor, fornecedor e relações de consumo da Le",0.5
28,1,projeto de lei para criar multa diária caso o cadastro do consumidor não seja excluído do banco de dados de cadastro positivo,PL 5958/2005,"Disciplina a atuação dos bancos de dados de proteção ao crédito e de relações comerciais, bem como sua relação com os cadastrados, fontes de informações e consulentes, e dá outras providências.","1PROJETO DE LEI Nº              de 2005.
(Do Deputado MAURO BENEVIDES)
Disciplina a atuação dos bancos de
dados de proteção ao crédito e de relações
comerciais, bem como sua relação com os
cadastrados, fontes de informações e
consulentes, e dá outras providências.
O Presidente da República:
Faço saber que o Congresso Nacional decreta e eu
sanciono a seguinte Lei:
                          CAPÍTULO I
                          DAS DISPOSIÇÕES INICIAIS
                     Art. 1o  Esta Lei disciplina a atuação dos bancos de dados de
proteção ao crédito e de relações comerciais, bem como sua rela",1.0
28,1,projeto de lei para criar multa diária caso o cadastro do consumidor não seja excluído do banco de dados de cadastro positivo,PL 8526/2017,Proíbe a inclusão de informações negativas relativas ao consumidor em situação de desemprego em bancos de dados ou cadastros de proteção ao crédito.,"CÂMARA DOS DEPUTADOS 
 
 
 
PROJETO DE LEI Nº          , DE 2017 
    (Do Sr. Rômulo Gouveia)  
Proíbe a inclusão de 
informações negativas 
relativas ao consumidor em 
situação de desemprego em 
bancos de dados ou cadastros 
de proteção ao crédito. 
O Congresso Nacional decreta: 
 
Art. 1º Esta lei proíbe a inclusão de 
informações negativas relativas ao consumidor em 
situação de desemprego em bancos de dados ou 
cadastros de proteção ao crédito. 
Art. 2º Fica proibida a inclusão, em 
bancos de dados e cadastros de proteção ao crédito, de 
informações negativas relativas ao consumidor que se",0.5
28,1,projeto de lei para criar multa diária caso o cadastro do consumidor não seja excluído do banco de dados de cadastro positivo,PL 5242/2005,"Disciplina o funcionamento de bancos de dados e serviços de proteção ao crédito e congêneres, os de relacionamento comerciais, e dá outras providências.","PROJETO DE LEI Nº      DE 2005
(Do Sr. Inaldo Leitão)
Disciplina o funcionamento de bancos
de dados e serviços de proteção ao crédito e
congêneres, os de relacionamento comerciais,
e dá outras providências.
 
O Presidente da República:
Congresso Nacional decreta e eu sanciono a seguinte lei:
Art. 1º Os cadastros e bancos de dados de proteção ao crédito ou congêneres,
os de relações comerciais, reger-se-ão pelo disposto nesta Lei.
Art. 2º Para os efeitos desta Lei, entende-se por consumidor, cadastrado ou
cadastrando toda pessoa física ou jurídica que esteja, respectivamente, anotada nos
bancos",0.5
28,1,projeto de lei para criar multa diária caso o cadastro do consumidor não seja excluído do banco de dados de cadastro positivo,PL 6573/2009,"Acrescenta parágrafos ao art. 43 da Lei nº 8.078, de 11 de setembro de 1990.","CÂMARA DOS DEPUTADOS
PROJETO DE LEI Nº          , DE 2009
(Da Comissão de Legislação Participativa)
SUG nº 130/2009
(Do Instituto Brasileiro de Estudo e Defesa das Relações de Consumo -
IBEDEC)
Acrescenta parágrafos ao art. 43 da Lei nº
8.078, de 11 de setembro de 1990.
O Congresso Nacional decreta:
Art. 1º O art. 43 da Lei nº 8.078, de 11 de setembro de 1990, passa a viger
acrescido dos seguintes §§ 1°, 1°-A, renumerando-se  o atual §1º para §1º-B, e do
§ 6°:
“Art. 43. .......................................
....................................................
§ 1º As empresas ou instituições",0.5
28,1,projeto de lei para criar multa diária caso o cadastro do consumidor não seja excluído do banco de dados de cadastro positivo,PL 5407/2005,Dispõe sobre o fornecimento de informações constantes de bancos de dados e cadastro de consumidores.,"PROJETO DE LEI Nº                        , DE 2005
(Do Sr. Vieira Reis)
Dispõe sobre o fornecimento de informações
constantes de bancos de dados e cadastro de
consumidores.
O Congresso Nacional decreta:
Art. 1º Os bancos e cadastros de consumidores, os serviços
de proteção ao crédito e congêneres, de que trata o art. 43 da Lei n.º 8.078, de
11 de setembro de 1990, obrigam-se a fornecer ao consumidor, em formulário
próprio, as informações sobre ele existentes em seus arquivos e banco de
dados.
§ 1º As informações constantes do caput deverão ser
prestadas gratuitamente, por escrito, em formulári",0.5
28,1,projeto de lei para criar multa diária caso o cadastro do consumidor não seja excluído do banco de dados de cadastro positivo,PL 1202/2011,"Altera a Lei nº 9.503, de 23 de setembro de 1997, que institui o Código de Trânsito Brasileiro, para dispor sobre o Cadastro Nacional Positivo de Condutores de Veículos Automotores, e estabelece desconto no valor do Imposto sobre Produtos Industrializados - IPI - na aquisição de automóveis pelos condutores incluídos nesse cadastro.","PROJETO DE LEI Nº             , DE 2011 
(Da Sra. Bruna Furlan) 
Altera a Lei nº 9.503, de 23 de 
setembro de 1997, que institui o Código de 
Trânsito Brasileiro, para dispor sobre o 
Cadastro Nacional Positivo de Condutores 
de Veículos Automotores, e estabelece 
desconto no valor do Imposto sobre 
Produtos Industrializados – IPI – na 
aquisição de automóveis pelos condutores 
incluídos nesse cadastro. 
O Congresso Nacional decreta: 
Art. 1º Esta Lei Altera a Lei nº 9.503, de 23 de setembro 
de 1997, que institui o Código de Trânsito Brasileiro, para dispor sobre o 
Cadastro Nacional Positivo",0.0
29,1,"Solicito a elaboração de uma proposição legislativa objetivando garantir recursos ( por exemplo, pela criação de um fundo de promoção da igualdade racial) para políticas afirmativas destinadas a promover a igualdade de condições para a população negra brasileira.",PEC 115/2015,"Altera os art. 159, 239 e 240 da Constituição Federal e acrescenta o art. 227-A a seu texto, para dispor sobre o Fundo de Promoção da Igualdade Racial.","PROPOSTA DE EMENDA À CONSTITUIÇÃO Nº           DE 2015 
 
(Do Sr. Vicentinho) 
 
Altera os art. 159, 239 e 240 da                                                  
Constituição Federal e acrescenta o                                                                   
art. 227-A a seu texto, para dispor                                                                  
sobre o Fundo   de   Promoção   da                                                                   
Igualdade Racial. 
 
 
As Mesas da Câmara dos Deputados e do Senado Federal, nos termos do § 3º do 
Art. 60 da Constituição Feder",1.0
29,1,"Solicito a elaboração de uma proposição legislativa objetivando garantir recursos ( por exemplo, pela criação de um fundo de promoção da igualdade racial) para políticas afirmativas destinadas a promover a igualdade de condições para a população negra brasileira.",PEC 506/2006,"Altera os artigos 159, 239 e 240 da Constituição Federal e acrescenta o artigo 227-A a seu texto, para dispor sobre o Fundo de Promoção da Igualdade Racial.","PROPOSTA DE EMENDA À CONSTITUIÇÃO Nº         DE 2005.
(Dep. João Grandão e outros)
Altera  os  arts.  159,  239  e  240  da
Constituição  Federal  e  acrescenta  o
art.  227-A a  seu  texto,  para  dispor
sobre  o  Fundo  de  Promoção  da
Igualdade Racial.
As Mesas da Câmara dos Deputados e do Senado Federal, nos
termos do § 3º  do Art. 60 da Constituição Federal,  promulgam a seguinte
Emenda ao texto constitucional:
Art. 1º Os Arts. 159, 239 e 240 da Constituição Federal passam a
vigorar com a seguinte redação:
“Art.
159. .......................................................................",1.0
29,1,"Solicito a elaboração de uma proposição legislativa objetivando garantir recursos ( por exemplo, pela criação de um fundo de promoção da igualdade racial) para políticas afirmativas destinadas a promover a igualdade de condições para a população negra brasileira.",PEC 536/2006,"Altera os arts. 159, 239 e 240 da Constituição Federal e acrescenta o art. 227-A a seu texto, para dispor sobre o Fundo de Promoção da Igualdade Racial.","PROPOSTA DE EMENDA À CONSTITUIÇÃO Nº         DE 2006.
(Dos Srs. João Grandão; Luiz Alberto; Carlos Santana; Gilmar Machado; Vicentinho; Eduardo Valverde  e 
outros)
Altera  os  arts.  159,  239  e  240  da 
Constituição  Federal  e  acrescenta  o 
art.  227-A a  seu  texto,  para  dispor 
sobre  o  Fundo  de  Promoção  da 
Igualdade Racial.
As Mesas da Câmara dos Deputados e do Senado Federal, nos 
termos do § 3º  do Art.  60 da Constituição Federal,  promulgam a seguinte 
Emenda ao texto constitucional:
Art. 1º Os Arts. 159, 239 e 240 da Constituição Federal passam a 
vigorar com a seguinte r",1.0
29,1,"Solicito a elaboração de uma proposição legislativa objetivando garantir recursos ( por exemplo, pela criação de um fundo de promoção da igualdade racial) para políticas afirmativas destinadas a promover a igualdade de condições para a população negra brasileira.",PRC 78/2021,Cria no âmbito da Câmara dos Deputados o Observatório de Políticas Públicas de Combate ao Racismo.,"PROJETO DE RESOLUÇÃO Nº         , DE 2021 
(Do Sr. ORLANDO SILVA) 
 
Cria no âmbito da Câmara dos Deputados 
o Observatório de Políticas Públicas de 
Combate ao Racismo. 
 
A CÂMARA DOS DEPUTADOS resolve: 
 
Art. 1º Fica criado o Observatório de Políticas Públicas de Combate ao 
Racismo no âmbito da Câmara dos Deputados. 
Art. 2º O Observatório de Políticas Públicas de Combate ao Racismo, é órgão 
de caráter técnico-político e institucional, e atuará em benefício da população negra e 
indígena brasileira, tem por finalidade: 
I - tornar a Câmara dos Deputados um centro de debate das questões 
",0.5
29,1,"Solicito a elaboração de uma proposição legislativa objetivando garantir recursos ( por exemplo, pela criação de um fundo de promoção da igualdade racial) para políticas afirmativas destinadas a promover a igualdade de condições para a população negra brasileira.",PEC 126/2015,"Altera os arts. 159 e 239 da Constituição Federal e acrescenta o art. 227-A a seu texto, para dispor sobre o Fundo Nacional de Promoção da Igualdade Racial, Superação do Racismo e Reparação de Danos.","CÂMARA DOS DEPUTADOS 
 
PROPOSTA DE EMENDA À CONSTITUIÇÃO No        , DE 2015 
(Da Comissão Parlamentar de Inquérito destinada a apurar as causas, razões, 
consequências, custos sociais e econômicos da violência, morte e 
desaparecimento de jovens negros e pobres no Brasil - CPIJOVEM) 
Altera os arts. 159 e 239 da 
Constituição Federal e acrescenta o art. 
227-A a seu texto, para dispor sobre o 
Fundo Nacional de Promoção da Igualdade 
Racial, Superação do Racismo e Reparação 
de Danos.  
As Mesas da Câmara dos Deputados e do Senado 
Federal, nos termos do art. 60 da Constituição Federal, prom",1.0
29,1,"Solicito a elaboração de uma proposição legislativa objetivando garantir recursos ( por exemplo, pela criação de um fundo de promoção da igualdade racial) para políticas afirmativas destinadas a promover a igualdade de condições para a população negra brasileira.",PL 1843/2019,"Acrescenta dispositivos à Lei 12.852, de 05 de agosto de 2012, incluindo políticas públicas para a juventude negras, e dá outras providências.","PROJETO DE LEI Nº      ,  DE 2019 
(Do Sr. Deputado Igor Kannário) 
 
Acrescenta dispositivos à Lei 12.852, 
de 05 de agosto de 2012, incluindo 
políticas públicas para a juventude 
negras, e dá outras providências. 
 
 O Congresso Nacional decreta: 
 
Art. 1°. A Lei 12.852, de 05 de agosto de 2012, passa a 
vigorar acrescida do CAPÍTULO III, com o seguinte artigo: 
 
“CAPÍTULO III 
DA POLÍTICA PÚBLICA PARA A JUVENTUDE NEGRA 
 
Art. 39-A. É garantido a juventude negra políticas 
públicas específicas de inclusão, com as seguintes diretrizes: 
 
I - garantir e apoiar a participação dos jovens ne",0.5
29,1,"Solicito a elaboração de uma proposição legislativa objetivando garantir recursos ( por exemplo, pela criação de um fundo de promoção da igualdade racial) para políticas afirmativas destinadas a promover a igualdade de condições para a população negra brasileira.",PDL 276/2020,"Susta a Portaria nº 545, de 16 de junho de 2020 que Revoga a Portaria Normativa MEC nº 13, de 11 de maio de 2016.","PROJETO DE DECRETO LEGISLATIVO Nº          , DE 2019
(Do Sr. ORLANDO SILVA)
Susta a Portaria nº 545, de 16 de junho
de 2020 que Revoga a Portaria  Normativa
MEC nº 13, de 11 de maio de 2016.
O Congresso Nacional decreta:
Art.  1º  Fica  sustado,  nos  termos  do  inciso  V  do  art.  49  da
Constituição Federal, a Portaria nº 545, de 16 de junho de 2020.
Art. 2º Este Decreto Legislativo entra em vigor na data de sua
publicação.
JUSTIFICAÇÃO
Inconveniente e inoportuna, a Portaria nº 545, de 16 de junho
de 2020 é um retrocesso na construção de políticas de construção e promoção
para combater a d",0.0
29,1,"Solicito a elaboração de uma proposição legislativa objetivando garantir recursos ( por exemplo, pela criação de um fundo de promoção da igualdade racial) para políticas afirmativas destinadas a promover a igualdade de condições para a população negra brasileira.",PRC 14/2022,Institui o Selo Luiza Bairros - Empresa pela Igualdade Étnica e Racial,"PROJETO DE RESOLUÇÃO Nº           , DE 2022
(DA SRA. DEPUTADA LIDICE DA MATA E DO SR. DEPUTADO BIRA DO
PINDARÉ)
Institui o Selo Luiza Bairros - Empresa pela Igualdade
Étnica e Racial.
 
A Câmara dos Deputados Resolve: 
Art.  1º  Esta Resolução institui  o Selo Luiza Bairros - Empresa pela Igualdade
Étnica e Racial, prêmio concedido pela Câmara dos Deputados com o objetivo de reconhecer e
estimular  o  compromisso  empresarial  com  a  inclusão,  promoção  e  valorização  da  diversidade
étnico-racial.
Art. 2º Fica instituído o  Selo Luiza Bairros - Empresa pela Igualdade  Étnica e
Racial, conc",0.5
29,1,"Solicito a elaboração de uma proposição legislativa objetivando garantir recursos ( por exemplo, pela criação de um fundo de promoção da igualdade racial) para políticas afirmativas destinadas a promover a igualdade de condições para a população negra brasileira.",INC 721/2003,Sugere ao Poder Executivo a elaboração de Projeto de Lei que disponha sobre a reserva de vagas para afrodescendentes em concursos públicos.,"REQUERIMENTO Nº       /2003
( Da Senhora Maria do Rosário )
Requer o envio de indicação à Presidência da
República, relativa à sugestão de projeto de lei que disponha
sobre a reserva de vagas para afrodescendentes em
concursos públicos.
Excelentíssimo Senhor Presidente da Câmara dos Deputados:
Nos termos do art. 113, inciso I e § 1º, do Regimento Interno da Câmara dos
Deputados, requeiro a V.Ex.ª, seja encaminhada ao Poder Executivo a indicação
anexa, sugerindo projeto de lei que disponha sobre a reserva de vagas para
afrodescendentes em concursos públicos para provimento de cargos efetivos.
S",0.5
29,1,"Solicito a elaboração de uma proposição legislativa objetivando garantir recursos ( por exemplo, pela criação de um fundo de promoção da igualdade racial) para políticas afirmativas destinadas a promover a igualdade de condições para a população negra brasileira.",PL 6264/2005,Institui o Estatuto da Igualdade Racial.,"Institui o Estatuto da Igualdade Racial.
O Congresso Nacional decreta:
TÍTULO I
DISPOSIÇÕES PRELIMINARES
Art. 1º Esta Lei institui o Estatuto da Igualdade Racial, para combater a
discriminação racial e as desigualdades estruturais e de gênero que atingem os afro-
brasileiros, incluindo a dimensão racial nas políticas públicas e outras ações desenvolvidas
pelo Estado.
Art. 2o Para os fins deste Estatuto considera-se:
I – discriminação racial: toda distinção, exclusão, restrição ou preferência baseada
em raça, cor, descendência ou origem nacional ou étnica que tenha por objeto anular ou
restring",0.5
30,1,Projeto de Decreto legislativo para sustar o reajuste das tarifas de energia elétrica em Pernambuco.,PDL 138/2022,"Susta os efeitos da Resolução Homologatória nº 3.032, de 26 de abril de 2022, que homologa o resultado do Reajuste Tarifário Anual de 2022 da Companhia Energética de Pernambuco e dá outras providências.","CÂMARA DOS DEPUTADOS
Gabinete do Deputado Eduardo da Fonte
PROJETO DE DECRETO LEGISLATIVO n.º        , DE 2022
(Do Senhor Eduardo da Fonte)
Susta  os  efeitos  da  Resolução
Homologatória nº 3.032, de 26 de abril
de 2022, que homologa o resultado do
Reajuste  Tarifário  Anual  de  2022  da
Companhia Energética de Pernambuco
e dá outras providências.
O Congresso Nacional decreta:
Art.  1º  Fica  sustada,  nos  termos  do  art.  49,  inciso  V,  da
Constituição Federal, a Resolução Homologatória nº 3.032, de 26 de abril de
2022,  que  homologa  o  resultado  do  Reajuste  Tarifário  Anual  de  2",1.0
30,1,Projeto de Decreto legislativo para sustar o reajuste das tarifas de energia elétrica em Pernambuco.,PDC 862/2017,"Susta a Resolução Homologatória nº 2.350, de 28 de novembro de 2017, da Agência Nacional de Energia Elétrica (ANEEL) que estabeleceu o reajuste das tarifas de energia elétrica das Centrais Elétricas de Rondônia S/A - Ceron.","PROJETO DE DECRETO LEGISLATIVO Nº            , DE 2017 
(Do Sr. Marcos Rogério) 
 
 
Susta a Resolução Homologatória 
nº 2.350, de 28 de novembro de 2017, 
da Agência Nacional de Energia 
Elétrica (ANEEL) que estabeleceu o 
reajuste das tarifas de energia elétrica 
das Centrais Elétricas de Rondônia S/A 
– Ceron. 
 
O Congresso Nacional decreta:  
Art. 1º. Fica sustado, nos termos do art. 49, inciso V, da 
Constituição Federal, a Resolução Homologatória nº 2.350, de 28 de novembro 
de 2017, da Agência Nacional de Energia Elétrica (ANEEL).  
Art. 2º. Este Decreto Legislativo entra em vigor na d",0.0
30,1,Projeto de Decreto legislativo para sustar o reajuste das tarifas de energia elétrica em Pernambuco.,PDL 175/2021,"Susta a Resolução Homologatória nº 2.855/2021, de 22 de abril de 2021, da Agência Nacional de Energia Elétrica (ANEEL), que homologou o índice de Reajuste Tarifário Anual das tarifas da Energisa Mato Grosso do Sul.","CÂMARA DOS DEPUTADOS
Gabinete da Dep. Rose Modesto
PROJETO DE DECRETO LEGISLATIVO Nº     , DE 2021
(Da Sra. Rose Modesto)
Susta a Resolução Homologatória nº 2.855/2021,
de 22 de abril de 2021, da Agência Nacional de
Energia  Elétrica  (ANEEL),  que  homologou  o
índice de Reajuste Tarifário Anual das tarifas da
Energisa Mato Grosso do Sul.
O  Congresso  Nacional,  no  uso  de  suas  atribuições  e,  com
fundamento no artigo 49, inciso V, da Constituição Federal, decreta:
Art.  1º Este  Decreto  Legislativo  susta  os  efeitos  da  Resolução
Homologatória nº 2.855, de 22 de abril de 2021, da Ag",0.0
30,1,Projeto de Decreto legislativo para sustar o reajuste das tarifas de energia elétrica em Pernambuco.,PDC 10/2011,"Para sustar os efeitos normativos do ato da Diretoria da ANEEL, que negou o direito dos consumidores brasileiros de serem ressarcidos do erro da metodologia de cálculo que elevou ilegalmente as tarifas de energia elétrica, e obrigar as concessionárias do serviço público de distribuição de energia elétrica a restituir o que receberam indevidamente dos consumidores, no período de 2002 a 2009.","CÂMARA DOS DEPUTADOS 
 
PROJETO DE DECRETO LEGISLATIVO nº               , DE 2011 
(Do Sr. Deputado Eduardo da Fonte e outros) 
         
        Para sustar os efeitos normativos 
do ato da Diretoria da ANEEL, que 
negou o direito dos consumidores 
brasileiros de serem ressarcidos do erro 
da metodologia de cálculo que elevou 
ilegalmente as tarifas de energia 
elétrica, e obrigar as concessionárias do 
serviço público de distribuição de 
energia elétrica a restituir o que 
receberam indevidamente dos 
consumidores, no período de 2002 a 
2009. 
 
O Congresso Nacional, no uso da competência pr",0.5
30,1,Projeto de Decreto legislativo para sustar o reajuste das tarifas de energia elétrica em Pernambuco.,PDL 93/2022,"Susta a Resolução Homologatória nº 3.021/2022, de 12 de abril de 2022, da Agência Nacional de Energia Elétrica (ANEEL), que homologou o índice de Reajuste Tarifário Anual das tarifas da Energisa Mato Grosso do Sul.","CÂMARA DOS DEPUTADOS 
Gabinete da Dep. Rose Modesto 
 
PROJETO DE DECRETO LEGISLATIVO Nº        , DE 2022 
(Da Sra. Rose Modesto) 
 
  Susta a Resolução Homologatória 
nº 3.021/2022, de 12 de abril de 2022, da 
Agência Nacional de Energia Elétrica (ANEEL), 
que homologou o índice de Reajuste Tarifário 
Anual das tarifas da Energisa Mato Grosso do 
Sul. 
 
 
O Congresso Nacional, no uso de suas atribuições e, com fundamento 
no artigo 49, inciso V, da Constituição Federal, decreta:  
 
Art. 1º Este Decreto Legislativo susta os efeitos da Resolução 
Homologatória nº 3.021/2022, de 12 de abril de",0.0
30,1,Projeto de Decreto legislativo para sustar o reajuste das tarifas de energia elétrica em Pernambuco.,PDC 714/2017,"Susta Resolução Homologatória nº 2.261, de 27 de junho de 2017, da Agência Nacional de Energia Elétrica (ANEEL) que estabeleceu reajuste das tarifas de energia elétrica da Energisa Tocantins Distribuidora de Energia S.A. (ETO).","PROJETO DE DECRETO LEGISLATIVO Nº               , DE 2017 
(Da Sra. PROFESSORA DORINHA SEABRA REZENDE) 
Susta Resolução Homologatória nº 
2.261, de 27 de junho de 2017, da Agência 
Nacional de Energia Elétrica (ANEEL) que 
estabeleceu reajuste das tarifas de energia 
elétrica da Energisa Tocantins Distribuidora 
de Energia S.A. (ETO). 
O Congresso Nacional decreta: 
Art. 1º Fica sustado, nos termos do Art. 49, inciso V, da 
Constituição Federal, a Resolução Homologatória nº 2.261, de 27 de junho de 
2017, da Agência Nacional de Energia Elétrica (ANEEL). 
Art. 2° Este decreto legislativo entra ",0.5
30,1,Projeto de Decreto legislativo para sustar o reajuste das tarifas de energia elétrica em Pernambuco.,PDL 103/2022,"Susta, nos termos do inciso V do art. 49 da Constituição, os efeitos da Resolução Homologatória n° 3026/2022 da ANEEL, que autoriza a Enel Distribuição Ceará (Enel-CE) a aumentar as tarifas de energia elétrica.","CÂMARA DOS DEPUTADOS 
 
PROJETO DE DECRETO LEGISLATIVO N.º            , DE 2022 
(Do Sr. André Figueiredo) 
 
Susta, nos termos do inciso V do art. 49 
da Constituição, os efeitos da Resolução 
Homologatória n° 3026/2022 da 
ANEEL, que autoriza a Enel 
Distribuição Ceará (Enel-CE) a 
aumentar as tarifas de energia elétrica. 
 
O Congresso Nacional decreta: 
 
Art. 1º Fica sustada, nos termos do inciso V do art. 49 da 
Constituição, os efeitos da Resolução Homologatória n° 3026/2022 da ANEEL, 
que autoriza a Enel Distribuição Ceará (Enel-CE) reajustar as tarifas de energia 
elétrica, a partir d",0.5
30,1,Projeto de Decreto legislativo para sustar o reajuste das tarifas de energia elétrica em Pernambuco.,PDC 1110/2018,"Susta a Resolução Homologatória n. 2.497, de 13 de dezembro de 2018, da Agência Nacional de Energia Elétrica (ANEEL), que homologa o resultado do Reajuste Tarifário Anual de 2018 das Centrais Elétricas de Rondônia - Ceron/RO.","CÂMARA DOS DEPUTADOS 
 
 
PROJETO DE DECRETO LEGISLATIVO Nº             , DE 2018 
(Da Sra. Mariana Carvalho) 
 
 
Susta a Resolução Homologatória n. 
2.497, de 13 de dezembro de 2018, da 
Agência Nacional de Energia Elétrica 
(ANEEL), que homologa o resultado 
do Reajuste Tarifário Anual de 2018 
das Centrais Elétricas de Rondônia - 
Ceron/RO.  
 
 
O Congresso Nacional decreta: 
 
Art. 1º Susta-se, nos termos do Art. 49, inciso V, da Constituição da 
República Federativa do Brasil, a Resolução Homologatória n. 2.497, de 13 de 
dezembro de 2018, da Agência Nacional de Energia Elétrica (ANEEL)",0.0
30,1,Projeto de Decreto legislativo para sustar o reajuste das tarifas de energia elétrica em Pernambuco.,PDC 1109/2018,"Susta a Resolução Homologatória n. 2.499, de 13 de dezembro de 2018, da Agência Nacional de Energia Elétrica (ANEEL), que homologa o resultado do Reajuste Tarifário Anual de 2018 das Centrais Elétricas de Rondônia - Ceron/RO.","CÂMARA DOS DEPUTADOS 
 
 
PROJETO DE DECRETO LEGISLATIVO Nº        , DE 2018 
(Da Sra. Mariana Carvalho) 
 
 
Susta a Resolução Homologatória n. 
2.499, de 13 de dezembro de 2018, da 
Agência Nacional de Energia Elétrica 
(ANEEL), que homologa o resultado 
do Reajuste Tarifário Anual de 2018 
das Centrais Elétricas de Rondônia - 
Ceron/RO.  
 
 
O Congresso Nacional decreta: 
 
Art. 1º Susta-se, nos termos do Art. 49, inciso V, da Constituição da 
República Federativa do Brasil, a Resolução Homologatória n. 2.499, de 13 de 
dezembro de 2018, da Agência Nacional de Energia Elétrica (ANEEL), que",0.0
30,1,Projeto de Decreto legislativo para sustar o reajuste das tarifas de energia elétrica em Pernambuco.,PDC 1108/2018,"Susta a Resolução Homologatória n. 2.498, de 13 de dezembro de 2018, da Agência Nacional de Energia Elétrica (ANEEL), que homologa o resultado do Reajuste Tarifário Anual de 2018 das Centrais Elétricas de Rondônia - Ceron/RO.","CÂMARA DOS DEPUTADOS 
 
 
PROJETO DE DECRETO LEGISLATIVO Nº        , DE 2018 
(Da Sra. Mariana Carvalho) 
 
 
Susta a Resolução Homologatória n. 
2.498, de 13 de dezembro de 2018, da 
Agência Nacional de Energia Elétrica 
(ANEEL), que homologa o resultado 
do Reajuste Tarifário Anual de 2018 
das Centrais Elétricas de Rondônia - 
Ceron/RO.  
 
 
O Congresso Nacional decreta: 
 
Art. 1º Susta-se, nos termos do Art. 49, inciso V, da Constituição da 
República Federativa do Brasil, a Resolução Homologatória n. 2.498, de 13 de 
dezembro de 2018, da Agência Nacional de Energia Elétrica (ANEEL), que",0.0
31,1,Solicito PL sobre proteção de cavernas.,PDL 9/2022,"Susta o Decreto 10.935 de 2022, da Presidência da República que dispõe sobre a proteção das cavidades naturais subterrâneas existentes no território nacional dá outras providências.","PROJETO DE DECRETO LEGISLATIVO Nº       DE 2021
(Do Sr. Túlio Gadêlha)
Susta  o  Decreto  10.935  de  2022,  da
Presidência  da  República  que  dispõe
sobre  a  proteção  das  cavidades
naturais  subterrâneas  existentes  no
território  nacional  dá  outras
providências.
 
O CONGRESSO NACIONAL decreta:
Art.  1º Este Decreto Legislativo susta os efeitos do Decreto
10.935 de 2022,  da Presidência  da República  que  dispõe  sobre  a
proteção  das  cavidades  naturais  subterrâneas  existentes  no
território nacional dá outras providências.
Art. 2º Este Decreto Legislativo entra em vigor na data",1.0
31,1,Solicito PL sobre proteção de cavernas.,PL 32/2022,"Fica expressamente proibida a edição de qualquer legislação que tenha por objetivo a destruição, exploração e uso inadequado das cavidades subterrâneas no Brasil e dá outras providencias.","CÂMARA DOS DEPUTADOS
Gabinete do Deputado Alexandre Frota – PSDB/SP
PROJETO DE LEI N°                         DE 2022
(Deputado Alexandre Frota)
Fica expressamente proibida a edição de qualquer
legislação  que  tenha  por  objetivo  a  destruição,
exploração  e  uso  inadequado  das  cavidades
subterrâneas no Brasil e dá outras providencias. 
O CONGRESSO NACIONAL decreta:
Art. 1º - Não poderá os Poder Executivos, da União. Estados e Municípios,
legislar sob qualquer forma, Leis, Decretos, Instruções Normativas ou outra, que tenha
como objeto a destruição, exploração e uso inadequado das cavida",1.0
31,1,Solicito PL sobre proteção de cavernas.,PL 2316/2021,"Concedo o nome de Parque Nacional Cavernas do Peruaçu Paulo Ribeiro à Unidade de Conservação criada pelo Decreto de 21 de Setembro de 1999, originalmente designada Parque Nacional Cavernas do Peruaçu.","PROJETO DE LEI N°       2021 
(do Sr. Paulo Guedes) 
 
Concedo o nome de Parque Nacional 
Cavernas do Peruaçu Paulo Ribeiro à 
Unidade de Conservação criada pelo 
Decreto de 21 de Setembro de 1999, 
originalmente designada Parque Nacional 
Cavernas do Peruaçu. 
 
O Congresso Nacional Decreta:  
Art 1°. Fica concedido o nome de Parque Nacional Cavernas do Peruaçu Paulo 
Ribeiro à Unidade de Conservação criada pelo Decreto de 21 de Setembro de 1999, 
originalmente designada Parque Nacional Cavernas do Peruaçu, no Estado de Minas 
Gerais. 
Art 2°. Esta Lei entrará em vigor na data de sua publicaç",0.5
31,1,Solicito PL sobre proteção de cavernas.,PL 855/2011,"Altera a Lei nº 9.985, de 2000, que ""regulamenta o art. 225, § 1º, incisos I, II, III e VII da Constituição Federal, institui o Sistema Nacional de Unidades de Conservação da Natureza e dá outras providências"", no que diz respeito à proteção dos sítios espeleológicos do território nacional.","PROJETO DE LEI No       , DE 2011 
(Do Sr. Carlos Bezerra) 
Altera a Lei nº 9.985, de 2000, que 
“regulamenta o art. 225, § 1º, incisos I, II, III 
e VII da Constituição Federal, institui o 
Sistema Nacional de Unidades de 
Conservação da Natureza e dá outras 
providências”, no que diz respeito à 
proteção dos sítios espeleológicos do 
território nacional. 
O Congresso Nacional decreta: 
Art. 1º A Lei nº 9.985, de 18 de julho de 2000, passa a 
vigorar acrescida do seguinte art. 44-A: 
“Art. 44-A. As cavidades naturais subterrâneas constituem 
patrimônio nacional, cabendo à União identificar e ",1.0
31,1,Solicito PL sobre proteção de cavernas.,PL 7182/2014,"Altera a Lei nº 9.985, de 18 de julho de 2000, que ""regulamenta o art. 225, § 1º, incisos I, II, III e VII da Constituição Federal, institui o Sistema Nacional de Unidades de Conservação da Natureza e dá outras providências"", no que diz respeito à proteção dos sítios espeleológicos do território nacional.","PROJETO DE LEI Nº      , DE 2014 
(Do Sr. Carlos Bezerra) 
Altera a Lei nº 9.985, de 2000, que 
“regulamenta o art. 225, § 1º, incisos I, II, III 
e VII da Constituição Federal, institui o 
Sistema Nacional de Unidades de 
Conservação da Natureza e dá outras 
providências”, no que diz respeito à 
proteção dos sítios espeleológicos do 
território nacional. 
O Congresso Nacional decreta: 
Art. 1º A Lei nº 9.985, de 18 de julho de 2000, passa a 
vigorar acrescida do seguinte art. 44-A: 
“Art. 44-A. As cavidades naturais subterrâneas constituem 
patrimônio nacional, cabendo à União identificar e d",1.0
31,1,Solicito PL sobre proteção de cavernas.,PL 4630/2009,"Altera a Lei nº 9.985, de 2000, que ""regulamenta o art. 225, § 1º, incisos I, II, III e VII da Constituição Federal, institui o Sistema Nacional de Unidades de Conservação da Natureza e dá outras providências"", no que diz respeito à proteção dos sítios espeleológicos do território nacional.","PROJETO DE LEI No       , DE 2009
(Do Sr. Carlos Bezerra)
Altera a Lei nº 9.985, de 2000, que
“regulamenta o art. 225, § 1º, incisos I, II, III
e VII da Constituição Federal, institui o
Sistema Nacional de Unidades de
Conservação da Natureza e dá outras
providências”, no que diz respeito à
proteção dos sítios espeleológicos do
território nacional.
O Congresso Nacional decreta:
Art. 1º A Lei nº 9.985, de 18 de julho de 2000, passa a
vigorar acrescida do seguinte art. 44-A:
“Art. 44-A. As cavidades naturais subterrâneas constituem
patrimônio nacional, cabendo à União identificar e
delimitar os s",1.0
31,1,Solicito PL sobre proteção de cavernas.,PDL 13/2022,"Susta, nos termos do inciso V do art. 49 da Constituição Federal, os efeitos do Decreto nº 10.935, de 12 de janeiro de 2022.","PROJETO DE DECRETO LEGISLATIVO
(Dos senhores REGINALDO LOPES e NILTO TATTO)
Susta, nos termos do inciso V do art. 49 da 
Constituição Federal, os efeitos do Decreto nº 
10.935, de 12 de janeiro de 2022.
O CONGRESSO NACIONAL decreta:
Art. 1º Ficam sustados, nos termos do inciso V do art. 49 da 
Constituição Federal, os efeitos do Decreto nº 10.935, de 12 de janeiro de 2022, que 
dispõe sobre a proteção das cavidades naturais subterrâneas existentes no território 
nacional
Art. 2º Este Decreto Legislativo entra em vigor na data de sua 
publicação.
JUSTIFICAÇÃO
No último dia 12 de janeiro, o gove",1.0
31,1,Solicito PL sobre proteção de cavernas.,PDC 1138/2008,"Determina a sustação do Decreto nº 6.640, de 7 de novembro de 2008, do Poder Executivo, por exorbitar do poder regulamentar.","PROJETO DE DECRETO LEGISLATIVO N.º          , DE 2008 
(do Sr. Antonio Carlos Mendes Thame) 
 
 
 
 
 
Determina a sustação do Decreto n.º 6.640, 
de 7 de novembro de 2008, do Poder Executivo, 
por exorbitar do poder regulamentar. 
 
 
 
 
 
 
O Congresso Nacional decreta: 
 
 
Art. 1º.  O Congresso Nacional suspende a eficácia do Decreto no. 
6.640, de 7 de novembro de 2008, que dá nova redação aos arts. 1º., 2º., 3º., 4º. e 5º. 
E acrescenta os arts. 5-A e 5-B ao Decreto no. 99.556, de 1º. de outubro de 1990, que 
dispõe a proteção das cavidades naturais subterrâneas existentes no território",0.0
31,1,Solicito PL sobre proteção de cavernas.,PDL 8/2022,"Susta o Decreto nº 10.935, de 12 de janeiro de 2022, que dispõe sobre a proteção das cavidades naturais subterrâneas existentes no território nacional.","PROJETO DE DECRETO LEGISLATIVO Nº            , DE 2022
(Do Senhor Rafael Motta)
Susta o Decreto nº 10.935, de 12 de janeiro de
2022,  que  dispõe  sobre  a  proteção  das
cavidades naturais subterrâneas existentes no
território nacional. 
O Congresso Nacional decreta: 
Art.  1º  -  Ficam  sustados,  nos  termos  do  artigo  49,  inciso  V,  da
Constituição Federal,  os efeitos do Decreto nº  10.935,  de 12 de janeiro  de
2022,  que  dispõe  sobre  a  proteção  das  cavidades  naturais  subterrâneas
existentes no território nacional.  
Art.  2º  -  Este  Decreto  Legislativo  entra  em  vigor  ",1.0
31,1,Solicito PL sobre proteção de cavernas.,PDL 4/2022,"Susta os efeitos do Decreto 10.935, de 12 de janeiro de 2022, do Poder Executivo, que dispõe sobre a proteção das cavidades naturais subterrâneas existentes no território nacional.","CÂMARA DOS DEPUTADOS 
 
 
 
  
PROJETO DE DECRETO LEGISLATIVO Nº _____, DE 2022 
(Da Sra. Áurea Carolina e Outros) 
 
Susta os efeitos do Decreto 10.935, de 12 de janeiro 
de 2022, do Poder Executivo, que dispõe sobre a 
proteção das cavidades naturais subterrâneas 
existentes no território nacional. 
 
O CONGRESSO NACIONAL, no uso de suas atribuições e, com fundamento no 
artigo 49, incisos V, X e XI, da Constituição Federal, decreta:  
Art. 1º - Este Decreto Legislativo susta os efeitos do Decreto 10.935, de 12 de janeiro de 
2022, do Poder Executivo, que dispõe sobre a proteção das cavidade",1.0
32,1,"Solicito minuta de proposição que permita a prática de pesca esportiva, na modalidade pesque e solte , em unidades de conservação de proteção integral. ",PL 7985/2017,Dispõe sobre o incentivo à pesca esportiva na modalidade pesque e solte.,"PROJETO DE LEI Nº          , DE 2017 
(Do Sr. IZAQUE SILVA) 
Dispõe sobre o incentivo à pesca 
esportiva na modalidade pesque e solte. 
O Congresso Nacional decreta: 
Art. 1º O Capítulo VII da Lei nº 11.959, de 29 de junho de 2009, 
fica acrescido do seguinte artigo: 
“Art. 30-A O poder público incentivará a pesca amadora ou 
esportiva na modalidade “pesque e solte”, com o objetivo de 
promover o turismo regional e a conservação dos recursos 
pesqueiros. 
Parágrafo único. Os órgãos competentes deverão estabelecer 
as regras para a prática sustentável da modalidade de pesca 
de que trata o capu",0.5
32,1,"Solicito minuta de proposição que permita a prática de pesca esportiva, na modalidade pesque e solte , em unidades de conservação de proteção integral. ",PL 6439/2016,"Altera a Lei nº 11.959, de 29 de junho de 2009, que ""dispõe sobre a Política Nacional de Desenvolvimento Sustentável da Aquicultura e da Pesca"", para controlar a pesca na modalidade esportiva.","1 
 
 
  
  
 *
C
D
1
6
1
9
0
0
3
1
3
6
2
3
*
 
  
  
 C
D
1
6
1
9
0
0
3
1
3
6
2
3
 
PROJETO DE LEI Nº      , DE 2016 
(Do Sr. Delegado Edson Moreira) 
Altera a Lei nº 11.959, de 29 de junho 
de 2009, que “dispõe sobre a Política 
Nacional de Desenvolvimento Sustentável 
da Aquicultura e da Pesca”, para controlar a 
pesca na modalidade esportiva.  
O Congresso Nacional decreta: 
Art. 1º Esta Lei altera a Lei nº 11.959, de 29 de junho de 
2009, que “dispõe sobre a Política Nacional de Desenvolvimento Sustentável 
da Aquicultura e da Pesca”, para controlar a pesca na modalidade esportiva em 
rio",0.5
32,1,"Solicito minuta de proposição que permita a prática de pesca esportiva, na modalidade pesque e solte , em unidades de conservação de proteção integral. ",PDL 46/2020,"Susta os efeitos dos §§ 1º e 2º do art. 1º, do §4º do art. 6º, do art. 8º e do §1º do art. 9º da Portaria nº 91, de 4 de fevereiro de 2020, do Instituto Chico Mendes de Conservação da Biodiversidade, que ""Dispõe sobre procedimentos para a realização da atividade de pesca esportiva em unidades de conservação federais administradas pelo ICMBio"".","PROJETO DE DECRETO LEGISLATIVO Nº       , DE 2020 
(Do Sr. Mário Heringer) 
 
Susta os efeitos dos §§ 1º e 2º do 
art. 1º, do §4º do art. 6º, do art. 8º e 
do §1º do art. 9º da Portaria nº 91, 
de 4 de fevereiro de 2020, do 
Instituto Chico Mendes de 
Conservação da Biodiversidade, que 
“Dispõe sobre procedimentos para a 
realização da atividade de pesca 
esportiva em unidades de 
conservação federais administradas 
pelo ICMBio”. 
 
O Congresso Nacional decreta:  
 
Art. 1º. Este Decreto susta os efeitos dos §§ 1º e 2º do art. 1º, do §4º 
do art. 6º, do art. 8º e do §1º do art. 9º da Portaria ",0.5
32,1,"Solicito minuta de proposição que permita a prática de pesca esportiva, na modalidade pesque e solte , em unidades de conservação de proteção integral. ",PDL 42/2020,"Susta a aplicação da Portaria nº 91, de 4 de fevereiro de 2020, que dispõe sobre procedimentos para a realização da atividade de pesca esportiva em unidades de conservação federais administradas pelo ICMBio.","PROJETO DE DECRETO LEGISLATIVO Nº ______, DE 2020 
(Do Sr. Célio Studart) 
 
 
Susta a aplicação da Portaria nº 91, de 4 
de fevereiro de 2020, que dispõe sobre 
procedimentos para a realização da 
atividade de pesca esportiva em 
unidades de conservação federais 
administradas pelo ICMBio. 
 
Art. 1º Fica sustada a aplicação da Portaria nº 91, de 4 de fevereiro de 2020, 
que dispõe sobre procedimentos para a realização da atividade de pesca esportiva em 
unidades de conservação federais administradas pelo ICMBio. 
Art. 2º Este decreto legislativo entra em vigor na data de sua publicação. 
 
J",0.5
32,1,"Solicito minuta de proposição que permita a prática de pesca esportiva, na modalidade pesque e solte , em unidades de conservação de proteção integral. ",PL 1543/2011,"Acrescenta dispositivo à Lei nº 11.959, de 29 de junho de 2009, para controlar a pesca, no ambiente natural, de espécies ameaçadas de extinção, sobre-explotadas ou ameaçadas de sobre-explotação.","PROJETO DE LEI Nº                , DE 2011 
(Do Sr. Mandetta) 
Acrescenta dispositivo à Lei nº 
11.959, de 29 de junho de 2009, para 
controlar a pesca, no ambiente natural, de 
espécies ameaçadas de extinção, sobre-
explotadas ou ameaçadas de sobre-
explotação.  
O Congresso Nacional decreta: 
Art. 1º A Lei nº 11.959, de 29 de junho de 2009, passa a 
vigorar acrescida do seguinte artigo:  
“Art. 36-A. Das espécies de peixes e invertebrados 
aquáticos da fauna nativa ameaçadas de extinção, sobre-
explotadas ou ameaçadas de sobre-explotação:  
I – são proibidas:  
a) a pesca comercial por captu",0.5
32,1,"Solicito minuta de proposição que permita a prática de pesca esportiva, na modalidade pesque e solte , em unidades de conservação de proteção integral. ",PL 6585/2013,"Altera a Lei nº 11.959, de 29 de junho de 2009 - Dispõe sobre a Política Nacional de Desenvolvimento Sustentável da Aquicultura e da Pesca, regula as atividades pesqueiras, revoga a Lei nº 7.679, de 23 de novembro de 1988, e dispositivos do Decreto-Lei nº 221, de 28 de fevereiro de 1967, e dá outras providências.","C Â M A R A   D O S   D E P U T A D O S 
 
 
 
 
 
 
PROJETO DE LEI Nº        , DE 2013 
(Deputado Onyx Lorenzoni) 
 
 
 
 
Altera a Lei nº 11959 de 2009 - Dispõe sobre a 
Política Nacional de Desenvolvimento Sustentável 
da Aquicultura e da Pesca, regula as atividades 
pesqueiras, revoga a Lei no 7.679, de 23 de 
novembro de 1988, e dispositivos do Decreto-Lei 
no 221, de 28 de fevereiro de 1967, e dá outras 
providências.  
 
 
 
 
 
O CONGRESSO NACIONAL decreta: 
 
  
 
  Art. 1º Esta Lei altera a Lei 11.959 de 2009 para proibir a pesca da espécie 
Salminus brasilienses – “Dourado” em todo ",0.0
32,1,"Solicito minuta de proposição que permita a prática de pesca esportiva, na modalidade pesque e solte , em unidades de conservação de proteção integral. ",PL 4811/2009,"Revoga dispositivo da Lei nº 7.679, de 23 de novembro de 1988, para vedar totalmente a pesca em períodos de desova, de reprodução das espécies ou de defeso.","PROJETO DE LEI No       , DE 2009
(Do Sr. Carlos Bezerra)
Revoga dispositivo da Lei nº 7.679,
de 23 de novembro de 1988, para vedar
totalmente a pesca em períodos de desova,
de reprodução das espécies ou de defeso.
O Congresso Nacional decreta:
Art. 1º  Fica revogado o § 1º do art. 1º da Lei nº 7.679, de
23 de novembro de 1988.
Art. 2º  Esta lei entra em vigor na data de sua publicação.
JUSTIFICAÇÃO
A pesca extrativa, entendida como a captura de seres que
vivem no meio aquático natural, é uma das atividades mais antigas da
humanidade, sendo ainda hoje responsável pelo suprimento da maior parce",0.0
32,1,"Solicito minuta de proposição que permita a prática de pesca esportiva, na modalidade pesque e solte , em unidades de conservação de proteção integral. ",PDL 34/2020,"Susta os efeitos da Portaria nº 91, de 4 de fevereiro de 2020, que dispõe sobre procedimentos para a realização da atividade de pesca esportiva em unidades de conservação federais administradas pelo ICMBio.","CÂMARA DOS DEPUTADOS 
Deputado Rodrigo Agostinho (PSB/SP) 
 
 
 
PROJETO DE DECRETO LEGISLATIVO Nº       , DE 2020 
(Do Sr. Rodrigo Agostinho) 
 
Susta os efeitos da Portaria nº 91, de 4 de 
fevereiro de 2020, que dispõe sobre 
procedimentos para a realização da atividade de 
pesca esportiva em unidades de conservação 
federais administradas pelo ICMBio. 
 
 
O Congresso Nacional decreta: 
 
Art. 1º Ficam sustados, nos termos do art. 49, inciso V, da 
Constituição Federal, todos os efeitos da Portaria nº 91, de 4 de fevereiro de 
2020, que dispõe sobre procedimentos para a realização da ativid",0.5
32,1,"Solicito minuta de proposição que permita a prática de pesca esportiva, na modalidade pesque e solte , em unidades de conservação de proteção integral. ",PDL 58/2020,"Susta a Portaria ICMBio nº 91, de 2020, que institui procedimentos para a realização de pesca esportiva em unidades de conservação federais administradas pelo órgão.","PROJETO DE DECRETO LEGISLATIVO Nº          , DE 2020 
(Do Sr. NILTO TATTO) 
Susta a Portaria ICMBio nº 91, de 
2020, que institui procedimentos para a 
realização de pesca esportiva em unidades 
de conservação federais administradas pelo 
órgão.  
O Congresso Nacional decreta: 
Art. 1º Ficam sustados, nos termos do art. 49, V, da 
Constituição Federal, os efeitos da Portaria do Instituto Chico Mendes de 
Conservação da Biodiversidade (ICMBio) nº 91, de 04 de fevereiro de 2020, 
que institui procedimentos para a realização da atividade de pesca esportiva 
em unidades de conservação federais adm",0.5
32,1,"Solicito minuta de proposição que permita a prática de pesca esportiva, na modalidade pesque e solte , em unidades de conservação de proteção integral. ",PL 2912/2019,"Altera a Lei nº 11.959, de 29 de junho de 2009, que dispõe sobre a Política Nacional de Desenvolvimento Sustentável da Aquicultura e da Pesca, regula as atividades pesqueiras, revoga a Lei nº 7.679, de 23 de novembro de 1988, e dispositivos do Decreto-Lei nº 221, de 28 de fevereiro de 1967, e dá outras providências.","PROJETO DE LEI Nº          , DE 2019 
(Do Sr. LEUR LOMANTO JÚNIOR) 
Altera a Lei nº 11.959, de 29 de junho 
de 2009, que dispõe sobre a Política 
Nacional de Desenvolvimento Sustentável 
da Aquicultura e da Pesca, regula as 
atividades pesqueiras, revoga a Lei nº 7.679, 
de 23 de novembro de 1988, e dispositivos 
do Decreto-Lei nº 221, de 28 de fevereiro de 
1967, e dá outras providências. 
O Congresso Nacional decreta: 
Art. 1º A Lei nº 11.959, de 29 de junho de 2009, passa a vigorar 
com as seguintes alterações:  
“Art.8º.......................................................................",0.5
33,1,projeto de lei que redefina o ato cooperativo.,PLP 386/2008,"Regulamenta o adequado tratamento tributário para o ato cooperativo de que trata a alínea ""c"" do inciso III do art. 146 da Constituição.","PROJETO DE LEI COMPLEMENTAR 
 
 
 
 
Regulamenta o adequado tratamento tributário para 
o ato cooperativo de que trata a alínea “c” do inciso 
III do art. 146 da Constituição. 
 
 
 
 
O CONGRESSO NACIONAL decreta: 
 
Art. 1º  O adequado tratamento tributário aplicável ao ato cooperativo praticado pelas 
sociedades cooperativas em geral reger-se-á pelo disposto nesta Lei Complementar. 
 
Art. 2º  O ato cooperativo é o negócio jurídico decorrente do objeto social da sociedade 
cooperativa, por ela realizado em proveito de seus cooperados, pessoas físicas ou jurídicas, quando 
praticado entre: 
",1.0
33,1,projeto de lei que redefina o ato cooperativo.,PL 7304/2014,"Altera o art. 30 da Lei nº 11.051, de 29 de dezembro de 2004, e inclui parágrafo único no referido dispositivo legal.","PROJETO DE LEI No          , DE 2014 
(Do Sr. Valdir Colatto) 
Altera o art. 30 da Lei nº 11.051, de 
29 de dezembro de 2004, e inclui parágrafo 
único no referido dispositivo legal.  
O Congresso Nacional decreta: 
Art. 1º Esta Lei altera a redação de dispositivo legal que 
regula a apuração da base de cálculo da Contribuição para os Programas de 
Integração Social e de Formação do Patrimônio do Servidor Público – 
PIS/Pasep e da Contribuição para o Financiamento da Seguridade Social – 
Cofins devidas por sociedades cooperativas de crédito e de transporte 
rodoviário de cargas e remite e anis",0.0
33,1,projeto de lei que redefina o ato cooperativo.,PLP 271/2005,Dispõe sobre o adequado tratamento tributário ao ato cooperativo,"PROJETO DE LEI COMPLEMENTAR NO      , DE 2005
(Do Sr. Luiz Carlos Hauly )
Dispõe sobre o adequado tratamento
tributário ao ato cooperativo
O Congresso Nacional decreta:
Art. 1o  Esta lei complementar estabelece normas gerais, no
âmbito federal, para o adequado tratamento tributário ao ato cooperativo
praticado pelas sociedades cooperativas, conforme previsto na alínea c do inciso
III do art. 146 da Constituição Federal.
Art. 2° O ato cooperativo, como tal definido pela legislação
vigente,  praticado pelas sociedades cooperativas regularmente constituídas e
seus associados, entre estes e aquela",0.5
33,1,projeto de lei que redefina o ato cooperativo.,PLP 62/2007,Dispõe sobre o adequado tratamento tributário ao ato cooperativo.,"PROJETO DE LEI COMPLEMENTAR No      , DE 2007 
(Do Sr. Leonardo Quintão) 
 
Dispõe sobre o adequado tratamento 
tributário ao ato cooperativo  
O Congresso Nacional decreta: 
Art. 1o  Esta lei complementar estabelece normas gerais, 
no âmbito federal, para o adequado tratamento tributário ao ato cooperativo 
praticado pelas sociedades cooperativas, conforme previsto na alínea c do 
inciso III do art. 146 da Constituição Federal. 
Art. 2° O ato cooperativo, como tal definido pela 
legislação vigente,  praticado pelas sociedades cooperativas regularmente 
constituídas e seus associados, entre es",1.0
33,1,projeto de lei que redefina o ato cooperativo.,PLP 198/2007,Dispõe sobre o adequado tratamento tributário ao ato cooperativo.,"PROJETO DE LEI COMPLEMENTAR N°   2007
(Do Deputado Zonta e outros)
Dispõe  sobre  o  adequado  tratamento 
tributário ao ato cooperativo.
Art.  1º As  determinações  da  presente  lei  aplicam-se  às  operações  praticadas  por 
sociedades cooperativas,  constituídas nos termos da legislação especial  que visem o 
cumprimento de seus objetivos sociais.
Parágrafo único. O sistema operacional próprio das cooperativas não pode ser 
desclassificado ou desconsiderado.
Art.  2º Denominam-se atos cooperativos os praticados  entre  as  cooperativas  e  seus 
sócios,  entre  estes  e  aquelas  ou  entr",1.0
33,1,projeto de lei que redefina o ato cooperativo.,PL 5387/2005,Acrescenta § 4º  ao art. 515 do Código de Processo Civil.,"PROJETO DE LEI Nº__________, DE 2005
( Do Sr. Michel Temer )
Acrescenta § 4º  ao art. 515 do Código de
Processo Civil.
O Congresso Nacional decreta:
Art. 1° O artigo 515 do Código de Processo Civil , instituído pela Lei nº 5.869, de 11 de
janeiro de 1973, passa a vigorar acrescido do seguinte § 4º:
“Art.515
.......................................................................................................................................................
................................................................................................................................
“§ 4° O tr",0.0
33,1,projeto de lei que redefina o ato cooperativo.,PL 3723/2008,Dispõe sobre o tratamento tributário aplicável às sociedades cooperativas em geral no âmbito federal.,"PROJETO DE LEI 
 
 
 
 
Dispõe sobre o tratamento tributário aplicável às 
sociedades cooperativas em geral no âmbito federal. 
 
 
 
 
 O CONGRESSO NACIONAL decreta: 
 
TÍTULO I 
DO ÂMBITO DE ABRANGÊNCIA 
 
 Art. 1o  O tratamento tributário aplicável às sociedades cooperativas em geral, no âmbito 
federal, reger-se-á pelo disposto nesta Lei. 
 
TÍTULO II 
DA SOCIEDADE COOPERATIVA E DO ATO COOPERATIVO 
 
CAPÍTULO I 
DA SOCIEDADE COOPERATIVA 
 
Art. 2o  Cooperativa é sociedade simples, com forma e natureza jurídica própria, conforme 
definida em legislação específica. 
 
CAPÍTULO II 
DO ATO COO",1.0
33,1,projeto de lei que redefina o ato cooperativo.,PLP 312/2002,"Promove alterações ao Capítulo IV, Seção IV - Das Instituições Financeiras e Privadas, da Lei nº 4.595, de 31 de dezembro de 1964, admitindo a criação de Bancos de Crédito Cooperativo, de natureza mutualista, com sociedade de responsabilidade limitada, e de caráter comunitário, como sociedade anônima fechada, com jurisdição operacional restrita, e dá outras providências.","1 
 
PROJETO DE LEI COMPLAMENTAR N.º    DE MAIO DE 2002                  
(Do Sr. Coriolano Sales) 
 
 
 
 
 
 
 
 
          Promove alterações ao Capítulo IV, 
Seção IV – Das Instituições Financeiras e 
Privadas, da Lei n.º 4.595, de 31 de dezembro 
de 1964, admitindo a criação de Bancos de 
Crédito Cooperativo, de natureza mutualista, 
com sociedade de responsabilidade limitada, e 
de caráter comunitário, como sociedade 
anônima fechada, com jurisdição operacional 
restrita, e dá outras providências. 
 
 
 
 
        O Congresso Nacional decreta: 
 
        Art.  1º  -   A Lei n.º 4.595, de",0.5
33,1,projeto de lei que redefina o ato cooperativo.,PL 5770/2009,Dispõe sobre natureza de ato cooperativo das aplicações financeiras das cooperativas de crédito e dá outras providências.,"PROJETO DE LEI No              , DE 2009
(Do Sr. Luiz Carlos Hauly)
Dispõe sobre natureza
de ato cooperativo das aplicações
financeiras das cooperativas de
crédito e dá outras providências.
O Congresso Nacional decreta:
Art. 1º As aplicações financeiras realizadas pelas
cooperativas de crédito em instituições financeiras, independente da
sua natureza, se caracterizam como atos cooperativos, não
incidindo imposto de renda sobre o resultado obtido pela
cooperativa.
Art. 2º Esta Lei entra em vigor na data de sua
publicação.
JUSTIFICAÇÃO
Os atos cooperativos não geram qualquer
faturamento ou recei",1.0
33,1,projeto de lei que redefina o ato cooperativo.,PLP 260/2013,"Altera o art. 3º da Lei Complementar nº 123, de 14 de dezembro de 2006, para permitir que as cooperativas educacionais possam se beneficiar do tratamento jurídico diferenciado previsto nessa Lei.","CÂMARA DOS DEPUTADOS 
 
 
PROJETO DE LEI COMPLEMENTAR Nº      , DE 2013 
(Do Sr. Vaz de Lima) 
Altera o art. 3º da Lei Complementar 
nº 123, de 14 de dezembro de 2006, para 
permitir que as cooperativas educacionais 
possam se beneficiar do tratamento jurídico 
diferenciado previsto nessa Lei. 
O Congresso Nacional decreta: 
Art. 1º O inciso VI do parágrafo 4º do art. 3º da Lei 
Complementar nº 123, de 14 de dezembro de 2006, passa a vigorar com a 
seguinte redação: 
“Art. 3º ................................................................. 
....................................................",0.5
34,1,"estabelecer uma legislação para incentivar a implantação da internet das coisas (internet of things) para possibilitar a oferta de novos produtos e serviços, como forma de promover o crescimento econômico",INC 316/2019,Sugere a adoção de medidas para fomentar a implantação da Internet das Coisas (IoT) no meio rural.,"REQUERIMENTO Nº          , DE 2019 
(Do Sr. JÚNIOR MANO) 
Requer o envio de Indicação ao Poder 
Executivo, relativa à adoção de medidas 
para fomentar a implantação da Internet das 
Coisas (IoT) no meio rural.  
Senhor Presidente: 
Nos termos do art. 113, inciso I e § 1º, do Regimento Interno da 
Câmara dos Deputados, requeiro a V. Exª. seja encaminhada ao Poder 
Executivo a Indicação anexa, sugerindo a adoção de medidas para fomentar a 
implantação da Internet das Coisas (IoT) no meio rural. 
Sala das Sessões, em        de                     de 2019. 
Deputado JÚNIOR MANO 
 
 
2019-1501 
2 
",0.5
34,1,"estabelecer uma legislação para incentivar a implantação da internet das coisas (internet of things) para possibilitar a oferta de novos produtos e serviços, como forma de promover o crescimento econômico",PL 7656/2017,"Altera a Lei nº 12.715, de 17 de setembro de 2012, reduzindo a zero o valor da Taxa de Fiscalização de Instalação, da Taxa de Fiscalização de Funcionamento, da Contribuição para o Fomento da 
Radiodifusão Pública e da Contribuição para o Desenvolvimento da Indústria Cinematográfica incidentes sobre as estações móveis de serviços de telecomunicações que integrem sistemas de comunicação máquina a máquina.","PROJETO DE LEI Nº , DE 2017 
(Dos Srs. Vitor Lippi e Odorico Monteiro) 
Altera a Lei nº 12.715, de 17 de 
setembro de 2012, reduzindo a zero o valor 
da Taxa de Fiscalização de Instalação, da 
Taxa de Fiscalização de Funcionamento, da  
 Contribuição  para  o  Fomento  da  
Radiodifusão Pública e da Contribuição para 
o Desenvolvimento da Indústria 
Cinematográfica incidentes sobre as 
estações móveis de serviços de 
telecomunicações que integrem sistemas de 
comunicação máquina a máquina. 
O Congresso Nacional decreta: 
Art. 1º Esta Lei altera a Lei nº 12.715, de 17 de setembro de  
2012, red",1.0
34,1,"estabelecer uma legislação para incentivar a implantação da internet das coisas (internet of things) para possibilitar a oferta de novos produtos e serviços, como forma de promover o crescimento econômico",PL 4298/2019,"Altera a Lei nº 12.965, de 23 de abril de 2014, para assegurar a não aplicabilidade do princípio da neutralidade de redes aos serviços e aplicações críticas que demandarem priorização por motivo de segurança ou de justificada necessidade de qualidade ou de velocidade assegurada de serviço, nos termos em que especifica.","PROJETO DE LEI Nº          , DE 2019 
(Do Sr. CARLOS HENRIQUE GAGUIM) 
Altera a Lei nº 12.965, de 23 de abril de 
2014, para assegurar a não aplicabilidade do 
princípio da neutralidade de redes aos 
serviços e aplicações críticas que 
demandarem priorização por motivo de 
segurança ou de justificada necessidade de 
qualidade ou de velocidade assegurada de 
serviço, nos termos em que especifica. 
O Congresso Nacional decreta: 
Art. 1º Esta Lei altera a Lei nº 12.965, de 23 de abril de 2014, 
que “Estabelece princípios, garantias, direitos e deveres para o uso da Internet 
no Brasil”, para asse",0.5
34,1,"estabelecer uma legislação para incentivar a implantação da internet das coisas (internet of things) para possibilitar a oferta de novos produtos e serviços, como forma de promover o crescimento econômico",PL 9772/2018,"Altera as Leis nº 8.078, de 11 de setembro de 1990, que dispõe sobre a proteção do consumidor e dá outras providências; e nº 12.291, de 20 de julho de 2010, que torna obrigatória a manutenção de exemplar do Código de Defesa do Consumidor nos estabelecimentos comerciais e de prestação de serviços, para estabelecer a oferta obrigatória de informações ao consumidor, sempre que houver a celebração, pela internet ou por outros meios eletrônicos, de contrato de compra ou de oferta de serviço.","1 
 
PROJETO DE LEI Nº          , DE 2018 
(Do Sr. FAUSTO PINATO) 
Altera as Leis nº 8.078, de 11 de 
setembro de 1990, que dispõe sobre a 
proteção do consumidor e dá outras 
providências; e nº 12.291, de 20 de julho de 
2010, que torna obrigatória a manutenção de 
exemplar do Código de Defesa do 
Consumidor nos estabelecimentos 
comerciais e de prestação de serviços, para 
estabelecer a oferta obrigatória de 
informações ao consumidor, sempre que 
houver a celebração, pela internet ou por 
outros meios eletrônicos, de contrato de 
compra ou de oferta de serviço.  
O Congresso Nacional decret",0.5
34,1,"estabelecer uma legislação para incentivar a implantação da internet das coisas (internet of things) para possibilitar a oferta de novos produtos e serviços, como forma de promover o crescimento econômico",PL 2070/2015,"Modifica a Lei nº 9.998, de 17 de agosto de 2000, para estabelecer a obrigação de implantação de pontos gratuitos e abertos ao público de acesso à internet em estações rodoviárias e ferroviárias, portos e aeroportos.","PROJETO DE LEI Nº      , DE 2015 
(Do Sr. Hélio Leite) 
Modifica a Lei nº 9.998, de 17 de 
agosto de 2000, para estabelecer a 
obrigação de implantação de pontos 
gratuitos e abertos ao público de acesso à 
internet em estações rodoviárias e 
ferroviárias, portos e aeroportos.  
O Congresso Nacional decreta: 
Art. 1º   Esta Lei modifica a Lei nº 9.998, de 17 de 
agosto de 2000, para estabelecer a obrigação de implantação de pontos 
gratuitos e abertos ao público de acesso à internet em estações rodoviárias e 
ferroviárias, portos e aeroportos. 
Art. 2º  O art. 5º da Lei nº 9.998, de 17 de agos",0.0
34,1,"estabelecer uma legislação para incentivar a implantação da internet das coisas (internet of things) para possibilitar a oferta de novos produtos e serviços, como forma de promover o crescimento econômico",PL 5341/2016,"Altera a Lei nº 12.965, de 23 de abril de 2014, para proibir o estabelecimento de franquia de dados na conexão fixa à internet.","CÂMARA DOS DEPUTADOS 
 
 
 
PROJETO DE LEI Nº               , DE 2016 
    (Do Sr. Rômulo Gouveia)  
 
 
Altera a Lei nº 12.965, de 
23 de abril de 2014, para proibir 
o estabelecimento de franquia 
de dados na conexão fixa à 
internet. 
O Congresso Nacional decreta: 
Art. 1º Esta Lei altera a Lei nº 12.965, de 23 
de abril de 2014, para proibir a provedora de conexão fixa à 
internet de estabelecer franquia de dados. 
Art. 2º A Lei nº 12.965, de 23 de abril de 
2014, passa a vigorar acrescida do artigo 9º-A, com a 
seguinte redação: 
“Art. 9º-A O provedor de conexão à internet 
não poderá, na",0.5
34,1,"estabelecer uma legislação para incentivar a implantação da internet das coisas (internet of things) para possibilitar a oferta de novos produtos e serviços, como forma de promover o crescimento econômico",PLP 27/2011,"Dispõe sobre o serviço de banda larga, a alíquota de 0% do ICMS sobre serviços de telecomunicações e dá outras providências.","PROJETO DE LEI COMPLEMENTAR Nº ____ / 2011 
(Do Sr. Weliton Prado) 
 
 
Dispõe sobre o serviço de banda larga, a alíquota 
de 0% do ICMS sobre serviços de 
telecomunicações e dá outras providências.  
 
 O Congresso Nacional decreta: 
 
 Art. 1º - Ficam isentos de incidência de Imposto sobre Circulação de Mercadorias e 
Serviços – ICMS – os serviços de telecomunicação referentes ao acesso à internet por 
conectividade em banda larga prestada no âmbito do Programa Internet Popular.  
 Art. 2º – A concessão da isenção de que trata esta lei fica condicionada a que: 
 I – a prestadora de serviço f",0.5
34,1,"estabelecer uma legislação para incentivar a implantação da internet das coisas (internet of things) para possibilitar a oferta de novos produtos e serviços, como forma de promover o crescimento econômico",PL 979/2007,"Acrescenta artigo à Lei nº 8.078, de 11 de setembro de 1990, para obrigar os fornecedores que ofertam ou comercializam produtos ou serviços pela rede mundial de computadores a informarem seu endereço para fins de citação, bem como o número de telefone e endereço eletrônico utilizáveis para atendimento de reclamações de consumidores.","PROJETO DE LEI No             , DE 2007
(Do Sr. CHICO ALENCAR)
Acrescenta artigo à Lei nº 8.078, de
11 de setembro de 1990, para obrigar os
fornecedores que ofertam ou comercializam
produtos ou serviços pela rede mundial de
computadores a informarem seu endereço
para fins de citação, bem como o número de
telefone e endereço eletrônico utilizáveis
para atendimento de reclamações de
consumidores.
O Congresso Nacional decreta:
Art. 1º A Lei nº 8.078, de 11 de setembro de 1990, passa
a vigorar acrescida do seguinte art. 31A:
”Art. 31 A Os fornecedores que ofertam ou comercializam
produtos ou servi",0.0
34,1,"estabelecer uma legislação para incentivar a implantação da internet das coisas (internet of things) para possibilitar a oferta de novos produtos e serviços, como forma de promover o crescimento econômico",PL 4899/2019,"Altera as Leis nº 9.472, de 16 de julho de 1997, e nº 9.998, de 17 de agosto de 2000, para permitir que os recursos do Fundo de Universalização dos Serviços de Telecomunicações - FUST - sejam aplicados para financiamento de políticas governamentais de telecomunicações, programas de cidades inteligentes e construção de infraestrutura de transporte de dados para telegestão do sistema de iluminação pública, que comportem soluções de Internet das Coisas (IoT).","PROJETO DE LEI Nº          , DE 2019 
(Do Sr. JOÃO MAIA) 
Altera as Leis nº 9.472, de 16 de julho de 
1997, e nº 9.998, de 17 de agosto de 2000, para 
permitir que os recursos do Fundo de 
Universalização dos Serviços de Telecomunicações 
– FUST – sejam aplicados para financiamento de 
políticas governamentais de telecomunicações, 
programas de cidades inteligentes e construção de 
infraestrutura de transporte de dados para 
telegestão do sistema de iluminação pública, que 
comportem soluções de Internet das Coisas (IoT). 
O Congresso Nacional decreta: 
Art. 1º Art. 1º Altera as Leis nº 9.472,",1.0
34,1,"estabelecer uma legislação para incentivar a implantação da internet das coisas (internet of things) para possibilitar a oferta de novos produtos e serviços, como forma de promover o crescimento econômico",PL 2126/2011,"Estabelece princípios, garantias, direitos e deveres para o uso da Internet no Brasil.","PROJETO DE LEI 
 
 
 
 
Estabelece princípios, garantias, direitos e 
deveres para o uso da Internet no Brasil. 
 
 
 
 
 O CONGRESSO NACIONAL decreta: 
 
 
CAPÍTULO I 
DISPOSIÇÕES PRELIMINARES 
 
 Art. 1
o
  Esta Lei estabelece princípios, garantias, direitos e deveres para o uso da 
Internet no Brasil e determina as diretrizes para atuação da União, dos Estados, do Distrito 
Federal e dos Municípios em relação à matéria.  
 
 Art. 2
o
  A disciplina do uso da Internet no Brasil tem como fundamentos: 
 
 I - o reconhecimento da escala mundial da rede; 
 
 II - os direitos humanos e o exercíci",0.5
35,1,"Indicação para o ministério da saúde para incorporar o medicamento zolgensma, para tratamento da atrofia muscular espinhal",INC 1286/2020,"Sugere ao Ministério da Saúde a incorporação do princípio ativo onasemnogene abeparvovec - xioi do medicamento responsável pelo combate à doença atrofia muscular espinhal – AME, na Relação Nacional de Medicamentos Essenciais – RENAME, para o uso padronizado no Sistema Único de Saúde.","CÂMARA DOS DEPUTADOS
REQUERIMENTO Nº               , DE 2020
(Do Sr. Otto Alencar Filho)
Requer  o  envio  de  Indicação  ao
Ministério  da  Saúde,  para  sugerir  a
incorporação  do  princípio  ativo
onasemnogene  abeparvovec  -  xioi  do
medicamento  responsável  pelo  combate  à
doença atrofia muscular espinhal – AME, na
Relação  Nacional  de  Medicamentos
Essenciais  –  RENAME,  para  o  uso
padronizado no Sistema Único de Saúde. 
Senhor Presidente,
Requeiro a Vossa Excelência, nos termos do art. 113, inciso I e § 1º, do
Regimento Interno da Câmara dos Deputados, que seja encaminhada ao Po",1.0
35,1,"Indicação para o ministério da saúde para incorporar o medicamento zolgensma, para tratamento da atrofia muscular espinhal",INC 731/2020,"Sugere o envio de Indicação ao Ministro da Saúde, para que tome providências para que o Sistema Único de Saúde (SUS) disponibilize a terapia gênica com Zolgensma (Onasemnogene abeparvovec) destinada ao tratamento da Atrofia Muscular Espinhal (AME).","CÂMARA DOS DEPUTADOS
INDICAÇÃO Nº      , DE 2020
(Do Sr. LUCAS REDECKER)
Sugere  o  envio  de  Indicação  ao
Ministro  da  Saúde,  para  que  tome
providências para que o Sistema Único de
Saúde (SUS) disponibilize a terapia gênica
com  Zolgensma  (Onasemnogene
abeparvovec)  destinada  ao  tratamento  da
Atrofia Muscular Espinhal (AME).
Excelentíssimo Senhor Ministro:
A  Atrofia  Muscular  Espinhal  (AME)  é  uma  doença  rara,
progressiva e degenerativa, que atualmente não tem cura e que pode levar à
morte.  Seus  sintomas  incluem  a  perda  de  controle  e  força  muscular,
incapacidade ou d",1.0
35,1,"Indicação para o ministério da saúde para incorporar o medicamento zolgensma, para tratamento da atrofia muscular espinhal",PL 1531/2021,"Reconhece ao portador de atrofia muscular espinhal (AME) o direito de receber terapia gênica no âmbito do Sistema Único de Saúde (SUS), na forma que especifica.","PROJETO DE LEI Nº       , DE 2021
(Do Sr. Guilherme Mussi)
Reconhece ao portador de Atrofia Muscular
Espinhal (AME) o direito de receber terapia
gênica  no  âmbito  do  Sistema  Único  de
Saúde (SUS), na forma que especifica.
O Congresso Nacional decreta: 
Art. 1º Esta lei reconhece e regula, em âmbito nacional, o direito de o portador
de  Atrofia  Muscular  Espinhal  (AME)  receber  terapia  gênica  no  âmbito  do  Sistema
Único de Saúde (SUS).
Parágrafo  único.  Na  ausência  de  normas  e  regras  da  Lei  8.080,  de  19  de
setembro de 1990, que regulem terapias gênicas de alto custo, as d",1.0
35,1,"Indicação para o ministério da saúde para incorporar o medicamento zolgensma, para tratamento da atrofia muscular espinhal",INC 297/2020,"Sugere a inclusão do medicamento Zolgensma (onasemnogene abeparvovec-xioi) na Lista de Exceções à Tarifa Externa Comum – TEC, sob a alíquota de 0%.","INDICAÇÃO Nº      , DE 2019
(Do Sr. ROGÉRIO PENINHA MENDONÇA)
Sugere  a  inclusão  do  medicamento
Zolgensma  (onasemnogene  abeparvovec-
xioi) na Lista de Exceções à Tarifa Externa
Comum – TEC, sob a alíquota de 0%. 
Excelentíssimo Senhor Ministro da Economia,
O  Zolgensma  (onasemnogene  abeparvovec-xioi)  é  um
novo  medicamento  para  o  tratamento  de  crianças  com  atrofia  muscular
espinhal  (AME),  que  tem  gerado  bastante  expectativa  em  relação  ao  seu
potencial  efeito  curativo,  encontrando-se  em fase  experimental  de  testes  e
avaliação, após a aprovação recente pela agê",0.5
35,1,"Indicação para o ministério da saúde para incorporar o medicamento zolgensma, para tratamento da atrofia muscular espinhal",INC 215/2019,"Sugere a incorporação do medicamento ""Nusinersena (Spinraza)"" para tratamento da Atrofia Muscular Espinhal no Sistema Único de Saúde - SUS.","CÂMARA DOS DEPUTADOS 
Gabinete da Deputada Policial KÁTIA SASTRE PR/SP 
 
Gabinete 428, Anexo IV da Câmara dos Deputados - Praça dos Três Poderes 
Brasília - DF – CEP: 70160-900 • (61) 3215-5428 
dep.policialkatiasastre@camara.leg.br 
 
 
 
 
REQUERIMENTO 
(Da Sra. POLICIAL KATIA SASTRE) 
Requer o envio de Indicação ao 
Ministério da Saúde, sugerindo a incorporação 
do medicamento “Nusinersena (Spinraza)” 
para tratamento da Atrofia Muscular 
Espinhal no Sistema Único de Saúde - SUS. 
Senhor Presidente: 
Nos termos do art. 113, inciso I e § 1o, do Regimento 
Interno da Câmara dos Deputados, re",0.5
35,1,"Indicação para o ministério da saúde para incorporar o medicamento zolgensma, para tratamento da atrofia muscular espinhal",INC 3939/2017,"Sugere ao Excelentíssimo Senhor Ministro da Saúde a ampliação da relação de medicamentos distribuídos pelo Sistema Único de Saúde - SUS, com a inclusão do medicamento SPINRAZA, para tratamento da Atrofia Muscular Espinhal (AME).","CÂMARA DOS DEPUTADOS 
 
 
 
REQUERIMENTO  
(Do Sr. Deputado Rômulo Gouveia) 
Requer o envio de Indicação 
ao Excelentíssimo Senhor 
Ministro da Saúde, sugerindo a 
ampliação da relação de 
medicamentos distribuídos pelo 
Sistema Único de Saúde — SUS, 
com a inclusão do medicamento 
SPINRAZA, para tratamento da 
Atrofia Muscular Espinhal 
(AME).   
 
Senhor Presidente: 
Nos termos do art. 113, inciso I e § 1º, do 
Regimento Interno da Câmara dos Deputados, requeiro a V. 
Exª. seja encaminhada ao Poder Executivo, na Pessoa do 
Senhor Ministro de Estado da Saúde, a Indicação anexa, 
sugerindo a a",0.5
35,1,"Indicação para o ministério da saúde para incorporar o medicamento zolgensma, para tratamento da atrofia muscular espinhal",INC 939/2020,"Sugere ao Ministério da Saúde a incorporação do medicamento Zolgensma na Relação Nacional de Medicamentos Essenciais RENAME, para o uso padronizado no Sistema Único de Saúde","INDICAÇÃO Nº      , DE 2020
(Da Sra. LEANDRE)
Sugere  ao  Ministério  da  Saúde  a
incorporação do medicamento Zolgensma na
Relação  Nacional  de  Medicamentos
Essenciais  –  RENAME,  para  o  uso
padronizado no Sistema Único de Saúde.
Excelentíssimo Senhor Ministro da Saúde,
A  atrofia  muscular  espinhal  –  AME  é  uma  doença
neuromuscular muito rara, progressiva, degenerativa e determinada por fatores
genéticos, quais sejam, alterações nos genes SMN1 e/ou SMN2, que levam à
deficiência na produção da Proteína de Sobrevivência do Neurônio Motor. Essa
proteína é essencial para que as células",1.0
35,1,"Indicação para o ministério da saúde para incorporar o medicamento zolgensma, para tratamento da atrofia muscular espinhal",INC 723/2020,Sugere ao Ministro da Economia que encaminhe ao Conselho Nacional de Política Fazendária - CONFAZ a solicitação de edição de convênio para a concessão de isenção do Imposto sobre Circulação de Mercadorias e Serviços - ICMS ao medicamento Zolgensma (Onasemnogene abeparvovec).,"CÂMARA DOS DEPUTADOS
INDICAÇÃO Nº      , DE 2020
(Do Sr. LUCAS REDECKER)
Sugere  ao  Ministro  da  Economia  que
encaminhe ao Conselho Nacional de Política
Fazendária  –  CONFAZ  a  solicitação  de
edição  de  convênio  para  a  concessão  de
isenção  do  Imposto  sobre  Circulação  de
Mercadorias  e  Serviços  –  ICMS  ao
medicamento  Zolgensma  (Onasemnogene
abeparvovec).
Excelentíssimo Senhor Ministro da Economia
Paulo Roberto Nunes Guedes:
A concessão de isenções do Imposto sobre Operações
relativas  à  Circulação  de  Mercadorias  e  sobre  Serviços  de  Transporte
Interestadual, Intermun",0.5
35,1,"Indicação para o ministério da saúde para incorporar o medicamento zolgensma, para tratamento da atrofia muscular espinhal",INC 1046/2020,"Sugere ao Ministério da Saúde a incorporação do medicamento Zolgensma na Relação Nacional de Medicamentos Essenciais – RENAME, para o uso padronizado no Sistema Único de Saúde.","INDICAÇÃO  Nº , DE 2020
(Do Sr. PROFESSOR ISRAEL BATISTA)
Sugere ao Ministério  da Saúde a
incorporação  do  medicamento
Zolgensma  na  Relação  Nacional
de  Medicamentos  Essenciais  –
RENAME, para o uso padronizado
no Sistema Único de Saúde.
Excelentíssimo Senhor Ministro da Saúde, 
A atrofia muscular espinhal – AME é uma doença neuromuscular muito
rara, progressiva, degenerativa e determinada por fatores genéticos, quais sejam,
alterações nos genes SMN1 e/ou SMN2, que levam à deficiência na produção da
Proteína de Sobrevivência do Neurônio Motor. Essa proteína é essencial  para
que  as  cél",1.0
35,1,"Indicação para o ministério da saúde para incorporar o medicamento zolgensma, para tratamento da atrofia muscular espinhal",INC 5308/2018,"Recomenda ao Excelentíssimo Senhor Ministro da Saúde, Gilberto Occhi a inclusão do medicamento SPINRAZA no rol de medicamentos distribuídos pelo Sistema Único de Saúde - SUS, para tratamento da doença da Atrofia Muscular Espinhal (AME).","CÂMARA DOS DEPUTADOS 
DEPUTADO VICTOR MENDES  
  
Fontes consultadas: https://oglobo.globo.com/sociedade/saude/cada-dose-do-remedio-para-doenca-que-atrofia-
bebes-custa-364-mil-22064362  
http://nippromove.hospedagemdesites.ws/anais_simposio/arquivos_up/documentos/artigos/fee1465d0ae7305e7264b
cfee18ed3a8.pdf.  
https://panoramafarmaceutico.com.br/2017/11/14/remedio-para-doenca-que-atrofia-bebes-ganha-preco-no-pais-r-
364-mil/ 
https://www.correiodoestado.com.br/cidades/medicamento-spinraza-sera-adquirido-para-atender-acoes-
judiciais/318188/ 
 
REQUERIMENTO  
(Do Senhor Deputado Victor Mendes",0.5
36,1,Elaboração de PEC para aumentar a remuneração dos agentes comunitários da saúde na constituição,PL 6681/2009,"Dispõe sobre o piso salarial profissional nacional e as diretrizes para os planos de carreira do agente comunitário de saúde e do agente de combate às edemias, e a sistemática de assistência financeira complementar da união aos Estados, ao Distrito Federal e aos Municípios, para o cumprimento do referido piso salarial, nos termos previstos no § 5º do art.198 da Constituição Federal.","PROJETO DE LEI Nº                , DE 2009
(do Sr. Raimundo Gomes de Matos)
Dispõe sobre o piso salarial profissional
nacional e as diretrizes para os planos de
carreira do agente comunitário de saúde e
do agente de combate às endemias, e a
sistemática de assistência financeira
complementar da União aos Estados, ao
Distrito Federal e aos Municípios, para o
cumprimento do referido piso salarial, nos
termos previstos no § 5º do art. 198 da
Constituição Federal.
O CONGRESSO NACIONAL decreta:
Art. 1º É o Poder Executivo autorizado a instituir o piso salarial
profissional nacional e as diretrizes p",1.0
36,1,Elaboração de PEC para aumentar a remuneração dos agentes comunitários da saúde na constituição,PL 7056/2010,"Altera a Lei nº 11.350, de 5 de outubro de 2006, para regulamentar a EC nº 63/10,  instituir o piso salarial profissional nacional, as Diretrizes do Plano de Carreira, o Curso Técnico das atividades dos Agentes Comunitários de Saúde e Agentes de Combate às Endemias.","PROJETO DE LEI No                 , DE 2010
(Do Sr. Pedro Chaves)
Altera a Lei nº 11.350, de 5 de outubro de 2006,
para regulamentar a EC nº 63/10,  instituir o piso
salarial profissional nacional, as Diretrizes do Plano de
Carreira, o Curso Técnico das atividades dos Agentes
Comunitários de Saúde e Agentes de Combate às
Endemias.
O Congresso Nacional decreta:
Art. 1º O Art. 2º da Lei nº 11.350, de 5 de outubro de 2006, passa a
vigorar acrescido do seguinte parágrafo único:
Parágrafo Único: As atividades de Agentes Comunitários de Saúde e
Agentes de Combate às Endemias são consideradas insalub",1.0
36,1,Elaboração de PEC para aumentar a remuneração dos agentes comunitários da saúde na constituição,PEC 323/2009,"Acrescenta parágrafos ao art. 198 da Constituição Federal, dispondo sobre piso nacional de salário para os profissionais que exerçam atividades de agente comunitário de saúde e de agente de combate às endemias.","PROPOSTA DE EMENDA À CONSTITUIÇÃO No      , DE 2008
(Do Sr. VALTENIR PEREIRA e outros)
Acrescenta  parágrafos  ao  art.  198  da 
Constituição  Federal,  dispondo  sobre  piso 
nacional  de salário para os profissionais  que 
exerçam atividades de agente comunitário de 
saúde e de agente de combate às endemias.
As Mesas da Câmara dos Deputados e do Senado Federal, 
nos termos do art. 60 da Constituição Federal, promulgam a seguinte emenda ao 
texto constitucional:
Art. 1º O art. 198 da Constituição passa a vigorar acrescido 
dos §§ 7º, 8º, 9º e 10:
“Art. 198 ...................................",1.0
36,1,Elaboração de PEC para aumentar a remuneração dos agentes comunitários da saúde na constituição,INC 6265/2010,"Sugere ao Ministro Paulo Bernardo Silva do Ministério do Planejamento e Orçamento e Gestão e ao Ministro José Gomes Temporão do Ministério da Saúde que seja criado convênio entre Instituto Brasileiro de Geografia e Estatística - IBGE e o Programa de Agentes Comunitários de Saúde, para que possam unir esforços para realização do CENSO Demográfico.","REQUERIMENTO
(Do Sr. Ribamar Alves)
Requer o envio de Indicação ao Poder
Executivo, criando vinculo entre IBGE e Agente
Comunitário de Saúde.
Senhor Presidente,
Nos termos do art. 113, inciso I § 1º, do Regimento Interno da Câmara dos
Deputados, requeiro a V. Ex ª, seja encaminhada ao Ministro Paulo Bernardo Silva do
Ministério do Planejamento e Orçamento e Gestão e ao Ministro José Gomes Temporão do
Ministério da Saúde a Indicação em anexo, sugerindo que seja criado convênio entre
Instituto Brasileiro de Geografia e Estatística - IBGE e o Programa de Agentes Comunitários
de Saúde, para que po",0.0
36,1,Elaboração de PEC para aumentar a remuneração dos agentes comunitários da saúde na constituição,PL 7095/2010,"Altera a Lei nº 11.350, de 05 de outubro de 2006, visando regulamentar a E.C. 63/2010, que institui o Piso Salarial Profissional Nacional e Diretrizes para os Planos de Carreira de Agentes Comunitários de Saúde e de Agentes de Combate às Endemias.","PROJETO DE LEI FEDERAL Nº ________ /2010
(Do Sr. Ribamar Alves)
Altera a Lei 11.350, de 05 de outubro de
2006, visando regulamentar a E.C.
63/2010, que institui o Piso Salarial
profissional nacional e Diretrizes para os
Planos de Carreira de Agentes
Comunitários de Saúde e de Agentes de
Combate às Endemias.
O CONGRESSO NACIONAL, DECRETA:
Artigo 1º - Acrescenta-se ao artigo 2º da Lei 11.350, de 05 de outubro de 2010,
o parágrafo único, passando este a vigorar com a seguinte redação:
Parágrafo Único – Aos Agentes Comunitários de Saúde e Agentes de Combate
as Endemias é permitida a acumulação de ",0.5
36,1,Elaboração de PEC para aumentar a remuneração dos agentes comunitários da saúde na constituição,PL 658/2011,"Altera a Lei nº 11.350, de 5 de outubro de 2006, para regulamentar a EC nº 63/10, instituir o piso salarial profissional nacional, as Diretrizes do Plano de Carreira, o Curso Técnico das atividades dos Agentes Comunitários de Saúde e Agentes de Combate às Endemias.","PROJETO DE LEI Nº              DE 2011 
(Do Sr. Romero Rodrigues) 
 
 
 
 
Altera a Lei nº 11.350, de 5 de outubro de 
2006, para regulamentar a EC nº 63/10, instituir 
o piso salarial profissional nacional, as 
Diretrizes do Plano de Carreira, o Curso 
Técnico das atividades dos Agentes 
Comunitários de Saúde e Agentes de Combate 
às Endemias. 
 
 
 
                               O CONGRESSO NACIONAL DECRETA: 
 
 
 
Art. 1º Ficam acrescidos à Lei nº 11.350, de 5 de outubro de 
2006, os seguintes artigos: 
“Art. 22 O valor inicial do piso salarial profissional nacional dos 
Agentes Comunitári",1.0
36,1,Elaboração de PEC para aumentar a remuneração dos agentes comunitários da saúde na constituição,PEC 22/2011,"Acrescenta parágrafos ao art. 198 da Constituição Federal, dispondo sobre a responsabilidade financeira da União, co-responsável pelo SUS, na política remuneratória e na valorização dos profissionais que exercem atividades de agente comunitário de saúde e de agente de combate às endemias.

NOVA EMENTA: Acrescenta os §§ 7º, 8º, 9º, 10 e 11 ao art. 198 da Constituição Federal, para dispor sobre a responsabilidade financeira da União, corresponsável pelo Sistema Único de Saúde (SUS), na política remuneratória e na valorização dos profissionais que exercem atividades de agente comunitário de saúde","PROPOSTA DE EMENDA À CONSTITUIÇÃO Nº      , DE 2011 
(Do Sr. Valtenir Pereira e Outros) 
 
 
 
“Acrescenta parágrafos ao art. 198 da Constituição 
Federal, dispondo sobre a responsabilidade 
financeira da União, co-responsável pelo SUS, na 
política remuneratória e na valorização dos 
profissionais que exercem atividades de agente 
comunitário de saúde e de agente de combate às 
endemias.” 
 
 
 
 
As mesas da Câmara dos Deputados e do Senado 
Federal, nos termos do art. 60 da Constituição federal, promulgam a seguinte 
emenda ao texto constitucional: 
 
“Art. 1º. O art. 198 da Constituição Fe",1.0
36,1,Elaboração de PEC para aumentar a remuneração dos agentes comunitários da saúde na constituição,PEC 74/2011,"Acrescenta o art. 197-A no Título VIII, Capítulo II, Seção II - ""Da Saúde"" -, da Constituição da República Federativa do Brasil de 1988, criando a carreira de Cirurgião-Dentista de Estado.","CÂMARA DOS DEPUTADOS 
PEC – Dentistas  
PROPOSTA DE EMENDA À CONSTITUIÇÃO Nº         , DE 2011 
(Dos Srs. Deputados MENDONÇA PRADO e RONALDO CAIADO) 
 
 
 
 
 
 
Acrescenta o art. 197-A no Título VIII, 
Capítulo II, Seção II – “Da Saúde” –, da 
Constituição da República Federativa do 
Brasil de 1988, criando a carreira de 
Cirurgião-Dentista de Estado. 
 
 
 
 
As Mesas da Câmara dos Deputados e do Senado Federal, nos termos do § 3º do 
art. 60 da Constituição Federal, promulgam a seguinte emenda ao texto 
constitucional: 
 
Art. 1º. Esta Emenda à Constituição estabelece diretrizes para a orga",0.0
36,1,Elaboração de PEC para aumentar a remuneração dos agentes comunitários da saúde na constituição,PEC 131/2011,Altera o § 4º do art. 184 e acrescenta inciso IX e §§ 3º e 4º ao art. 187 da Constituição Federal.,"PROPOSTA DE EMENDA CONSTITUCIONAL Nº         DE 2011. 
(Do Sr. Nilson Leitão e outros) 
 
 
Altera o § 4º do art. 184 e 
acrescenta inciso IX e §§ 3º e 4º 
ao art. 187 da Constituição 
Federal. 
 
 
 As Mesas da Câmara dos Deputados e do Senado Federal, nos termos do 
art. 60, § 3º da Constituição Federal, promulgam a seguinte emenda ao texto 
constitucional: 
 
 Art. 1º Os arts. 184 § 4º e 187 da Constituição Federal passam a vigorar com 
a seguinte redação: 
            
           ‘‘ ‘Art. 184............................. 
           ........................................... 
           §",0.0
36,1,Elaboração de PEC para aumentar a remuneração dos agentes comunitários da saúde na constituição,PL 7363/2010,"Altera a Lei nº 11.350, de 5 de outubro de 2006, para dispor sobre o piso salarial profissional nacional, as diretrizes para os planos de carreira e a assistência financeira complementar da União de que trata o § 5º do art. 198 da Constituição Federal, e dá outras providências.","CÂMARA DOS DEPUTADOS
Página 1 de 5
PROJETO DE LEI Nº           , DE 2010.
(Do Sr. Pepe Vargas)
“Altera a Lei nº 11.350, de 5 de outubro de
2006, para dispor sobre o piso salarial
profissional nacional, as diretrizes para os planos
de carreira e a assistência financeira
complementar da União de que trata o § 5º do art.
198 da Constituição Federal, e dá outras
providências.”
O Congresso Nacional decreta:
Art. 1º. A Lei nº 11.350, de 5 de outubro de 2006, fica acrescida dos seguintes
artigos:
“Art. 8º-A O efetivo exercício de trabalho em condições insalubres acima dos limites
de tolerância estabe",0.5
37,1,Alterar a lei de locações para fixar o IPCA como índice de reajuste dos aluguéis de imóveis residenciais.,PL 9577/2018,Estabelece prazo de trinta meses para o reajuste das locações comerciais ou residenciais.,"PROJETO DE LEI Nº          , DE 2018 
(Do Sr. Jean Wyllys) 
Estabelece prazo de trinta meses para o 
reajuste das locações comerciais ou 
residenciais. 
O Congresso Nacional decreta: 
Art. 1º Esta lei estabelece o prazo de trinta meses para reajuste 
das locações comerciais ou residenciais. 
Art. 2º A Lei 8.245, de 18 de outubro de 1991, que dispõe sobre 
as locações dos imóveis urbanos e os procedimentos a elas pertinentes, passa 
a vigorar acrescida do seguinte dispositivo: 
“Art. 19-A. O valor dos aluguéis, residenciais ou comerciais, 
somente poderá ser reajustado a cada trinta meses.” (NR",0.5
37,1,Alterar a lei de locações para fixar o IPCA como índice de reajuste dos aluguéis de imóveis residenciais.,PL 1538/2021,Dispõe sobre a correção monetária do aluguel na locação de imóvel urbano.,"PROJETO DE LEI Nº          , DE 2021
(Do Sr. CARLOS VERAS)
Dispõe sobre a correção monetária do
aluguel na locação de imóvel urbano.
O Congresso Nacional decreta:
Art. 1º Esta Lei dispõe sobre a correção monetária nas locações
de imóvel urbano.
Art. 2º Aplicam-se as disposições desta Lei:
I – às locações residenciais de imóvel urbano;
II  –  às  locações  não  residenciais  de  imóvel  urbano  cujos
locatários sejam qualificados como:
a) microempreendedores individuais;
b) microempresas;
c) empresas de pequeno porte;
d) empresários individuais ou profissionais liberais, observado
o limite de r",0.5
37,1,Alterar a lei de locações para fixar o IPCA como índice de reajuste dos aluguéis de imóveis residenciais.,PL 1447/2021,Determina índice de correção dos contratos de locação dos imóveis urbanos e estipula providência a ser adotada pelo setor enquanto perdurar a emergência de saúde pública decorrente da pandemia de Covid-19.,"Fl. 1 de 3 
 
CÂMARA DOS DEPUTADOS 
PROJETO DE LEI N°              , DE 2021 
(Do Sr. Aureo Ribeiro) 
 
 
Determina índice de correção dos 
contratos de locação dos imóveis 
urbanos e estipula providência a ser 
adotada pelo setor enquanto perdurar a 
emergência de saúde pública decorrente 
da pandemia de Covid-19. 
 
O CONGRESSO NACIONAL decreta: 
Art. 1º Esta lei determina o IPCA (Índice de Preço ao Consumidor 
Amplo), ou outro que venha o substituir, no caso de sua extinção, como índice oficial 
de reajuste de correção dos contratos de locação dos imóveis urbanos e veda 
reajustes nos contr",1.0
37,1,Alterar a lei de locações para fixar o IPCA como índice de reajuste dos aluguéis de imóveis residenciais.,PL 1703/2021,Dispõe sobre as locações de imóveis e os procedimentos a elas pertinentes e cria o auxílio-aluguel emergencial para famílias em situação de vulnerabilidade social.,"CÂMARA DOS DEPUTADOS
LIDERANÇA DO PARTIDO SOCIALISMO E LIBERDADE
PROJETO DE LEI nº    , DE 2021
(Da Sra. Deputada Talíria Petrone e outros/as)
Dispõe  sobre  as  locações  de  imóveis  e  os
procedimentos  a  elas  pertinentes  e  cria  o
auxílio-aluguel  emergencial  para  famílias  em
situação de vulnerabilidade social. 
O Congresso Nacional decreta: 
Art.  1º  Esta  Lei  institui  medidas  permanentes  e  temporárias  sobre  contratos  de
locação  residencial  e  comercial  e  cria  o  auxílio-aluguel  emergencial  para  famílias  em
situação de vulnerabilidade social.
Art. 2º O art. 18 da ",0.5
37,1,Alterar a lei de locações para fixar o IPCA como índice de reajuste dos aluguéis de imóveis residenciais.,PL 2807/2021,"""Estabelece normas para o reajuste dos alugueis residenciais, não residenciais e comerciais, e dá outras providências.""","CÂMARA DOS DEPUTADOS
Gabinete do Deputado Alexandre Frota – PSDB/SP
PROJETO DE LEI Nº          , DE 2021
(Do Sr. ALEXANDRE FROTA)
“Estabelece  normas  para  o  reajuste  dos
alugueis  residenciais,  não  residenciais  e
comerciais, e dá outras providências.""
O Congresso Nacional decreta:
Art. 1º Os reajustes de contratos de alugueis, em qualquer modalidade,
residencial,  comercial  e  não  residencial,  somente  poderão  reajustar  anualmente  as
prestações locatícias pelo Índice de Preços ao Consumidor Amplo (IPCA), não podendo
ser pactuado qualquer outra forma de reajuste.
§ 1º Os contratos ",1.0
37,1,Alterar a lei de locações para fixar o IPCA como índice de reajuste dos aluguéis de imóveis residenciais.,PL 4447/2012,"Acrescenta novo § 2º ao art. 17 da Lei nº 8.245, de 18 de outubro de 1991, que dispõe sobre as locações dos imóveis urbanos e os procedimentos a ela pertinentes, para disciplinar a cobrança de aluguel em centros comerciais (""Shopping centers"").","PROJETO DE LEI Nº                        , DE 2012 
(Do Sr. Marcelo Matos) 
Acrescenta novo § 2º ao art. 17 da 
Lei nº 8.245, de 18 de outubro de 1991, que 
dispõe sobre as locações dos imóveis 
urbanos e os procedimentos a ela 
pertinentes, para disciplinar a cobrança de 
aluguel em centros comerciais (“Shopping 
centers”).  
O Congresso Nacional decreta: 
Art. 1º O art. 17 da Lei nº Lei nº 8.245, de 18 de outubro 
de 1991, passa a vigorar acrescido do seguinte § 2º, renumerando-se o atual 
parágrafo único para § 1º: 
“Art. 17...................................................................",0.0
37,1,Alterar a lei de locações para fixar o IPCA como índice de reajuste dos aluguéis de imóveis residenciais.,PL 11238/2018,"Acrescenta novo § 2º ao art. 17 da Lei nº 8.245 de 18 de outubro de 1991, que dispõe sobre as locações dos imóveis urbanos e os procedimentos a ela pertinentes, para disciplinar a cobrança de aluguel em centros comerciais (""Shopping centers"").","PROJETO DE LEI Nº          , DE 2018 
(Do Sr. EXPEDITO NETTO) 
 
 
Acrescenta novo § 2º ao art. 17 
da Lei nº 8.245 de 18 de outubro 
de 1991, que dispõe sobre as 
locações dos imóveis urbanos e 
os procedimentos a ela 
pertinentes, para disciplinar a 
cobrança de aluguel em centros 
comerciais (“Shopping centers”). 
 
 
O Congresso Nacional decreta: 
 
Art.1º O art. 17 da Lei nº 8.245, de 18 de outubro de 1991, passa a 
vigorar acrescido do seguinte § 2º, renumerando-se o atual parágrafo único 
para § 1º. 
 
Art. 17..............................................................................",0.0
37,1,Alterar a lei de locações para fixar o IPCA como índice de reajuste dos aluguéis de imóveis residenciais.,PL 962/2021,"Trata dos reajustes de alugueis residenciais e dos micro empreendedores individuais, pelo índice nacional de preços ao consumidor amplo (IPCA), no ano de 2021.","PROJETO DE LEI Nº          , DE 2021
(Do Sr. JOSÉ GUIMARÃES)
Trata dos reajustes de alugueis residenciais
e  dos  micro  empreendedores  individuais,
pelo  índice  nacional  de  preços  ao
consumidor amplo (IPCA), no ano de 2021. 
O Congresso Nacional decreta
Art. 1º Os contratos de locação residencial  com valor de até
três mil reais (R$ 3.000), no ano de 2021, não poderão ser reajustados por
valor  acima  da  variação  percentual  em 12  meses  do  Índice  de  Preços  ao
Consumidor Amplo (IPCA).
Art.  2o Os  contratos  de  locação  comercial  de  micro
empreendedores individuais com valor de",1.0
37,1,Alterar a lei de locações para fixar o IPCA como índice de reajuste dos aluguéis de imóveis residenciais.,PL 1026/2021,Determina que o índice de correção dos contratos de locação residencial e comercial não poderá ser superior ao índice oficial de inflação do País – IPCA.,"PROJETO DE LEI Nº          , DE 2021
(Do Sr. Vinícius Carvalho)
Determina  que  o  índice  de  correção
dos  contratos  de  locação  residencial  e
comercial não poderá ser superior ao índice
oficial de inflação do País – IPCA.
O Congresso Nacional decreta:
Art.  1º Esta lei altera a Lei nº 8.245, de 18 de novembro de
1991, que, “Dispõe sobre as locações dos imóveis urbanos e os procedimentos
a elas pertinentes”, para determinar que o índice de correção dos contratos de
locação residencial e comercial não poderão ser superiores ao índice oficial de
inflação no País.
Art. 2º ° inclua-se o segui",1.0
37,1,Alterar a lei de locações para fixar o IPCA como índice de reajuste dos aluguéis de imóveis residenciais.,PL 1255/2021,"Acrescenta parágrafo único ao artigo 18 da Lei nº 8.245, de 18 de outubro de 1991, para estipular limite ao reajuste de contratos de aluguéis.","PROJETO DE LEI Nº , DE 2021 
(Da Sra. Renata Abreu) 
 
Acrescenta parágrafo único ao artigo 
18 da Lei nº 8.245, de 18 de outubro de 
1991, para estipular limite ao reajuste 
de contratos de aluguéis. 
 
 
O Congresso Nacional decreta: 
 
Art. 1º O art. 18 da Lei nº 8.245, de 18 de outubro de 1991, passa 
a vigorar com a seguinte redação: 
“Art. 18. 
................................................................................... 
Parágrafo único. Independentemente do índice 
inflacionário acordado entre as partes na cláusula de 
reajuste prevista no caput deste artigo, o reajuste do 
contr",0.5
38,1,"Solicita-se projeto de lei para definir que o índice admitido de alcoolemia na direção de veículo deve ser de 0,5 gramas por litro",PL 3717/2004,"Altera os arts. 165 e 276 da Lei n º 9.503, de 1997, que ""Institui o Código de Trânsito Brasileiro"" para dispor sobre índice de alcoolemia.","PROJETO DE LEI Nº      , DE 2004
(Do Sr.  Humberto Michiles)
Altera os arts. 165 e 276 da Lei nº
9.503/97, que “Institui o Código de Trânsito
Brasileiro” para dispor sobre índice de
alcoolemia.
O Congresso Nacional decreta:
Art. 1º  Este projeto de lei altera, no Código de Trânsito
Brasileiro, a redação dos seguintes dispositivos: art. 165, para dispor sobre a
infração pela condução de veículo sob a influência de álcool em nível superior a
zero decigramas por litro de sangue; e art. 276, para fixar o índice de 1 decigrama
de álcool por litro de sangue a partir do qual o condutor fica impedido ",1.0
38,1,"Solicita-se projeto de lei para definir que o índice admitido de alcoolemia na direção de veículo deve ser de 0,5 gramas por litro",PL 5512/2013,"Altera dispositivo da Lei nº 9.503, de 23 de setembro de 1997, que institui o Código de Trânsito Brasileiro, para dispor sobre o índice tolerável de alcoolemia na direção de veículos automotores.","PROJETO DE LEI Nº            , DE 2013  
(Da Deputada Gorete Pereira) 
Altera dispositivo da Lei nº 9.503, de 
23 de setembro de 1997, que institui o 
Código de Trânsito Brasileiro, para dispor 
sobre o índice tolerável de alcoolemia na 
direção de veículos automotores. 
O Congresso Nacional decreta: 
Art. 1º Esta Lei altera os artigos 165, 276, 277 e 306 da 
Lei nº 9.503, de 23 de setembro de 1997, para dispor sobre o índice tolerável 
de alcoolemia na direção de veículos automotores. 
Art. 2º Os artigos 165, 276, 277 e 306 da Lei nº 9.503, de 
1997, passam a vigorar com a seguinte redação: 
",1.0
38,1,"Solicita-se projeto de lei para definir que o índice admitido de alcoolemia na direção de veículo deve ser de 0,5 gramas por litro",PL 5348/2013,"Altera dispositivo da Lei nº 9.503, de 23 de setembro de 1997, que institui o Código de Trânsito Brasileiro, para dispor sobre o índice tolerável de alcoolemia na direção de veículos automotores.","PROJETO DE LEI Nº            , DE 2013  
(Da Deputada Gorete Pereira) 
Altera dispositivo da Lei nº 9.503, de 
23 de setembro de 1997, que institui o 
Código de Trânsito Brasileiro, para dispor 
sobre o índice tolerável de alcoolemia na 
direção de veículos automotores. 
O Congresso Nacional decreta: 
Art. 1º Esta Lei altera os artigos 165, 276, 277 e 306 da 
Lei nº 9.503, de 23 de setembro de 1997, para dispor sobre o índice tolerável 
de alcoolemia na direção de veículos automotores. 
Art. 2º Os artigos 165, 276, 277 e 306 da Lei nº 9.503, de 
1997, passam a vigorar com a seguinte redação: 
",1.0
38,1,"Solicita-se projeto de lei para definir que o índice admitido de alcoolemia na direção de veículo deve ser de 0,5 gramas por litro",PL 3559/2012,"Altera os arts. 165, 276, 277, 306 e o Anexo I da Lei nº 9.503, de 23 de setembro de 1997, que ''institui o Código de Trânsito Brasileiro'', para inibir o consumo de bebida alcoólica por condutor de veículo automotor, e dá outras providências.","PROJETO DE LEI Nº ______/ 2012 
(Do Senhor Deputado Hugo Leal) 
Altera os arts. 165, 276, 277, 306 e o Anexo I 
da Lei nº 9.503, de 23 de setembro de 1997, 
que ‘institui o Código de Trânsito Brasileiro’, 
para inibir o consumo de bebida alcoólica por 
condutor de veículo automotor, e dá outras 
providências. 
O Congresso Nacional decreta: 
 
Art. 1º A Lei nº 9.503, de 23 de setembro de 1997 (Código de Trânsito 
Brasileiro), passa a vigorar com as seguintes alterações e acréscimos: 
I - o art. 165 passa a vigorar com as seguintes alterações: 
“Art. 165..........................................",0.5
38,1,"Solicita-se projeto de lei para definir que o índice admitido de alcoolemia na direção de veículo deve ser de 0,5 gramas por litro",PL 5607/2009,"Altera a Lei nº 9.503, de 23 de setembro de 1997, que ''institui o Código de Trânsito Brasileiro'', estabelecendo que também a concentração de álcool por litro de ar alveolar pulmonar sujeita o condutor às penalidades do art.165 e outras providências.

NOVA EMENTA: Altera a Lei nº 9.503, de 23 de setembro de 1997, que institui o Código de Trânsito Brasileiro.","CÂMARA DOS DEPUTADOS
PROJETO DE LEI Nº          , DE 2009
(Do Sr. HUGO LEAL)
Altera a Lei nº 9.503, de 23 de setembro
de 1997, que ‘institui o Código de Trânsito
Brasileiro’, estabelecendo que também a
concentração de álcool por litro de ar
alveolar pulmonar sujeita o condutor às
penalidades do artigo 165 e outras
providências.
O Congresso Nacional decreta:
Art. 1º  Esta Lei altera dispositivos da Lei nº 9.503, de 23 de
setembro de 1997, que institui o Código de Trânsito Brasileiro, alterando o artigo
276, estabelecendo que também a concentração de álcool por litro de ar alveolar
pulmonar suje",0.5
38,1,"Solicita-se projeto de lei para definir que o índice admitido de alcoolemia na direção de veículo deve ser de 0,5 gramas por litro",PL 5075/2013,"Altera a Lei nº 9.503, de 23 de setembro de 1997, que institui o Código de Trânsito Brasileiro, para dispor sobre a direção sob o efeito do consumo simultâneo de álcool e drogas.","CÂMARA DOS DEPUTADOS 
 
 
 
 
PROJETO DE LEI  No                  , DE 2013 
(Do Sr. Major Fábio) 
Altera a Lei nº 9.503, de 23 
de setembro de 1997, que 
institui o Código de Trânsito 
Brasileiro, para dispor sobre a 
direção sob o efeito do consumo 
simultâneo de álcool e drogas.  
O Congresso Nacional decreta: 
Art. 1º Esta Lei altera a Lei nº 9.503, de 23 
de setembro de 2013, que institui o Código de Trânsito 
Brasileiro, para dispor sobre a direção sob o efeito do 
consumo simultâneo de álcool e drogas. 
Art. 2º A Lei nº 9.503, de 1997, passa a 
vigorar com as seguintes alterações: 
“Art",0.5
38,1,"Solicita-se projeto de lei para definir que o índice admitido de alcoolemia na direção de veículo deve ser de 0,5 gramas por litro",PL 6046/2009,"Modifica o Código de Trânsito Brasileiro, para caracterizar o crime de embriaguez à direção de veículo automotor.","PROJETO DE LEI No       , DE 2009
(Do Sr. ALEX CANZIANI)
Modifica o Código de Trânsito
Brasileiro, para caracterizar o crime de
embriaguez à direção de veículo automotor.
O Congresso Nacional decreta:
Art. 1º Esta Lei modifica a Lei n.º 9.503, de 1997, que
“Institui o Código de Trânsito Brasileiro”, com o propósito de estabelecer nova
caracterização para o crime da embriaguez à direção de veículo automotor,
assim como de revogar o dispositivo que condiciona a constatação da
embriaguez à obtenção de resultado positivo em teste de alcoolemia.
Art. 2º O art. 306 da Lei n.º 9.503, de 1997, passa a",0.5
38,1,"Solicita-se projeto de lei para definir que o índice admitido de alcoolemia na direção de veículo deve ser de 0,5 gramas por litro",PL 1468/2015,"Altera a Lei n°. 9.503, de 23 de setembro de 1997, que ''institui o Código de Trânsito Brasileiro'', com a finalidade de alterar índices de alcoolemia que punem os condutores de veículos.","PROJETO DE LEI Nº      DE 2015 
(Do Sr. Pompeo de Mattos) 
 
 
Altera a Lei n°. 9.503, de 23 de setembro de 1997, 
que ‘institui o Código de Trânsito Brasileiro’, com 
a finalidade de alterar índices de alcoolemia que 
punem os condutores de veículos.  
  
 
O Congresso Nacional decreta:  
 
Art. 1º Esta Lei altera dispositivos da Lei nº. 9.503, de 23 de setembro de 1997, 
que institui o Código de Trânsito Brasileiro, com a finalidade de alterar índices de 
alcoolemia que punem os condutores de veículos. 
 
Art. 2º O artigo 165 da Lei nº. 9.503, de 23 de setembro de 1997, passa a vigorar 
com ",1.0
38,1,"Solicita-se projeto de lei para definir que o índice admitido de alcoolemia na direção de veículo deve ser de 0,5 gramas por litro",PL 7908/2010,"Altera o art. 306 do Código de Trânsito Brasileiro - Lei nº 9.503, de 23 de setembro de 1997, de modo a permitir o ajuizamento da ação penal mesmo nos casos em que o suspeito recusar a realização do teste do bafômetro.","PROJETO DE LEI No       , DE 2010 
(Do Sr. Manoel Junior ) 
Altera o artigo 306 do Código de 
Trânsito Brasileiro – Lei n° 9.503, de 23 de 
setembro de 1997, de modo a permitir o 
ajuizamento da ação penal mesmo nos 
casos em que o suspeito recusar a 
realização do teste do bafômetro.  
O Congresso Nacional decreta: 
Art. 1º  Esta lei altera o  artigo 306 do Código de Trânsito 
Brasileiro, Lei n° 9.503, de 23 de setembro de 1997 , de modo a permitir o 
ajuizamento da ação penal mesmo nos casos em que o suspeito recusar a 
realização do teste do bafômetro. 
Art. 2° O  artigo 306 do Código de Tr",0.0
38,1,"Solicita-se projeto de lei para definir que o índice admitido de alcoolemia na direção de veículo deve ser de 0,5 gramas por litro",PL 5006/2013,"Altera a Lei nº 9.503, de 23 de setembro de 1997, dando nova redação aos arts. 165, 262, 276, 277 e 306, com a finalidade estender os efeitos dos dispositivos aos condutores de veículos automotores que venham a dirigir sob o efeito de substâncias que alterem a capacidade cognitiva, motora e sensitiva e cuja produção, comercialização e consumo sejam vedados por lei.","C Â M A R A   D O S   D E P U T A D O S 
 
 
 
PROJETO DE LEI N° ______________, DE 2013. 
(Deputado Onyx Lorenzoni) 
 
 
Altera a Lei n° 9.503, de 23 de setembro de 1997, 
dando nova redação aos artigos 165, 262, 276, 277 
e 306, com a finalidade estender os efeitos dos 
dispositivos aos condutores de veículos 
automotores que venham a dirigir sob o efeito de 
substâncias que alterem a capacidade cognitiva, 
motora e sensitiva e cuja produção, 
comercialização e consumo sejam vedados por lei. 
 
 
 
  O Congresso Nacional Decreta: 
 
 
 
   Art. 1° - Os artigos 165, 276, 277, e 306 da Lei n° ",0.5
39,1,"PL que torne o Serviço Militar facultativo. 
",PEC 50/2003,Institui o serviço militar facultativo.,"PROPOSTA DE EMENDA À CONSTITUIÇÃO Nº       , de 2003
(Da Senhora Maria do Rosário e outros)
Institui o serviço militar facultativo.
As Mesas da Câmara dos Deputados e do Senado Federal, nos termos do art. 60 da
Constituição Federal, promulgam a seguinte Emenda ao texto constitucional:
Art. 1º O art. 14, 2º, da Constituição Federal passa a vigorar com a seguinte
alteração:
I - suprima-se do § 2º do art.14 da Constituição Federal a expressão: “durante o
período do serviço militar obrigatório, os conscritos.”
Art. 2º O art. 143 da Constituição Federal passa a vigorar com as seguintes
alterações:
",1.0
39,1,"PL que torne o Serviço Militar facultativo. 
",PEC 18/2003,Institui o serviço militar facultativo.,"PROPOSTA DE EMENDA À CONSTITUIÇÃO Nº       , de 2003 
(Da Senhora Maria do Rosário e outros) 
 
 
Institui o serviço militar facultativo. 
 
 
 As Mesas da Câmara dos Deputados e do Senado Federal, nos termos do art. 60 da 
Constituição Federal, promulgam a seguinte Emenda ao texto constitucional: 
 
 Art. 1º O art. 14, 2º, da Constituição Federal passa a vigorar com a seguinte 
alteração: 
 
I - suprima-se do § 2º do art.14 da Constituição Federal a expressão: “durante o 
período do serviço militar obrigatório, os conscritos.”   
 
 Art. 2º O art. 143 da Constituição Federal passa a vigorar c",1.0
39,1,"PL que torne o Serviço Militar facultativo. 
",PEC 264/2008,"Altera a redação dos arts. 14, § 2º e 143, caput, da Constituição Federal, tornando o serviço militar facultativo.","PROPOSTA DE EMENDA À CONSTITUIÇÃO No      , DE 2008
(Do Sr. MARCELO SERAFIM e outros)
Altera a redação dos artigos 14, § 2º e 
143, caput, da Constituição Federal.
As Mesas da Câmara dos Deputados e do Senado Federal, 
nos termos do § 3º do art.  60 da Constituição Federal,  promulgam a seguinte 
emenda ao texto constitucional:
Art.  1º   O art.  12,  § 2º  da Constituição Federal  passa a 
vigorar com a seguinte redação:
""Art.  14.  A  soberania  popular  será  exercida  pelo  
sufrágio universal  e pelo voto direto e secreto,  com valor  
igual para todos e, nos termos da lei, mediante: 
§ 1",1.0
39,1,"PL que torne o Serviço Militar facultativo. 
",PEC 315/2017,"Altera o art. 14, §2º, e o art. 143 da Constituição Federal, para instituir o serviço militar facultativo.","CÂMARA DOS DEPUTADOS 
 
PROPOSTA DE EMENDA À CONSTITUIÇÃO No         , DE 2016 
(Do Sr. Celso Pansera e outros) 
Altera o art. 14, §2º, e o art. 143 da 
Constituição Federal, para instituir o serviço 
militar facultativo. 
As Mesas da Câmara dos Deputados e do Senado 
Federal, nos termos do art. 60 da Constituição Federal, promulgam a seguinte 
emenda ao texto constitucional: 
Art. 1º O art. 14, §2º, e o art. 143 da Constituição Federal, 
passam a vigorar com as redações que se seguem: 
“Art. 14............................................................................... 
...................",1.0
39,1,"PL que torne o Serviço Militar facultativo. 
",PEC 162/2007,Dá nova redação ao art.143 da Constituição Federal.,"PROPOSTA DE EMENDA À CONSTITUIÇÃO No      , DE 2007 
(Do Sr. Silvinho Peccioli e outros) 
Dá nova redação ao art.143, da 
Constituição Federal.  
As Mesas da Câmara dos Deputados e do Senado 
Federal, nos termos do art. 60 da Constituição Federal, promulgam a seguinte 
emenda ao texto constitucional: 
Art. O art. 143, da Constituição Federal, passa a vigorar 
com a seguinte redação: 
Art. 143. O serviço militar é facultativo, para homens e 
mulheres, atendidos os seguintes preceitos: 
I – os brasileiros, entre dezessete e quarenta e cinco anos, 
poderão alistar-se para o serviço militar inicia",1.0
39,1,"PL que torne o Serviço Militar facultativo. 
",PEC 328/2013,"Dá nova redação ao art. 14 da Constituição Federal, para tornar facultativo o voto para todos os eleitores maiores de dezesseis anos e dá outras providências.","1 
 
PROPOSTA DE EMENDA À CONSTITUIÇÃO Nº         DE 2013 
(Do Sr. NILSON LEITÃO e outros) 
Dá nova redação ao art. 14 da 
Constituição Federal, para tornar facultativo 
o voto para todos os eleitores maiores de 
dezesseis anos e dá outras providências. 
As Mesas da Câmara dos Deputados e do Senado 
Federal, nos termos do § 3º do art. 60 da Constituição Federal, promulgam a 
seguinte Emenda ao texto constitucional: 
Art. 1º O art. 14 da Constituição Federal passa a vigorar 
acrescido de novos parágrafos 1º, 2º, 3º, 4º e 5º, renumerando-se, na 
sequência, como § 6º o atual § 3º : 
“Art. 14.....",0.0
39,1,"PL que torne o Serviço Militar facultativo. 
",PL 1268/2007,"Dispõe sobre a obrigatoriedade de atualização do alistamento do eleitor maior de 16 anos, que atingir 18 anos e dá outras providências.","PROJETO DE LEI Nº              , DE 2007.
(Do Senhor Eduardo Lopes)
Dispõe sobre a obrigatoriedade de atualização 
do alistamento do eleitor  maior  de 16 anos, 
que atingir 18 anos e dá outras providências.
O Congresso Nacional decreta:
Art. 1º - O brasileiro, nos termos da lei, no ano em que completar 16 anos, 
poderá requerer o seu alistamento eleitoral, desde que comprove que alcançará tal condição 
até a data do pleito.
Parágrafo único - O alistamento de que trata o caput deste artigo, poderá ser 
requerido até o término do prazo fixado pela  Justiça Eleitoral,  para o requerimento da 
in",0.0
39,1,"PL que torne o Serviço Militar facultativo. 
",PL 3259/2015,"Revoga a letra ""a"" do §2º do artigo 31 da Lei nº 4.375, de 17 de agosto de 1964, e os itens nº ""1)"" e ""6)"" do artigo 140 do Decreto nº 57.654, de 20 de janeiro de 1966, vedando a exclusão de militares temporários das Forças Armadas que se encontram em tratamento médico.","CÂMARA DOS DEPUTADOS 
DEPUTADO FEDERAL CABO DACIOLO  
 
 
Deputado Federal CABO DACIOLO 
Câmara dos Deputados – Anexo IV – Gabinete 803 
E-mail: dep.cabodaciolo@camara.leg.br 
Fone: (61) 3215-5803 / (61) 3215- 3803 / Fax: (61) 3215-2803 
 
 
PROJETO DE LEI Nº                 , DE 2015 
(Do Sr. Cabo Daciolo) 
 
Revoga a letra “a” do §2º do artigo 31 da 
Lei nº 4.375, de 17 de agosto de 1964, e os 
itens nº “1)” e “6)” do artigo 140 do Decreto 
nº 57.654, de 20 de janeiro de 1966, 
vedando a exclusão de militares 
temporários das Forças Armadas que se 
encontram em tratamento médico. 
 
 
O CONG",0.0
39,1,"PL que torne o Serviço Militar facultativo. 
",PL 2640/2007,Dispõe sobre a comercialização de seguro facultativo complementar de viagem no âmbito dos serviços de transporte rodoviário interestadual e internacional de passageiros.,"PROJETO DE LEI Nº            , DE 2007 
(Do Sr. Barbosa Neto) 
 
 
 
Dispõe sobre a comercialização de seguro 
facultativo complementar de viagem no âmbito 
dos serviços de transporte rodoviário 
interestadual e internacional de passageiros. 
 
 
 
 
 
O Congresso Nacional decreta: 
 
Art. 1º Esta lei estabelece requisitos para a comercialização 
de seguro facultativo complementar de viagem no âmbito dos serviços de 
transporte rodoviário interestadual e internacional de passageiros, definindo, 
entre outros aspectos, a desvinculação entre a aquisição do bilhete de 
passagem e do referido segu",0.0
39,1,"PL que torne o Serviço Militar facultativo. 
",PL 1918/2020,"Autoriza, durante o período de estado de calamidade pública decorrente da pandemia da covid-19, que sejam suspensos os pagamentos de empréstimos consignados contratados por militares.","PROJETO LEI Nº,                  DE 2020 
(do Sr. Fábio Trad) 
 
Autoriza, durante o período de estado 
de calamidade pública decorrente da 
pandemia da covid-19, que sejam 
suspensos os pagamentos de 
empréstimos consignados contratados por 
militares.  
O Congresso Nacional decreta: 
Art. 1º Durante o período de estado de calamidade pública decorrente da 
pandemia da covid-19, reconhecida pelo Decreto Legislativo nº 6, de 20 de 
março de 2020, ficam suspensos os pagamentos de empréstimos consignados 
nos quais o consignante seja militar das Forças Armadas, de Polícia Militar ou 
de Corpo de ",0.0
40,1,Elaborar proposição cabível para proibir a nomeação em cargo ou função comissionada de pessoa condenada por violência doméstica.,PL 299/2020,"Veda a nomeação de condenados pela prática de violência doméstica e familiar contra a mulher para cargo de livre nomeação e exoneração e estabelece a perda de cargo, função pública ou mandato eletivo nessa hipótese.","PROJETO DE LEI Nº          , DE 2020 
(Da Sra. GEOVANIA DE SÁ) 
Veda a nomeação de condenados pela 
prática de violência doméstica e familiar 
contra a mulher para cargo de livre 
nomeação e exoneração e estabelece a 
perda de cargo, função pública ou mandato 
eletivo nessa hipótese. 
O Congresso Nacional decreta: 
Art. 1º Este Projeto de Lei veda a nomeação de condenados 
pela prática de violência doméstica e familiar contra a mulher para cargo de 
livre nomeação e exoneração e estabelece a perda de cargo, função pública ou 
mandato eletivo nessa hipótese. 
Art. 2º O art. 92, do Decreto-Lei n",1.0
40,1,Elaborar proposição cabível para proibir a nomeação em cargo ou função comissionada de pessoa condenada por violência doméstica.,PRC 292/2006,"""Estabelece vedações à nomeação e designação para cargos em comissão e funções comissionadas na Câmara dos Deputados.""","CÂMARA DOS DEPUTADOS
                       LIDERANÇA DA MINORIA
1
PROJETO DE RESOLUÇÃO DA CÂMARA DOS DEPUTADOS Nº            , de 2006.
(do Sr. José Carlos Aleluia)
Estabelece vedações à nomeação e designação para
cargos em comissão e funções comissionadas na
Câmara dos Deputados.
A Câmara dos Deputados resolve:
Art. 1o É vedada a prática de nepotismo na Câmara dos Deputados, sendo nulos os
atos assim caracterizados.
Art. 2º Constituem práticas de nepotismo, entre outras:
I – o exercício de cargo em comissão ou de função comissionada por cônjuge,
companheiro ou parente em linha reta, colatera",0.0
40,1,Elaborar proposição cabível para proibir a nomeação em cargo ou função comissionada de pessoa condenada por violência doméstica.,PL 2335/2019,Veda a nomeação de condenados pela prática de violência doméstica e familiar contra a mulher para cargo de livre nomeação e exoneração.,"CÂMARA DOS DEPUTADOS 
 
 
 
PROJETO DE LEI Nº            , DE 2019 
    (Da Deputada Edna Henrique)  
 
Veda a nomeação de 
condenados pela prática de 
violência doméstica e familiar 
contra a mulher para cargo de 
livre nomeação e exoneração. 
 
O Congresso Nacional decreta: 
 
Art. 1º Este Projeto de Lei veda a 
nomeação de condenados pela prática de violência 
doméstica e familiar contra a mulher para cargo de livre 
nomeação e exoneração. 
Art. 2º O art. 92, do Decreto-Lei nº 2.848, 
de 7 de dezembro de 1940 (Código Penal), passa a vigorar 
com a seguinte redação: 
“Art. 92................",1.0
40,1,Elaborar proposição cabível para proibir a nomeação em cargo ou função comissionada de pessoa condenada por violência doméstica.,PL 3417/2019,Torna efeito da condenação pela prática de violência doméstica e familiar contra a mulher a vedação de nomeação para cargo de livre nomeação e exoneração.,"CÂMARA DOS DEPUTADOS 
 
PROJETO DE LEI Nº          , DE 2019 
(Do Sr. FÁBIO HENRIQUE) 
 
 
Torna efeito da condenação pela 
prática de violência doméstica e familiar 
contra a mulher a vedação de nomeação 
para cargo de livre nomeação e exoneração. 
 
 
 
O Congresso Nacional decreta: 
Art. 1º Este Projeto de Lei torna efeito da condenação pela 
prática de violência doméstica e familiar contra a mulher a vedação de 
nomeação para cargo de livre nomeação e exoneração. 
Art. 2º O art. 92, do Decreto-Lei nº 2.848, de 7 de dezembro de 
1940 (Código Penal), passa a vigorar com a seguinte redação: 
",1.0
40,1,Elaborar proposição cabível para proibir a nomeação em cargo ou função comissionada de pessoa condenada por violência doméstica.,PL 5941/2019,Veda a nomeação de condenados pela prática de violência doméstica e familiar contra a mulher para cargo de livre nomeação e exoneração.,"PROJETO DE LEI Nº          , DE 2019 
(Do Sr. PEDRO AUGUSTO BEZERRA) 
Veda a nomeação de condenados pela 
prática de violência doméstica e familiar 
contra a mulher para cargo de livre 
nomeação e exoneração. 
O Congresso Nacional decreta: 
Art. 1º Este Projeto de Lei veda a nomeação de condenados 
pela prática de violência doméstica e familiar contra a mulher para cargo de 
livre nomeação e exoneração. 
Art. 2º O art. 92, do Decreto-Lei nº 2.848, de 7 de dezembro de 
1940 (Código Penal), passa a vigorar com a seguinte redação: 
“Art. 
92........................................................",1.0
40,1,Elaborar proposição cabível para proibir a nomeação em cargo ou função comissionada de pessoa condenada por violência doméstica.,PL 320/2021,"Dispõe sobre a proibição de exercício de cargo, emprego ou função pública de livre provimento por pessoa condenada por violência doméstica e familiar contra criança, adolescente, idoso e mulher.","PROJETO DE LEI Nº _____/2021
(Dep. Rosangela Gomes)
Dispõe sobre a proibição de exercício de cargo,
emprego ou função pública de livre provimento
por pessoa condenada por violência doméstica
e familiar contra criança, adolescente, idoso e
mulher.
O Congresso Nacional decreta:
Art.  1º.  Fica  proibido  de  ocupar  cargo  ou  emprego  público  de  livre
provimento ou de natureza especial, no âmbito dos três poderes da República,
o indivíduo condenado na esfera penal pela prática de crimes que configurem
violência doméstica e familiar contra criança, adolescente, idoso e mulher na
forma da legis",1.0
40,1,Elaborar proposição cabível para proibir a nomeação em cargo ou função comissionada de pessoa condenada por violência doméstica.,PL 267/2020,Estabelece restrições para o exercício de cargos que menciona e dá outras providências.,"PROJETO DE LEI Nº          , DE 2020 
(Da Sra. REJANE DIAS) 
Estabelece restrições para o exercício 
de cargos que menciona e dá outras 
providências. 
O Congresso Nacional decreta: 
Art. 1º É proibida a designação para função de confiança ou 
nomeação para emprego ou cargo de comissão, incluídos os de natureza 
especial, de pessoa condenada, em decisão transitado em julgado ou proferida 
por órgãos judicial colegiado, por crime de feminicídio,  os que forem desde a 
condenação até o transcurso do prazo de 8 (oito) anos subsequentes ao 
cumprimento da pena, nos órgãos da Administração pública ",1.0
40,1,Elaborar proposição cabível para proibir a nomeação em cargo ou função comissionada de pessoa condenada por violência doméstica.,PL 2586/2019,"Altera o Código Penal para incluir nos efeitos da condenação, nos casos envolvendo violência doméstica ou familiar contra a mulher, a perda de cargo, função pública ou mandato eletivo e a vedação de nomeação em cargos em comissão.","PROJETO DE LEI Nº                       , DE 2019 
(Do Sr. JOÃO H CAMPOS) 
 
Altera o Código Penal para incluir nos 
efeitos da condenação, nos casos 
envolvendo violência doméstica ou 
familiar contra a mulher, a perda de 
cargo, função pública ou mandato 
eletivo e a vedação de nomeação em 
cargos em comissão. 
 
O Congresso Nacional decreta: 
 
Art. 1º O art. 92, inciso I, do Decreto-Lei 2.848, de 7 de dezembro 
de 1940 - Código Penal passa a vigorar acrescido da alínea: 
“Art. 92................................................................................. 
c) Quando o crime envolver vi",1.0
40,1,Elaborar proposição cabível para proibir a nomeação em cargo ou função comissionada de pessoa condenada por violência doméstica.,PL 638/2022,"Proíbe a nomeação, para cargos e empregos públicos, de pessoas condenadas pelo crime de estupro e de pessoas condenadas com fundamento na Lei nº 11.340, de 7 de agosto de 2006.","PROJETO DE LEI Nº          , DE 2022
(Do Sr. CAPITÃO ALBERTO NETO)
Proíbe  a  nomeação,  para  cargos  e
empregos públicos, de pessoas condenadas
pelo  crime  de  estupro  e  de  pessoas
condenadas  com  fundamento  na  Lei  nº
11.340, de 7 de agosto de 2006.
O Congresso Nacional decreta:
Art.  1º  O Decreto-Lei  nº  2.848,  de 7 de dezembro de 1940,
passa a vigorar com a seguinte alteração:
“Art. 92. .......................................................................................
....................................................................................................
IV  - ",1.0
40,1,Elaborar proposição cabível para proibir a nomeação em cargo ou função comissionada de pessoa condenada por violência doméstica.,PL 1523/2021,"Altera a Lei n.º 11.340, de 7 de agosto de 2006 – Lei Maria da Penha e o Decreto-Lei n.º 2.848, de 7 de dezembro de 1940 – Código Penal, para vedar a nomeação, no âmbito da Administração Pública direta e indireta, para os cargos ou empregos públicos de qualquer natureza, de pessoas que tiverem sido condenadas, com trânsito em julgado, pelos crimes cometidos com violência doméstica e familiar contra a mulher.","CÂMARA DOS DEPUTADOS
PROJETO DE LEI Nº               , DE 2021
(Do Sr. Dagoberto Nogueira)
Altera  a  Lei  n.º  11.340,  de  7  de
agosto de 2006 – Lei Maria da Penha e o
Decreto-Lei n.º 2.848, de 7 de dezembro de
1940  –  Código  Penal, para  vedar  a
nomeação,  no  âmbito  da  Administração
Pública direta e indireta, para os cargos ou
empregos públicos de qualquer natureza, de
pessoas que tiverem sido condenadas, com
trânsito em julgado, pelos crimes cometidos
com violência doméstica e familiar contra a
mulher.
O Congresso Nacional decreta:
Art. 1º. Esta lei altera a Lei n.º 11.340, de 7 de ",1.0
41,1,exportação de commodities,PL 3885/2021,"Altera o Decreto-Lei nº.1.578, de 1977, para definir que o imposto de exportação incidirá sobre a exportação de commodities.","CÂMARA DOS DEPUTADOS
PROJETO DE LEI Nº         , DE 2021
(do Sr. Reginaldo Lopes)
Altera o Decreto-Lei nº.1.578, de
1977, para definir que o imposto
de  exportação  incidirá  sobre  a
exportação de commodities.
O Congresso Nacional decreta: 
Art.  1º. O Decreto-Lei  nº.1.578, de 11 de outubro de 1977, passa a vigorar  com a
seguinte redação:
“Art. 1º.........................................................................................................................
..............................................................................................................................",1.0
41,1,exportação de commodities,PLP 390/2008,Dispõe sobre a incidência do ICMS sobre operações de exportação de minério in natura e fixa a alíquota aplicável nessas operações.,"PROJETO DE LEI COMPLEMENTAR No       , DE 2008
(Do Sr. Roberto Rocha)
Dispõe  sobre  a  incidência  do  ICMS  sobre 
operações de exportação de minério in natura e fixa 
a alíquota aplicável nessas operações.
O Congresso Nacional decreta:
Art.  1o Esta  Lei  Complementar  prevê  a  incidência  do  Imposto  dos 
Estados e do Distrito Federal sobre Operações Relativas à Circulação de Mercadorias e sobre 
Prestações de Serviços de Transporte Interestadual e Intermunicipal e de Comunicação – ICMS 
sobre operações de exportação de minério in natura e fixa a alíquota aplicável nessas operações.
Art.",1.0
41,1,exportação de commodities,PEC 283/2008,Acrescenta parágrafos ao art. 155 da Constituição.,"PROPOSTA DE EMENDA À CONSTITUIÇÃO No       , DE 2008
(Do Sr. Roberto Rocha e outros)
Acrescenta  parágrafos  ao  art.  155  da 
Constituição.
As Mesas da Câmara dos Deputados e do Senado Federal, 
nos termos do art. 60 da Constituição Federal, promulgam a seguinte emenda ao 
texto constitucional:
Art.  1o Esta  Emenda  Constitucional  acrescenta  dois 
parágrafos ao art. 155 da Constituição Federal, prevendo a incidência do Imposto 
sobre Operações relativas à Circulação de Mercadorias e sobre Prestações de 
Serviços de Transporte Interestadual e Intermunicipal e de Comunicação – ICMS 
sobre o",0.5
41,1,exportação de commodities,PLP 11/2011,"Altera a Lei Complementar nº 87, de 13 de setembro de 1996, para estabelecer a incidência de ICMS sobre operações de exportação de produtos primários não renováveis.","PROJETO DE LEI COMPLEMENTAR No       , DE 2011 
(Do Sr. Jaime Martins) 
Altera a Lei Complementar nº 87, de 13 
de setembro de 1996, para estabelecer a 
incidência de ICMS sobre operações de 
exportação de produtos primários não 
renováveis. 
O Congresso Nacional decreta: 
 Art. 1º A Lei Complementar nº 87, de 13 de setembro de 
1996, passa a vigorar com a seguinte alteração: 
“Art. 3º ..............................................................  
II - operações e prestações que destinem ao exterior 
mercadorias ou serviços, excluídos os produtos primários não renováveis; 
..................",1.0
41,1,exportação de commodities,PLP 126/2019,Dispõe sobre exclusão da isenção tributária de produtos primários da atividade mineral.,"PROJETO DE LEI COMPLEMENTAR Nº          , DE 2019 
(Do Sr. ZÉ SILVA e outros) 
Dispõe sobre exclusão da isenção 
tributária de produtos primários da atividade 
mineral. 
O Congresso Nacional decreta: 
Art. 1º O art. 3º da Lei Complementar nº 87, de 13 de setembro 
de 1996, passa a vigorar com a seguinte alteração: 
“Art. 3º ............................................................................. 
......................................................................................... 
§ 1º Equipara-se às operações de que trata o inciso II a 
saída de mercadoria realizada com o fim especí",0.5
41,1,exportação de commodities,PEC 122/2011,"Altera o art. 155, § 2º, X, ""a"", da Constituição Federal para excluir incentivos fiscais decorrentes da isenção de operações que destinem mercadorias para o exterior dos produtos primários não renováveis.","PROPOSTA DE EMENDA À CONSTITUIÇÃO Nº           , DE 2011 
(Do Sr. Jaime Martins e outros) 
Altera o art. 155, § 2º, X, “a”, da 
Constituição Federal para excluir incentivos 
fiscais decorrentes da isenção de operações 
que destinem mercadorias para o exterior 
dos produtos primários não renováveis. 
As Mesas da Câmara dos Deputados e do Senado 
Federal, nos termos do art. 60 da Constituição Federal, promulgam a seguinte 
emenda ao texto constitucional: 
Art. 1º O art. 155, § 2º, X, “a”, da Constituição Federal 
passa a vigorar com a seguinte redação: 
“Art. 155 ................................",1.0
41,1,exportação de commodities,PFC 180/2018,"Propõe que a Comissão de Fiscalização Financeira e Controle realize ato de fiscalização e controle, por meio do TCU, sobre o planejamento multimodal da infraestrutura de transportes.","Câmara dos Deputados 
COMISSÃO DE FISCALIZAÇÃO FINANCEIRA E CONTROLE 
 
PROPOSTA DE FISCALIZAÇÃO E CONTROLE Nº        , DE 2018 
(Do Sr. Roberto de Lucena e outros) 
 
 
Propõe que a Comissão de Fiscalização 
Financeira e Controle realize ato de fiscalização e 
controle, por meio do TCU, sobre o planejamento 
multimodal da infraestrutura de transportes. 
 
 
Senhor Presidente: 
 
Com base no art. 100, § 1º, combinado com os artigos 60, inciso I e II, 61 e 
61-A do Regimento Interno da Câmara dos Deputados, e art. 71, inciso VI, da 
Constituição Federal, solicito que a Comissão de Fiscalização ",0.5
41,1,exportação de commodities,INC 1037/2021,"Sugere que, no âmbito de sua competência, os Ministérios da Economia e de Minas e Energia providenciem medida de aperfeiçoamento na Lei Complementar nº 87/1996, acerca da exclusão da isenção tributária de produtos primários da atividade mineral.","INDICAÇÃO Nº      , DE 2021
(Do Sr. Pinheirinho)
Sugere que, no âmbito de sua competência,
os  Ministérios  da  Economia  e  de  Minas  e
Energia  providenciem  medida  de
aperfeiçoamento  na  Lei  Complementar  nº
87/1996,  acerca  da  exclusão  da  isenção
tributária de produtos primários da atividade
mineral.
Excelentíssimo Senhor Ministro de Minas e Energia,
A Lei Complementar nº 87/1996, também chamada Lei Kandir,
vigente  no  país  desde  novembro  de  1996  regulamentou  o  Imposto  sobre
Circulação  de  Mercadorias  e  Serviços  (ICMS),  principal  imposto  de
competência dos estados.
",0.5
41,1,exportação de commodities,PFC 143/2013,"Propõe que a Comissão de Fiscalização Financeira e Controle - CFFC, adote as medidas necessárias a realizar procedimento de fiscalização e controle para apurar eventuais irregularidades na gestão administrativa e omissões nos contratos de concessão, elaborados pela empresa privada - Estruturadora Brasileira de Projetos - EPB para os novos empreendimentos privados da administração dos Portos de Paranaguá e Antonina (APPA), os quais foram aprovados e autorizados pela  Secretaria Especial dos Portos da Presidência  da República - SEP/PR e Agência Nacional de Transportes Aquaviários - ANTAQ.","COMISSÃO DE FISCALIZAÇÃO FINANCEIRA  E CONTROLE - CFFC 
 
 
PROPOSTA DE FISCALIZAÇÃO E CONTROLE Nº          , DE 2013. 
 
 
                                                    
                                                 Propõe    que   a   Comissão   de    Fiscalização  
                                                 Financeira   e    Controle   –   CFFC,   adote   as  
                                                 medidas  necessárias  a  realizar  procedimento  
                                                 de fiscalização e controle para apurar eventuais  
                    ",0.0
41,1,exportação de commodities,PFC 142/2013,"Propõe que a Comissão de Agricultura, Pecuária, Abastecimento e Desenvolvimento  Rural-CAPADR adotem as medidas  necessárias para que seja realizado ato de fiscalização e controle para apurar eventuais irregularidades no escoamento da produção agrícola tendo como responsáveis pelos contratos de concessão que serão licitados, autorizados e aprovados  a Secretaria Especial dos Portos  da  Presidência da República-SEP/PR e Agência Nacional  de  Transportes Aquaviários - ANTAQ, elaborados  pela gestão administrativa da empresa - Estruturadora Brasileira de Projetos - EPB,  para a  implantação de  ","COMISSÃO DE AGRICULTURA, PECUÁRIA, ABASTECIMENTO E 
DESENVOLVIMENTO RURAL 
PROPOSTA DE FISCALIZAÇÃO E CONTROLE Nº          , DE 2013. 
 
 
                                                    Propõe que a Comissão de Agricultura,                                                                        
                                                    Pecuária,           Abastecimento           e                                                                        
                                                    Desenvolvimento  Rural  -      CAPADR                                        ",1.0
42,1,liquidação extrajudicial,PLP 33/2020,"Altera a Lei Complementar nº 123, de 14 de dezembro de 2006, para estabelecer e disciplinar a renegociação especial extrajudicial, a renegociação especial judicial e a liquidação simplificada, e dispor sobre a falência das microempresas e das empresas de pequeno porte.","Altera a Lei Complementar nº 123, de 14 de 
dezembro de 2006, para estabelecer e 
disciplinar a renegociação especial 
extrajudicial, a renegociação especial 
judicial e a liquidação simplificada, e 
dispor sobre a falência das microempresas e 
das empresas de pequeno porte. 
 
 
 
 
O Congresso Nacional decreta: 
 
Art. 1º A Lei Complementar nº 123, de 14 de dezembro de 2006, passa a vigorar 
com as seguintes alterações: 
“Art. 9º .................................................................................................... 
..............................................................",1.0
42,1,liquidação extrajudicial,PL 1111/2003,"Altera a Lei nº 6.024, de 13 de março de 1974, que dispõe sobre a intervenção e a liquidação extrajudicial de instituições financeiras.","Altera a Lei nº 6.024, de 13 de março de
1974, que dispõe sobre a intervenção e a
liquidação extrajudicial de instituições
financeiras.
O Congresso Nacional decreta:
Art. 1º A Lei nº 6.024, de 13 de março de 1974, passa a vigorar acrescida dos
seguintes arts. 56-A e 56-B:
“Art. 56-A. O Banco Central do Brasil encaminhará, semestralmente,
à Comissão de Assuntos Econômicos do Senado Federal, relatório
pormenorizado do processo de intervenção e de liquidação extrajudicial
das instituições financeiras de que trata esta Lei.
Art. 56-B. A nomeação de interventores e liquidantes de que trata os
arts.",1.0
42,1,liquidação extrajudicial,PLP 217/2020,"Institui o Código de Defesa do Empreendedor; estabelece os direitos básicos das microempresas e empresas de pequeno porte; estabelece a renegociação extrajudicial, e a liquidação especial por meio da alteração da Lei Complementar nº 123, de 14 de dezembro de 2006; tipifica a con e dá outras providências.","PROJETO DE LEI COMPLEMENTAR N°     , DE 2020
(Do Sr. Alexis Fonteyne)
Institui  o  Código  de  Defesa  do  Empreendedor;
estabelece  os  direitos  básicos  das  microempresas  e
empresas de pequeno porte; estabelece a renegociação
extrajudicial,  e  a  liquidação  especial  por  meio  da
alteração  da  Lei  Complementar  nº  123,  de  14  de
dezembro  de  2006;  tipifica  a  con  e  dá  outras
providências.
O CONGRESSO NACIONAL decreta:
Art. 1º. Esta Lei institui o Código de Defesa do Empreendedor, que estabelece direitos
e deveres para o Micro Empreendedor no desenvolvimento da atividade econ",1.0
42,1,liquidação extrajudicial,INC 916/2011,"Sugere ao Ministério dos Transportes, a adoção de medidas destinadas à regularização e manutenção do PLANSFER - Plano de Saúde dos Ferroviários.","REQUERIMENTO Nº              , DE 2011 
(DA COMISSÃO DE SEGURIDADE SOCIAL E FAMÍLIA) 
 
 
 
Sugere ao Poder Executivo, por intermédio 
do Ministério dos Transportes, a adoção de 
medidas destinadas à regularização e 
manutenção do PLANSFER – Plano de 
Saúde dos Ferroviários. 
 
 
 
 
Senhor Presidente da Câmara dos Deputados,  
Nos termos do art. 113, inciso I e § 1º, do Regimento Interno da 
Câmara dos Deputados, requeiro a Vossa Excelência o encaminhamento de 
Indicação ao Poder Executivo, por intermédio do Ministério dos Transportes, na 
qual se sugere a adoção de medidas destinadas à regul",0.0
42,1,liquidação extrajudicial,INC 915/2011,"Sugere ao Ministro do Planejamento, Orçamento e Gestão, a adoção de medidas destinadas à regularização e manutenção do PLANSFER - Plano de Saúde dos Ferroviários","REQUERIMENTO Nº              , DE 2011 
(DA COMISSÃO DE SEGURIDADE SOCIAL E FAMÍLIA) 
 
 
 
Sugere ao Poder Executivo, por intermédio 
do Ministério do Planejamento, Orçamento e 
Gestão, a adoção de medidas destinadas à 
regularização e manutenção do PLANSFER 
– Plano de Saúde dos Ferroviários. 
 
 
 
 
Senhor Presidente da Câmara dos Deputados,  
Nos termos do art. 113, inciso I e § 1º, do Regimento Interno da 
Câmara dos Deputados, requeiro a Vossa Excelência o encaminhamento de 
Indicação ao Poder Executivo, por intermédio do Ministério do Planejamento, 
Orçamento e Gestão, na qual se suger",0.0
42,1,liquidação extrajudicial,PLP 220/2016,"Dispõe sobre a proteção, por meio do instituto do patrimônio de afetação, dos direitos dos segurados, participantes, beneficiários, assistidos e detentores de títulos de capitalização, decorrentes de planos operados por sociedades seguradoras, entidades abertas de previdência complementar e por sociedades de capitalização e dá outras providências.","PROJETO DE LEI COMPLEMENTAR Nº......... DE 2016 
(Da Comissão de Defesa do Consumidor) 
 
 
Dispõe sobre a proteção, por 
meio do instituto do patrimônio 
de afetação, dos direitos dos 
segurados, participantes, 
beneficiários, assistidos e 
detentores de títulos de 
capitalização, decorrentes de 
planos operados por 
sociedades seguradoras, 
entidades abertas de 
previdência complementar e por 
sociedades de capitalização e 
dá outras providências. 
 
 
 
O Congresso Nacional decreta: 
 
Art. 1º  Esta Lei Complementar dispõe sobre a proteção, por meio do instituto 
do patrimônio de afetação, ",0.0
42,1,liquidação extrajudicial,INC 554/2011,Sugere ao Ministério dos Transportes a edição de Medida Provisória sobre o Fundo Social Ferroviário.,"REQUERIMENTO 
(Da Deputada Gorete Pereira) 
Requer o envio de Indicação ao 
Poder Executivo, sugerindo a edição de 
Medida Provisória sobre o Fundo Social 
Ferroviário. 
Senhor Presidente: 
Nos termos do art. 113, inciso I e § 1º, do Regimento 
Interno da Câmara dos Deputados, requeremos  a V. Exª. seja encaminhada 
ao Poder Executivo a Indicação em anexo, sugerindo ao Ministério dos 
Transportes  a edição de Medida Provisória sobre ressarcimento do Fundo 
Social Ferroviário. 
 
  
Sala das Sessões, em 18 de maio de 2011. 
Deputada GORETE PEREIRA 
 
 
 
 
2 
INDICAÇÃO Nº      , DE 2011 
(Da De",0.0
42,1,liquidação extrajudicial,PL 4438/2008,"Altera o art. 179 da Lei nº 11.101, de 9 de fevereiro de 2005, que ""Regula a recuperação judicial, a extrajudicial e a falência do empresário e da sociedade empresária"".","PROJETO DE LEI Nº                              , DE 2008
(Do Sr. Waldir Neves)
Altera o art. 179 da Lei nº 11.101, de
9 de fevereiro de 2005, que “Regula a
recuperação judicial, a extrajudicial e a
falência do empresário e da sociedade
empresária.”
O Congresso Nacional decreta:
Art. 1º O art. 179 da Lei nº 11.101, de 9 de fevereiro de
2005, passa a vigorar com a seguinte redação:
“Art. 179. Na falência de sociedade empresária, os
seus sócios, diretores, gerentes, administradores e
conselheiros, de fato ou de direito, bem como o
administrador judicial, equiparam-se ao devedor ou falido
para tod",0.5
42,1,liquidação extrajudicial,PLP 326/2002,"Dispõe sobre a preferência dos créditos dos segurados, dos participantes de planos de previdência complementar aberta e dos titulares de planos de capitalização.","Projeto de Lei Complementar n.º     , de 2002 
(Do Sr. AYRTON XERÊZ) 
 
 
Dispõe sobre a preferência dos créditos 
dos segurados, dos participantes de 
planos de previdência complementar 
aberta e dos titulares de planos de 
capitalização. 
 
  O Congresso Nacional decreta: 
 
  Art. 1º Esta Lei dispõe sobre a preferência dos créditos dos 
segurados, dos participantes de planos de previdência complementar aberta e 
dos titulares de planos de capitalização. 
 
  Art. 2º Nos processos de liquidação extrajudicial ou ordinária, 
decretadas pela Superintendência de Seguros Privados – SUSEP, os créd",0.5
42,1,liquidação extrajudicial,PLP 186/2004,"Dispõe sobre a preferência dos créditos dos segurados, dos participantes de planos de previdência complementar aberta e dos titulares de planos de capitalização.","PROJETO DE LEI COMPLEMENTAR N.º     , DE 2004
(Da Sra. LAURA CARNEIRO)
 
 
Dispõe sobre a preferência dos créditos
dos segurados, dos participantes de
planos de previdência complementar
aberta e dos titulares de planos de
capitalização.
 
O Congresso Nacional decreta:
 
Art. 1º Esta Lei dispõe sobre a preferência dos créditos dos
segurados, dos participantes de planos de previdência complementar aberta e dos
titulares de planos de capitalização.
 
Art. 2º Nos processos de liquidação extrajudicial ou ordinária,
decretadas pela Superintendência de Seguros Privados – SUSEP, os créditos
referidos ",1.0
43,1,lei das sociedades anônimas,PL 4493/2012,"Altera o inciso V do art. 176 da Lei nº 6.404, de 15 de dezembro de 1976, para estender às companhias fechadas a obrigatoriedade de demonstração do valor adicionado.","PROJETO DE LEI No       , DE 2012 
(Do Sr. Marcon) 
Altera o inciso V do art. 176 da Lei nº 
6.404, de 15 de dezembro de 1976, para 
estender às companhias fechadas a 
obrigatoriedade de demonstração do valor 
adicionado. 
O Congresso Nacional decreta: 
Art. 1º O art. 176 da Lei n.º 6.404, de 15 de dezembro de 
1976, passa a vigorar com a seguinte redação: 
“Art. 176. ............................................................................... 
............................................................................................... 
V – demonstração do valor adicionado.“ (NR) 
 Art. ",1.0
43,1,lei das sociedades anônimas,PL 588/2020,"Altera a Lei nº 6.404, de 15 de dezembro de 1976, para determinar que o relatório anual inclua estimativa de emissões de gases do efeito estufa, e dá outras providências.","PROJETO DE LEI Nº          , DE 2020 
(Do Sr. FELIPE RIGONI) 
Altera a Lei nº 6.404, de 15 de 
dezembro de 1976, para determinar que o 
relatório anual inclua estimativa de emissões 
de gases do efeito estufa, e dá outras 
providências. 
O Congresso Nacional decreta: 
Art. 1º Esta Lei acrescenta dispositivo à Lei nº 6.404, de 15 de 
dezembro de 1976, para determinar que o relatório da administração inclua 
estimativa de emissões de gases do efeito estufa, e dá outras providências. 
Art. 2º Os arts. 133, 142 e 176 da Lei nº 6.404, de 15 de 
dezembro de 1976, passam a vigorar com a seguinte reda",1.0
43,1,lei das sociedades anônimas,PL 7012/2017,Estende às sociedades de grande porte disposições relativas à publicação e divulgação de demonstrações financeiras.,"PROJETO DE LEI No            , DE           
(Do Sr. Cabo Sabino)  
Estende às sociedades de grande 
porte disposições relativas à publicação e 
divulgação de demonstrações financeiras. 
O Congresso Nacional decreta: 
Art. 1º Esta Lei estende às sociedades de grande porte 
disposições relativas à publicação e divulgação de demonstrações financeiras. 
Art. 2º O caput do art. 3º da Lei nº 11.638, de 28 de 
dezembro de 2007, passa a vigorar com a seguinte redação: 
“Art. 3º Aplicam-se às sociedades de grande porte, 
ainda que não constituídas sob a forma de 
sociedades por ações, as disposições d",1.0
43,1,lei das sociedades anônimas,PL 2104/2015,"Dispõe sobre as sociedades anônimas desportivas (Sades), e dá outras providências.","C Â M A R A   D O S   D E P U T A D O S 
 
 
PROJETO DE LEI Nº                    , DE 2015 
(Do Sr. Augusto Coutinho) 
Dispõe sobre as sociedades anônimas desportivas 
(Sades), e dá outras providências. 
O Congresso Nacional decreta: 
Capítulo I 
Seção I - Das sociedades anônimas desportivas 
Art. 1º Esta lei estabelece o regime jurídico das sociedades 
anônimas desportivas, bem como o regime especial de gestão a que ficam sujeitos os 
clubes desportivos que não optarem pela constituição destas sociedades. 
Parágrafo único. Para os fins desta lei, considera-se competição 
desportiva profissio",1.0
43,1,lei das sociedades anônimas,PL 4917/2009,"Dá nova redação ao art. 1.134, caput, da Lei nº 10.406, de 10 de janeiro de 2002, que ""Institui o Código Civil"".","PROJETO DE LEI No              , DE 2009
(Do Sr. Carlos Bezerra)
Dá nova redação ao art. 1.134, caput,
da Lei nº 10.406, de 10 de janeiro de 2002,
que “Institui o Código Civil”.
O Congresso Nacional decreta:
Art. 1º O art. 1.134, caput, da Lei nº 10.406, de 10 de
janeiro de 2002, passa a vigorar com a seguinte redação:
“Art. 1.134. A sociedade estrangeira, qualquer que
seja o seu objeto, não pode, sem autorização do Poder
Executivo, funcionar no País, ainda que por
estabelecimentos subordinados, podendo, todavia,
ressalvados os casos expressos em lei, ser sócio,
acionista ou quotista de socied",0.5
43,1,lei das sociedades anônimas,PLP 403/2014,"Estabelece que as Sociedades Anônimas - S/As possam se beneficiar do tratamento jurídico diferenciado, nos termos e parâmetros específicos da Lei Complementar nº 123, de 14 de dezembro de 2006.","PROJETO DE LEI COMPLEMENTAR N.º ______ DE 2014 
(Do Senhor Otavio Leite) 
 
 
Estabelece que as Sociedades 
Anônimas - S/As possam se beneficiar do 
tratamento jurídico diferenciado, nos termos 
e parâmetros específicos da Lei 
Complementar nº 123, de 14 de dezembro 
de 2006. 
 
 
 
O Congresso Nacional decreta: 
 
 
Art. 1º - As Sociedades Anônimas – S/As poderão se beneficiar do tratamento 
jurídico diferenciado, nos termos e parâmetros específicos da Lei Complementar nº 
123, de 14 de dezembro de 2006. 
 
Art. 2º - O inciso X, do § 4º, do art. 3º da Lei Complementar n.º 123, de 14 de 
dezem",1.0
43,1,lei das sociedades anônimas,PL 6104/2013,"Altera a Lei nº 6.404, de 15 de dezembro de 1976, para substituir no contexto a expressão ""sociedade anônima"" por ""sociedade por ações"".","1 
 
  
  
 *
5
4
C
0
1
C
A
A
2
0
*
 
  
  
 5
4
C
0
1
C
A
A
2
0
 
PROJETO DE LEI Nº      , DE 2013 
(Do Sr. Carlos Bezerra) 
Altera a Lei nº 6.404, de 1976, para 
substituir no contexto a expressão 
“sociedade anônima” por “sociedade por 
ações”.   
O Congresso Nacional decreta: 
Art. 1º A Lei nº 6.404, de 15 de dezembro de 1976, que 
“Dispõe sobre as Sociedades por Ações”, passa a viger com as seguintes 
alterações: 
CAPÍTULO I 
Características e Natureza da 
Companhia ou Sociedade por Ações 
Características 
Art. 1º A companhia ou sociedade por ações terá o 
capital dividido em ações, e a r",1.0
43,1,lei das sociedades anônimas,PL 7603/2014,"Acrescenta § 3º ao art. 41 da Lei nº 11.101, de 9 de fevereiro de 2005, que ""Regula a recuperação judicial, a extrajudicial e a falência do empresário e da sociedade empresária"", para os fins de disciplinar o direito a voto de acionista minoritário nas assembleias-gerais de sociedades anônimas que estejam submetidas a processo de recuperação judicial ou falência.","PROJETO DE LEI Nº                          , DE 2014 
(Do Sr. Carlos Bezerra) 
Acrescenta § 3º ao art. 41 da Lei nº 
11.101, de 9 de fevereiro de 2005, que 
“Regula a recuperação judicial, a 
extrajudicial e a falência do empresário e da 
sociedade empresária”, para os fins de 
disciplinar o direito a voto de acionista 
minoritário nas assembleias-gerais de 
sociedades anônimas que estejam 
submetidas a processo de recuperação 
judicial ou falência.  
O Congresso Nacional decreta: 
Art. 1º O art. 41 da Lei nº 11.101, de 9 de fevereiro de 
2005, passa a vigorar acrescido do seguinte § 3º: 
“Art",1.0
43,1,lei das sociedades anônimas,PL 896/2003,"Dá nova redação ao parágrafo único do art. 140 da Lei nº 6.404, de 15 de dezembro de 1976, para assegurar a participação dos trabalhadores na gestão das empresas regidas pela Lei de Sociedades Anônimas.","PROJETO DE LEI Nº      , DE 2003
(Do Sr. Rogério Silva)
Dá nova redação ao parágrafo único do
art. 140 da Lei n.º 6.404, de 15 de dezembro
de 1976, para assegurar a participação dos
trabalhadores na gestão das empresas
regidas pela Lei de Sociedades Anônimas.
O Congresso Nacional decreta:
Art. 1º  O parágrafo único do art. 140 da Lei n.º 6.404, de 15
de dezembro de 1976, passa a ter a seguinte redação:
“Art. 140. ........................................................................
Parágrafo único. O estatuto assegurará a participação,
no conselho de administração, de pelo menos 1 (um) repr",1.0
43,1,lei das sociedades anônimas,PL 1382/2020,"Isenta os Empresários Individuais, Individuais de Responsabilidade Limitada (EIRELI), as Sociedades Limitadas (LTDA), as Sociedades Anônimas (SA) e as Empresas Sem Fins Lucrativos, que permanecerem com o mesmo quantitativo de contratos de trabalhos até os 03 meses posteriores à publicação desta Lei, na forma que especifica, ficarão isentos do recolhimento da contribuição social sobre o lucro líquido, do imposto de renda das pessoas jurídicas e da contribuição para o financiamento da seguridade social.","CÂMARA DOS DEPUTADOS
Gabinete da Deputada Federal Paula Belmonte – CIDADANIA/DF
PROJETO DE LEI Nº             , DE 2020 
(Da Sra. Paula Belmonte)
Isenta  os  Empresários  Individuais,  Individuais
de  Responsabilidade  Limitada  (EIRELI),  as
Sociedades  Limitadas  (LTDA),  as  Sociedades
Anônimas  (SA)  e  as  Empresas  Sem  Fins
Lucrativos,  que  permanecerem  com  o  mesmo
quantitativo de contratos de trabalhos até os 03
meses  posteriores  à  publicação  desta  Lei,  na
forma  que  especifica,  ficarão  isentos  do
recolhimento  da  contribuição  social  sobre  o
lucro líquido, do imposto ",1.0
44,1,defesa da concorrência,PLP 344/2002,"Altera a Lei nº 4.595, de 31 de dezembro de 1964, que dispõe sobre a política e as instituições monetárias, bancárias e creditícias, cria o Conselho Monetário Nacional, e dá outras providências.","PROJETO DE LEI COMPLEMENTAR 
 
 
 
Altera a Lei no 4.595, de 31 de dezembro de 1964, 
que dispõe sobre a política e as instituições 
monetárias, bancárias e creditícias, cria o Conselho 
Monetário Nacional, e dá outras providências. 
 
 
 
O CONGRESSO NACIONAL, decreta: 
 
Art. 1o  O art. 10 da Lei no 4.595, de 31 de dezembro de 1964, passa a vigorar com as 
seguintes alterações: 
 
 “Art. 10.  .................................................................................................................................. 
......................................................................",0.0
44,1,defesa da concorrência,INC 1716/2004,"Sugere ao Ministro da Justiça a defesa da concorrência no mercado interno, sob responsabilidade do Conselho Administrativo de Defesa Econômica - CADE, como forma de coibir a concentração econômica prejudicial a efetiva concorrência no processo que trata da sobreposição de licenças para o Serviço Móvel Pessoal - SMP.","REQUERIMENTO
(Do Sr. Geraldo Resende e outros)
Requer o envio de Indicação ao
Poder Executivo relativa a defesa da
concorrência no mercado interno, sob
responsabilidade do Conselho
Administrativo de Defesa Econômica –
CADE, como forma de coibir concentração
econômica prejudicial à efetiva competição
no processo que trata da sobreposição de
licenças para o Serviço Móvel Pessoal –
SMP.
Senhor Presidente:
Nos termos do art. 113, inciso I e § 1º, do Regimento
Interno da Câmara dos Deputados, requeiro a V. Exª. seja encaminhada ao
Poder Executivo a Indicação em anexo, sugerindo a defesa da concorrê",1.0
44,1,defesa da concorrência,PDC 131/2007,"Aprova o texto do Acordo de Cooperação entre o Governo da República Federativa do Brasil e a República Argentina Relativo à Cooperação entre suas Autoridades de Defesa da Concorrência na Aplicação de suas Leis de Concorrência, celebrado em Buenos Aires, em 16 de outubro de 2003.","COMISSÃO DE RELAÇÕES EXTERIORES E DE DEFESA NACIONAL 
PROJETO DE DECRETO LEGISLATIVO Nº     , DE 2007 
                                        (MENSAGEM N° 526, DE 2005) 
Aprova o texto do Acordo de Cooperação entre 
o Governo da República Federativa do Brasil e a 
República Argentina Relativo à Cooperação entre suas 
Autoridades de Defesa da Concorrência na Aplicação de 
suas Leis de Concorrência, celebrado em Buenos Aires, 
em 16 de outubro de 2003. (DA COMISSÃO DE 
RELAÇÕES EXTERIORES E DE DEFESA 
NACIONAL). 
O Congresso Nacional decreta:  
Art. 1º Fica aprovado o texto do Acordo de Coopera",1.0
44,1,defesa da concorrência,INC 1252/2019,Sugere a consideração da nomeação de mulheres profissionais de economia e de direito da concorrência para o Conselho Administrativo de Defesa Econômica - CADE,"INDICAÇÃO Nº      , DE 2019 
(Do Sr. CAPITÃO ALBERTO NETO) 
Sugere a consideração da nomeação 
de mulheres profissionais de economia e de 
direito da concorrência para o Conselho 
Administrativo de Defesa Econômica - CADE 
Excelentíssimo Sr.Ministro da Fazenda Paulo Guedes 
As organizações Women Inside Trade (WIT) e Women in 
Antitrust (WIA), compostas por uma rede de mais de 500 profissionais no Brasil 
e no exterior, de diferentes vertentes do comércio internacional e da defesa da 
concorrência, buscam promover em suas áreas de ação trocas teóricas e 
técnicas e o compartilhamento de experiê",1.0
44,1,defesa da concorrência,PL 4063/2019,"Altera a Lei nº 12.529, de 30 de novembro de 2011, para determinar a instauração de inquérito administrativo para apuração de infrações à ordem econômica sempre que uma empresa ou grupo de empresas controlar um terço ou mais de mercado relevante.","PROJETO DE LEI Nº          , DE 2019 
(Do Sr. LUIZ PHILIPPE DE ORLEANS E BRAGANÇA) 
Altera a Lei nº 12.529, de 30 de 
novembro de 2011, para determinar a 
instauração de inquérito administrativo para 
apuração de infrações à ordem econômica 
sempre que uma empresa ou grupo de 
empresas controlar um terço ou mais de 
mercado relevante.  
O Congresso Nacional decreta: 
Art. 1º O art. 36 Lei nº 12.529, de 30 de novembro de 2011, 
passa a vigorar acrescido do seguinte § 4º: 
“Art. 36. ........................................................................................ 
........................",1.0
44,1,defesa da concorrência,PL 3045/2004,"Altera a Lei nº 8.884, de 11 de junho de 1994, que ""transforma o Conselho Administrativo de Defesa Econômica (Cade) em Autarquia, dispõe sobre a prevenção e a repressão às infrações contra a ordem econômica e dá outras providências"".","PROJETO DE LEI No          , DE 2003
(Do Sr. Fernando Gabeira)
Altera a Lei no 8.884, de 11 de junho de
1994, que dispõe sobre a prevenção e a
repressão de infrações à ordem
econômica, reorganiza o Sistema
Brasileiro de Defesa da Concorrência
(SBDC), cria a Secretaria de Defesa
Econômica (SDE) e dá outras
providências.
                      O CONGRESSO NACIONAL decreta:
Art. 1o A Lei no 8.884, de 11 de junho de 1994, passa a vigorar com as seguintes
alterações:
“Art.4o..........................................................................................................
...........
§ 1o O m",1.0
44,1,defesa da concorrência,INC 3403/2017,Sugere ao Ministro da Fazenda a incorporação do CADE em uma estratégia mais ampla de incremento da produtividade no Brasil.,"REQUERIMENTO Nº          , DE  
(Do Sr. CARLOS BEZERRA) 
Requer o envio de Indicação ao Poder 
Executivo, sugerindo a incorporação do 
CADE em uma estratégia mais ampla de 
incremento da produtividade no Brasil. 
Senhor Presidente: 
Nos termos do art. 113, inciso I e § 1º, do Regimento Interno da 
Câmara dos Deputados, requeiro a V. Exª. seja encaminhada ao Poder 
Executivo a Indicação anexa, sugerindo a incorporação do Conselho 
Administrativo de Defesa Econômica, o CADE, em uma estratégia mais ampla 
de incremento da produtividade no Brasil por meio de convênio com a 
SEAE/MF. 
Sala das Sess",1.0
44,1,defesa da concorrência,INC 2525/2012,"Requer o envio de Indicação ao Ministério da Justiça, sugerindo que o Conselho Administrativo de Defesa Econômica (Cade) adote providências no sentido de inibir prática lesiva à concorrência.","C Â M A R A   D O S   D E P U T A D O S 
 
 
REQUERIMENTO Nº              , DE 2012 
(Do Sr. Rodrigo Maia) 
 
 
 
 
Requer o envio de Indicação ao Ministério da 
Justiça, sugerindo que o Conselho Administrativo de 
Defesa Econômica (Cade) adote providências no 
sentido de inibir prática lesiva à concorrência. 
 
 
 
 
 Senhor Presidente, 
 
 
 Nos termos do art. 113, inciso I e § 1º, do Regimento Interno da Câmara dos Deputados, 
requeiro a Vossa Excelência que seja encaminhada ao Conselho Administrativo de Defesa 
Econômica (Cade), por meio do Ministério da Justiça, a Indicação em anexo, suge",1.0
44,1,defesa da concorrência,PLP 121/2011,"Regulamenta o art. 146-A da Constituição Federal, estabelecendo critérios especiais de tributação destinados a prevenir desequilíbrios da concorrência.","CÂMARA DOS DEPUTADOS 
 
 
 
PROJETO DE LEI COMPLEMENTAR NO     , DE 2011 
(Do Sr. Anthony Garotinho) 
Regulamenta o art. 146-A da 
Constituição Federal, estabelecendo 
critérios especiais de tributação 
destinados a prevenir desequilíbrios da 
concorrência. 
Art. 1o Esta Lei Complementar regulamenta o art. 146-A da 
Constituição Federal, estabelecendo critérios especiais de tributação 
destinados a prevenir desequilíbrios da concorrência. 
 
CAPITULO I 
DA CARACTERIZAÇÃO DE DESEQUILÍBRIO DA CONCORRÊNCIA 
Art. 2o Caracterizam-se, para os fins desta Lei 
Complementar, como atos ou situações que ",1.0
44,1,defesa da concorrência,PL 4710/2004,Dispõe sobre o comércio exterior brasileiro.,"PROJETO DE LEI Nº       , DE 2004.
(Do Sr. Carlos Melles)
Dispõe sobre o comércio exterior
brasileiro.
Art. 1º  Em aplicação do disposto no caput do Art. 48,
combinado com o inciso VIII do Art. 22, da Constituição Federal, o comércio
exterior brasileiro, entre outras disposições, obedecerá o estabelecido  nesta lei.
Art. 2º A República Federativa do Brasil desenvolverá
preferencialmente relações comerciais com os Estados estrangeiros cujos
sistemas econômicos atendam, dentre os princípios gerais, fundamentos e
finalidades da atividade econômica constantes do artigo 170 da Constituição
Federal,",0.5
45,1,"Possibilitar dedução do imposto de renda de pessoa física de doações para atividades de CTI (ciência, tecnologia e inovação) indicadas em cadastro criado para tal finalidade. ",PL 5425/2016,"Dispõe sobre deduções de imposto de renda referentes a doações a programas, projetos e atividades de ciência, tecnologia e inovação.","CÂMARA DOS DEPUTADOS 
 
 
 
PROJETO DE LEI Nº               , DE 2016 
    (Do Sr. Rômulo Gouveia)  
 
 
Dispõe sobre deduções de 
imposto de renda referentes a 
doações a programas, projetos e 
atividades de ciência, 
tecnologia e inovação. 
 
O Congresso Nacional decreta:  
 
Art. 1º Esta Lei dispõe sobre deduções de 
imposto de renda referentes a doações a programas, projetos 
e atividades de ciência, tecnologia e inovação. 
Art. 2º O art. 12 da Lei nº 9.250, de 26 de 
dezembro de 1995, passa a vigorar acrescido de inciso IX e § 
4º: 
“Art. 12. ..............................................",1.0
45,1,"Possibilitar dedução do imposto de renda de pessoa física de doações para atividades de CTI (ciência, tecnologia e inovação) indicadas em cadastro criado para tal finalidade. ",PL 8512/2017,"Regulamenta a criação de Fundos Patrimoniais destinados a formação de poupança de longo prazo para apoiar as entidades que atuam nas áreas de educação, saúde, assistência social, cultura, esportes, ciência e tecnologia.","PROJETO DE LEI Nº                         , DE 2017 
(Da Sra. Professora Dorinha Seabra Rezende) 
Regulamenta a criação de Fundos 
Patrimoniais destinados a formação de 
poupança de longo prazo para apoiar as 
entidades que atuam nas áreas de 
educação, saúde, assistência social, cultura, 
esportes, ciência e tecnologia. 
O Congresso Nacional decreta: 
CAPÍTULO I 
DISPOSIÇÕES PRELIMINARES 
Art. 1º Esta Lei estabelece o marco regulatório para a criação 
de Fundos Patrimoniais (Endowment Funds) destinados a prover recursos 
financeiros para entidades públicas ou privadas, sem fins lucrativos, qu",0.5
45,1,"Possibilitar dedução do imposto de renda de pessoa física de doações para atividades de CTI (ciência, tecnologia e inovação) indicadas em cadastro criado para tal finalidade. ",PL 2805/2019,"Estabelece que doações a programas, projetos e atividades de ciência, tecnologia e inovação possam ser deduzidas do imposto de renda.","Câmara dos Deputados 
 
 
 
PROJETO DE LEI Nº        , DE 2019 
(Do Sr. Gustinho Ribeiro) 
 
 
Estabelece que doações a programas, 
projetos e atividades de ciência, 
tecnologia e inovação possam ser 
deduzidas do imposto de renda. 
 
O Congresso Nacional decreta: 
 
Art. 1º. Esta Lei altera a Lei nº 9.250, de 26 de dezembro de 1995 
dispondo sobre deduções de imposto de renda referentes a doações a programas, 
projetos e atividades de ciência, tecnologia e inovação. 
 
Art. 2º O art. 12 da Lei nº 9.250, de 26 de dezembro de 1995, passa a 
vigorar acrescido da seguinte redação: 
“Art.12. 
....",1.0
45,1,"Possibilitar dedução do imposto de renda de pessoa física de doações para atividades de CTI (ciência, tecnologia e inovação) indicadas em cadastro criado para tal finalidade. ",PL 3480/2012,"Altera a Lei nº 12.213, de 20 de janeiro de 2010, modificando as regras para a dedução do imposto de renda das doações feitas por pesssoas físicas e jurídicas aos Fundos Nacional, Estaduais e Municipais do Idoso.","PROJETO DE LEI Nº      , DE 2012 
 (Da Sra. FLÁVIA MORAIS) 
Altera a Lei nº 12.213, de 20 de 
janeiro de 2010, modificando as regras para 
a dedução do imposto de renda das 
doações feitas por pessoas físicas e 
jurídicas aos Fundos Nacional, Estaduais e 
Municipais do Idoso. 
O Congresso Nacional decreta: 
Art. 1º A Lei nº 12.213, de 20 de janeiro de 2010, passa a 
vigorar acrescida dos seguintes artigos: 
“Art. 2º-A.  Os contribuintes poderão efetuar doações aos 
Fundos controlados pelos Conselhos Municipais, 
Estaduais e Nacional do Idoso, devidamente 
comprovadas, sendo essas integralmente",0.0
45,1,"Possibilitar dedução do imposto de renda de pessoa física de doações para atividades de CTI (ciência, tecnologia e inovação) indicadas em cadastro criado para tal finalidade. ",PL 4289/2020,"Altera a Lei nº 9.250, de 26 de dezembro de 1995, e institui mecanismo de fomento à ciência, tecnologia e inovação, mediante redução do imposto de renda devido de pessoas físicas e jurídicas que patrocinarem projetos de desenvolvimento científico e tecnólogo.","PROJETO DE LEI Nº          , DE 2020
(Do Sr. DIEGO GARCIA)
 Altera a Lei nº 9.250, de 26 de
dezembro  de  1995,  e  institui
mecanismo  de  fomento  à  ciência,
tecnologia  e  inovação,  mediante
redução do imposto de renda devido
de  pessoas  físicas  e  jurídicas  que
patrocinarem  projetos  de
desenvolvimento  científico  e
tecnólogo.
O Congresso Nacional decreta:
Art. 1º  Esta Lei altera a Lei nº  9.250, de 26 de dezembro de
1995,  e  institui  mecanismo  de  fomento  à  ciência,  tecnologia  e  inovação,
mediante redução do imposto de renda devido de pessoas físicas e jurídicas
que patroc",1.0
45,1,"Possibilitar dedução do imposto de renda de pessoa física de doações para atividades de CTI (ciência, tecnologia e inovação) indicadas em cadastro criado para tal finalidade. ",PL 3229/2004,Permite ao contribuinte do Imposto de Renda deduzir do imposto devido as doações destinadas a pesquisas ligadas ao desenvolvimento científico e tecnológico em instituições federais de ensino superior.,"PROJETO DE LEI Nº      , DE 2004
(Do Sr. ALMIR MOURA)
Permite ao contribuinte do Imposto de
Renda deduzir do imposto devido as doações
destinadas a pesquisas ligadas ao
desenvolvimento científico e tecnológico em
instituições federais de ensino superior.
O Congresso Nacional decreta:
Art. 1º  O contribuinte do imposto de renda, pessoa
física, poderá deduzir do imposto devido o equivalente às doações efetuadas
às instituições federais de ensino superior e destinadas a pesquisas de
desenvolvimento científico e tecnológico.
    Parágrafo único .  A dedução referida no caput  deste
artigo, somada ",1.0
45,1,"Possibilitar dedução do imposto de renda de pessoa física de doações para atividades de CTI (ciência, tecnologia e inovação) indicadas em cadastro criado para tal finalidade. ",PL 1339/2011,Permite à pessoa física e à pessoa jurídica deduzirem do imposto de renda as doações a associações sem fins lucrativos e que tenham por objeto o treinamento e fornecimento de cães-guias para deficientes visuais.,"PROJETO DE LEI Nº      , DE 2011 
(Do Sr. Gilmar Machado) 
Permite à pessoa física e à pessoa 
jurídica deduzirem do imposto de renda as 
doações a associações sem fins lucrativos e 
que tenham por objeto o treinamento e 
fornecimento de cães-guias para deficientes 
visuais. 
O Congresso Nacional decreta: 
Art. 1º.  O contribuinte pessoa física poderá deduzir do 
imposto de renda devido as contribuições efetivamente feitas, mediante 
depósitos nas contas bancárias das favorecidas, a associações sem fins 
lucrativos, regularmente constituídas e devidamente inscritas no CNPJ – 
Cadastro Nacional",0.0
45,1,"Possibilitar dedução do imposto de renda de pessoa física de doações para atividades de CTI (ciência, tecnologia e inovação) indicadas em cadastro criado para tal finalidade. ",PL 3039/2008,Permite ao contribuinte do Imposto de Renda deduzir do imposto devido as doações destinadas a pesquisas ligadas ao desenvolvimento científico e tecnológico em instituições federais de ensino superior.,"PROJETO DE LEI Nº , DE 2008
(Do Sr. SANDES JÚNIOR)
Permite ao contribuinte do Imposto de
Renda deduzir do imposto devido as doações
destinadas a pesquisas ligadas ao desenvolvimento
científico e tecnológico em instituições federais de
ensino superior.
O Congresso Nacional decreta:
Art.  1º O contribuinte do imposto de renda, pessoa física, poderá 
deduzir do imposto  devido o equivalente às doações efetuadas às instituições 
federais  de  ensino  superior  e  destinadas  a  pesquisas  de  desenvolvimento 
científico e tecnológico.
Parágrafo único . A dedução referida no caput deste artigo, som",1.0
45,1,"Possibilitar dedução do imposto de renda de pessoa física de doações para atividades de CTI (ciência, tecnologia e inovação) indicadas em cadastro criado para tal finalidade. ",PL 1007/2003,Permite ao contribuinte do imposto de renda deduzir do imposto devido parte das doações feitas a entidades de ensino público superior.,"PROJETO DE LEI Nº      , DE 2003
(Do Sr. DIMAS RAMALHO)
Permite ao contribuinte do imposto de
renda deduzir do imposto devido parte das
doações feitas a entidades de ensino
público superior.
O Congresso Nacional decreta:
    Art. 1º  O contribuinte do imposto de renda, pessoa
física, poderá deduzir do imposto devido o equivalente à metade das
quantias doadas às entidades de ensino público superior.
    § 1º  A dedução referida no caput deste artigo, somada
às deduções mencionadas no § 1º do art. 12 da Lei nº 9.250, de 30 de
dezembro de 1995, não poderá reduzir o imposto devido em mais de 6%
(s",0.5
45,1,"Possibilitar dedução do imposto de renda de pessoa física de doações para atividades de CTI (ciência, tecnologia e inovação) indicadas em cadastro criado para tal finalidade. ",PL 4779/2012,Dispõe sobre a apresentação da Declaração de Ajuste Anual do Imposto sobre a Renda pela pessoa física residente no Brasil.,"PROJETO DE LEI N.º                 DE 2012 
(Do Sr. Antonio Carlos Mendes Thame) 
 
 
Dispõe sobre a apresentação da 
Declaração de Ajuste Anual do Imposto 
sobre a Renda pela pessoa física residente 
no Brasil. 
 
 
O Congresso Nacional decreta: 
 
Art. 1º. A pessoa física pode optar pela dedução na Declaração de 
Ajuste Anual, das doações, em espécie, aos Fundos dos Direitos da Criança e 
do Adolescente nacional, distrital, estaduais e municipais, devidamente 
comprovadas, efetuadas entre 1º de janeiro e 30 de abril do ano do exercício, 
desde que limitadas a 3% (três por cento) do imposto d",0.0
46,1,Pl para facilitar o financiamento imobiliário para famílias ,PL 2797/2008,"Altera dispositivos da Lei nº 9.514, de 20 de novembro de 1997, que ""Dispõe sobre o Sistema de Financiamento Imobiliário, institui a alienação fiduciária de coisa imóvel e dá outras providências"".","1 
Projeto de Lei nº                         , de 2008 
(Do Sr. Deputado Márcio França) 
 
 
Altera dispositivos da Lei nº 9.514, de 20 de 
novembro de 1997, que “Dispõe sobre o Sistema 
de Financiamento Imobiliário, institui a 
alienação fiduciária de coisa imóvel e dá outras 
providências”. 
 
 
 
O Congresso Nacional decreta: 
 
Art. 1º. Esta lei altera disposições da Lei nº 9.514, de 20 de novembro de 1997, 
relativamente à concessão de crédito imobiliário. 
 
Art. 2º. A Lei nº 9.514, de 20 de novembro de 1997, passa a vigorar acrescida do art. 
6º com a seguinte redação, renumerando-se os",1.0
46,1,Pl para facilitar o financiamento imobiliário para famílias ,PL 1044/2011,"Altera dispositivos da Lei nº 9.514, de 20 de novembro de 1997, que ""Dispõe sobre o Sistema de Financiamento Imobiliário, institui a alienação fiduciária de coisa imóvel e dá outras providências"".","PROJETO DE LEI Nº                , DE 2011. 
(Do Sr. Dr. Ubiali) 
 
 
 
Altera dispositivos da Lei nº 9.514, de 
20 de novembro de 1997, que “Dispõe 
sobre o Sistema de Financiamento 
Imobiliário, institui a alienação 
fiduciária de coisa imóvel e dá outras 
providências”. 
 
O Congresso Nacional decreta: 
 
 
Art. 1º. Esta lei altera disposições da Lei nº 9.514, de 20 de novembro 
de 1997, relativamente à concessão de crédito imobiliário. 
 
Art. 2º. A Lei nº 9.514, de 20 de novembro de 1997, passa a vigorar 
acrescida do art. 6º com a seguinte redação, renumerando-se os demais: 
 
“Art. 6º. ",1.0
46,1,Pl para facilitar o financiamento imobiliário para famílias ,INC 2898/2012,"Sugere ao Excelentíssimo Senhor Ministro da Fazenda, regras para facilitar a portabilidade do crédito imobiliário devido à redução da taxa de juros oferecida pelos bancos.","REQUERIMENTO DE INDICAÇÃO Nº          , DE 2012 
(Do Sr. Hugo Motta) 
 
 
 
 
 
Requer o envio de Indicação ao 
Excelentíssimo Senhor Ministro da Fazenda, 
solicitando regras para facilitar a 
portabilidade do crédito imobiliário devido a 
redução da taxa de juros oferecida pelos 
bancos.   
 
 
 
 
 
   Senhor Presidente, 
 
 
 
 
   Requeiro a Vossa Excelência, nos termos do artigo 
113, inciso I, § 1°, do Regimento Interno da Câmara dos Deputados, que 
seja encaminhada ao Excelentíssimo Senhor Ministro da Fazenda 
indicação anexa, solicitando regras para facilitar a portabilidade do 
crédit",1.0
46,1,Pl para facilitar o financiamento imobiliário para famílias ,INC 1784/2019,"""Sugere ao Ministro da Economia que a redução de juros para 6,5% ao ano mais TR, promovida pela Caixa em suas linhas de crédito imobiliário a partir de 16 de dezembro, seja estendida para contratos de financiamento imobiliário firmados em anos anteriores"".","CÂMARA DOS DEPUTADOS      Tel. (61) 3215-5941 e 3215-3941 
            Gabinete do deputado Jesus Sérgio        E-mail: dep.jesussergio@camara.leg.br 
 
 
INDICAÇÃO No                , DE 2019 
(Do Sr. JESUS SÉRGIO) 
 
 
 
 
 
 
“Sugere ao Ministro da Economia que a 
redução de juros para 6,5% ao ano mais TR, 
promovida pela Caixa em suas linhas de 
crédito imobiliário a partir de 16 de 
dezembro, seja estendida para contratos de 
financiamento imobiliário firmados em anos 
anteriores”. 
 
 
 
 
 
 
  Excelentíssimo Senhor Ministro da Economia: 
 
 
O Brasil atingiu redução histórica na taxa S",1.0
46,1,Pl para facilitar o financiamento imobiliário para famílias ,PL 4816/2005,Dispõe sobre o acesso dos Servidores Públicos Federais aos Programas Habitacionais de responsabilidade do Governo Federal.,"PROJETO DE LEI No , DE 2005
(Do Sr. FERNANDO DE FABINHO)
Dispõe sobre o acesso dos Servidores
Públicos Federais aos Programas
Habitacionais de responsabilidade do Governo
Federal.
O Congresso Nacional decreta:
Art. 1o Esta lei tem como objetivo facilitar o acesso à
moradia aos servidores públicos federais nas modalidades de produção,
aquisição, arrendamento, reforma ou ampliação de unidades habitacionais.
Art. 2º Os servidores públicos federais, ativos, aposentados
e pensionistas terão tratamento especial, na obtenção de financiamento
habitacional junto à Caixa Econômica Federal, para acesso à",0.5
46,1,Pl para facilitar o financiamento imobiliário para famílias ,PL 795/2020,"Dispõe sobre financiamento imobiliário de imóveis urbanos - Minha Casa Minha Vida, durante período de emergência de saúde pública de importância internacional relacionada ao coronavírus (Covid19)

NOVA EMENTA: Dispõe sobre a suspensão de pagamentos das participações financeiras mensais das famílias beneficiárias do Programa Minha Casa, Minha Vida (PMCMV) - Faixa 1, em virtude da emergência de saúde pública de importância internacional decorrente do coronavírus responsável pela Covid-19.","PROJETO DE LEI  Nº  ,  DE 2020 
(Do Sr. PROFESSOR ISRAEL BATISTA) 
 
Dispõe sobre financiamento imobiliário de 
imóveis urbanos – Minha Casa Minha Vida, 
durante período de emergência de saúde 
pública de importância internacional 
relacionada ao coronavírus (Covid19) 
 
 
O Congresso Nacional decreta: 
 
Art. 1º Esta Lei dispõe sobre a suspensão de pagamento do 
Financiamento Imobiliário de imóveis urbanos, denominado Minha Casa Minha 
vida, durante o período de emergência de saúde pública de importância 
internacional relacionada ao coronavírus (Covid-19).  
Art. 2º Os financiamentos concedi",1.0
46,1,Pl para facilitar o financiamento imobiliário para famílias ,PL 2455/2020,"Suspende temporariamente a cobrança das parcelas relativas a contrato de financiamento habitacional celebrado no âmbito do Programa Minha Casa, Minha Vida - PMCMV, instituído pela Lei nº 11.977, de 7 de julho de 2009, pelo Sistema Financeiro Imobiliário, instituído pela Lei nº 9.514, de 20 de novembro de 1197, e pelo Sistema Financeiro da Habitação, instituído pela Lei nº 4.380, de 21 de agosto de 1964, nos termos em que específica e dá outras providências.","PROJETO DE LEI Nº                   , DE 2020
(Do Sr. MAURO NAZIF e Outros)
Suspende temporariamente a cobrança
das  parcelas  relativas  a  contrato  de
financiamento  habitacional  celebrado  no
âmbito  do  Programa  Minha  Casa,  Minha
Vida – PMCMV, instituído pela Lei nº 11.977,
de  7  de  julho  de  2009,  pelo  Sistema
Financeiro Imobiliário,  instituído pela Lei  nº
9.514, de 20 de novembro de 1197, e pelo
Sistema Financeiro da Habitação,  instituído
pela Lei nº 4.380, de 21 de agosto de 1964,
nos termos em que específica e dá outras
providências.
O Congresso Nacional decreta:
Art.  1º ",1.0
46,1,Pl para facilitar o financiamento imobiliário para famílias ,PL 658/2020,Dispõe sobre Financiamento Imobiliário de imóveis urbanos em situação de emergência sanitária.,"CÂMARA DOS DEPUTADOS 
       DEPUTADO HELDER SALOMÃO – PT/ES 
 
PROJETO DE LEI Nº            , DE 2020 
(Do Sr. Helder Salomão) 
Dispõe sobre Financiamento Imobiliário de 
imóveis urbanos em situação de emergência 
sanitária. 
O Congresso Nacional decreta: 
Art. 1º Esta Lei dispõe sobre Financiamento Imobiliário de imóveis 
urbanos em situação de emergência sanitária. 
Art. 2º Os financiamentos Imobiliários de que trata a Lei nº 9.514, de 
20 de Novembro de 1997, tem suas parcelas suspensas durante a vigência decreto de 
emergência sanitária, ou calamidade pública, local ou nacional, até 60 (s",0.5
46,1,Pl para facilitar o financiamento imobiliário para famílias ,PL 758/2020,Dispõe sobre Financiamento Imobiliário de imóveis urbanos em situação de emergência sanitária decorrente do coronavírus.,"PROJETO DE LEI Nº , DE 2020 
(Da Sra. Alice Portugal) 
 
Dispõe sobre Financiamento Imobiliário de 
imóveis urbanos em situação de emergência 
sanitária decorrente do coronavírus.  
 
O Congresso Nacional decreta:  
Art. 1º Esta Lei dispõe sobre Financiamento Imobiliário de 
imóveis urbanos em situação da emergência sanitária decorrente do 
coronavírus.  
Art. 2º Os financiamentos Imobiliários de que trata a Lei nº 
9.514, de 20 de Novembro de 1997, terão suas parcelas suspensas 
durante a vigência decreto de emergência sanitária, ou calamidade 
pública, local ou nacional, até 90 (noventa) dia",1.0
46,1,Pl para facilitar o financiamento imobiliário para famílias ,INC 2854/2012,"Sugere ao Excelentíssimo Senhor Ministro da Fazenda, providências para que os demais bancos no Brasil possam acompanhar a redução de juros anunciadas pela Caixa Econômica Federal para o crédito imobiliário.","REQUERIMENTO DE INDICAÇÃO Nº          , DE 2012 
(Do Sr. Hugo Motta) 
 
 
 
 
 
Requer o envio de Indicação ao 
Excelentíssimo Senhor Ministro da Fazenda, 
solicitando providências para que os demais 
bancos no Brasil, possam acompanhar a 
redução de juros anunciadas pela Caixa 
Econômica Federal para o crédito 
imobiliário.  
 
 
 
 
 
   Senhor Presidente, 
 
 
 
 
   Requeiro a Vossa Excelência, nos termos do artigo 
113, inciso I, § 1°, do Regimento Interno da Câmara dos Deputados, que 
seja encaminhada ao Excelentíssimo Senhor Ministro da Fazenda 
indicação anexa, solicitando providências",1.0
47,1,Regulamentar a profissão de garçom,PL 4251/2019,Regulamenta a profissão de garçom e dá outras providências.,"CÂMARA DOS DEPUTADOS 
 
 
1 
 
 
PROJETO DE LEI Nº              , de 2019 
(Do Sr. Fábio Trad) 
 
 
 
Regulamenta a profissão de garçom e dá 
outras providências.  
 
 
O CONGRESSO NACIONAL decreta: 
 
Art. 1º Esta Lei tem como objetivo regulamentar a profissão de garçom e 
o exercício de sua atividade. 
Art. 2º Considera-se garçom todo empregado que atenda os clientes 
presencialmente em bares, restaurantes, hotéis, clubes e similares, servindo-lhes 
refeições e bebidas. 
Parágrafo único. Entende-se também como garçom aqueles que 
organizam praças, carrinhos de servir, mesas, balcões e demais",1.0
47,1,Regulamentar a profissão de garçom,PL 6997/2002,Regulamenta a profissão de garçom e dá outras providências.,"Projeto de Lei  n°           de 2002 
Do Sr. Deputado José Carlos Coutinho 
 
 
 
 
 
 
 
“Regulamenta a profissão de 
garçom e dá outras providências.”  
 
 
 
 
 
O Congresso Nacional  decreta: 
 
 
Art.1º O exercício da profissão de garçom será 
regulamenta por esta Lei. 
Art.2º Considera-se garçom todo empregado que, 
nos estabelecimentos do ramo de hotéis, restaurantes, bares e 
similares, exerça atividade de servir à respectiva clientela, na área 
de alimentação e bebidas. 
Parágrafo único - O exercício da profissão de 
garçom está condicionada ao registro respectivo na Delegacia 
Region",1.0
47,1,Regulamentar a profissão de garçom,PL 1860/2003,Regulamenta a profissão de garçom e dá outras providências.,"Projeto de Lei n°   de  2003
( Do Sr. Deputado CARLOS NADER)
“Regulamenta a profissão de garçom
e dá outras providências.”
O Congresso Nacional decreta:
Art.1º O exercício da profissão de garçom será regulamenta
por esta Lei.
Art.2º Considera-se garçom todo empregado que, nos
estabelecimentos do ramo de hotéis, restaurantes, bares e similares, exerça
atividade de servir à respectiva clientela, na área de alimentação e bebidas.
Parágrafo único - O exercício da profissão de garçom está
condicionada ao registro respectivo na Delegacia Regional do Trabalho.
Art.3º Para obtenção do registro o inter",1.0
47,1,Regulamentar a profissão de garçom,PL 4303/2008,Dispõe sobre a regulamentação das profissões de garçom e maitre e dá outras providências.,"CÂMARA DOS DEPUTADOS 
 
 
 
PROJETO DE LEI N°     , DE 2008 
(Do Sr. Rodrigo Rollemberg) 
 
 
 
Dispõe sobre a regulamentação das 
profissões de garçom e maitre e dá 
outras providências. 
 
 
O Congresso Nacional decreta: 
 
 
Capítulo I 
Disposições preliminares e conceitos 
 
 
Art. 1º Esta lei regulamenta as profissões de maitre e garçom e dá outras 
providências. 
 
Art. 2º Considera-se maitre o profissional responsável pela supervisão dos 
trabalhos prestados pelos garçons, competindo-lhe, entre outras, as seguintes atribuições: 
 
I – planejamento de rotinas de trabalho em restaurantes,",1.0
47,1,Regulamentar a profissão de garçom,PL 6227/2013,Regulamenta a profissão de garçom e dá outras providências.,"PROJETO DE LEI Nº           , DE 2013 
(Do Sr. Wilson Filho) 
“Regulamenta a profissão de garçom 
e dá outras providências”.  
O Congresso Nacional decreta: 
Art. 1º O exercício da profissão de garçom será 
regulamentada por esta Lei.  
Art. 2º  Considera-se garçom todo empregado que, nos 
estabelecimentos do ramo de hotéis, restaurantes, bares e similares, exerça 
atividade de servir à respectiva clientela, na área de alimentação e bebidas. 
 Art. 3º Para Obtenção do registro o interessado deverá 
apresentar os seguintes documentos: 
I – Registro Geral – prova de identidade; 
II – Carteira de",1.0
47,1,Regulamentar a profissão de garçom,PL 1408/2007,Regulamenta as profissões de maitre e de garçom e estabelece as condições de trabalho.,"PROJETO DE LEI Nº,        DE 2007 
(Do Sr. Geraldo Thadeu) 
 
 
Regulamenta as profissões de 
maitre e de garçom e estabelece as 
condições de trabalho. 
 
 
 
O Congresso Nacional decreta: 
 
Art. 1o Esta lei regulamenta as profissões de maitre e de 
garçom.  
 
Art. 2º Maitre é o profissional responsável pela supervisão 
dos trabalhos desenvolvidos pelos garçons, competindo lhe, entre 
outras, as seguintes atribuições: 
 
I – planejamento de rotinas de trabalho em restaurantes, 
hotéis, bares e similares; 
 
II – treinamento de funcionários em sua área de atuação; 
 
III – coordenação de equ",1.0
47,1,Regulamentar a profissão de garçom,PL 6990/2006,Regulamenta as profissões de Maitre e de Garçom e estabelece as condições de trabalho.,"PROJETO DE LEI Nº      , DE 2006
 (Da Sra. Dra. CLAIR)
Regulamenta  as  profissões  de 
maitre  e  de  garçom  e  estabelece  as 
condições de trabalho.
O Congresso Nacional decreta:
Art. 1o Esta lei regulamenta as profissões de maitre e de 
garçom.
Art.  2º  Maitre  é  o  profissional  responsável  pela 
supervisão dos trabalhos desenvolvidos pelos garçons, competindo-
lhe, entre outras, as seguintes atribuições:
I – planejamento de rotinas de trabalho em restaurantes, 
hotéis, bares e similares;
II – treinamento de funcionários em sua área de atuação;
III – coordenação de equipes de trabalho",1.0
47,1,Regulamentar a profissão de garçom,PL 6646/2009,Regulamenta as profissões de maitre e de garçom e estabelece as condições de trabalho.,"PROJETO DE LEI Nº       ,DE 2009
(Da Sr. Paulo Teixeira)
Regulamenta as profissões de
maitre e de garçom e estabelece as
condições de trabalho.
O Congresso Nacional decreta:
Art. 1º Esta lei regulamenta as profissões de maitre e de garçom.
Art. 2º Maitre é o profissional responsável pela supervisão dos trabalhos
desenvolvidos pelos garçons, competindo-lhe, entre outras, as seguintes atribuições:
I – planejamento de rotinas de trabalho em restaurantes,
hotéis, bares e similares;
II – treinamento de funcionários em sua área de atuação;
III – coordenação de equipes de trabalho na sua área de
atua",1.0
47,1,Regulamentar a profissão de garçom,PL 564/2011,"Regulamenta as profissões de maitre e de garçom, e dá outras providências.","PROJETO DE LEI Nº ,      DE 2011 
(Do Sr. Lindomar Garçon) 
 
 
Regulamenta as profissões de maitre e 
de garçom, e dá outras providências. 
 
O Congresso Nacional decreta 
Art. 1º Esta lei regulamenta as profissões de maitre e de garçom e dá 
outras providências.  
Art. 2º Maitre é o profissional responsável pela supervisão dos 
trabalhos desenvolvidos pelos garçons, competindo-lhe, entre outras, as seguintes 
atribuições: 
I – planejamento de rotinas de trabalho em restaurantes, 
hotéis, bares e similares; 
II – treinamento de funcionários em sua área de atuação; 
III – coordenação de equipe",1.0
47,1,Regulamentar a profissão de garçom,PL 2569/2007,"Regulamenta as profissões de maitre e de garçom, e dá outras providências.","PROJETO DE LEI Nº , DE 2007 
(Do Sr. Walter Brito Neto) 
 
 
 
Regulamenta as profissões de maitre e 
de garçom, e dá outras providências. 
 
 
 
O Congresso Nacional decreta: 
 
 
 
Art. 1º Esta lei regulamenta as profissões de maitre e de garçom e dá 
outras providêcias.  
Art. 2º Maitre é o profissional responsável pela supervisão dos 
trabalhos desenvolvidos pelos garçons, competindo-lhe, entre outras, as seguintes 
atribuições: 
I – planejamento de rotinas de trabalho em restaurantes, 
hotéis, bares e similares; 
II – treinamento de funcionários em sua área de atuação; 
III – coordenação ",1.0
48,1,"Prezados, a pedido do Deputado, solicitamos a elaboração de projeto que preveja a concessão de descontos em restaurantes a la carte para pessoas que tenham feito cirurgia de redução de estomago",PL 3166/2021,"Dispõe sobre a obrigatoriedade da concessão de desconto ou de meia porção para pessoas que realizaram cirurgia bariátrica ou qualquer outra gastroplastia, em restaurantes ou similares, e dá outras providências","CÂMARA DOS DEPUTADOS
 Gabinete do Deputado Federal Cleber Verde – Republicanos/MA
PROJETO DE LEI Nº          DE 2021
(Do Sr. Dep. Cleber Verde)
Dispõe  sobre  a  obrigatoriedade  da
concessão  de  desconto  ou  de  meia
porção  para  pessoas  que  realizaram
cirurgia  bariátrica  ou  qualquer  outra
gastroplastia,  em  restaurantes  ou
similares, e dá outras providências.
O Congresso Nacional decreta:
Art. 1º Esta Lei dispõe sobre a concessão de descontos em restaurantes a
pessoas que passaram por cirurgia bariátrica ou qualquer outra gastroplastia.
Art.  2º.  Os restaurantes e similares que s",1.0
48,1,"Prezados, a pedido do Deputado, solicitamos a elaboração de projeto que preveja a concessão de descontos em restaurantes a la carte para pessoas que tenham feito cirurgia de redução de estomago",PL 6024/2013,Dispõe sobre a concessão de descontos no custo de serviços de alimentação a pessoas que tenham se submetido a cirurgias bariátricas.,"PROJETO  DE  LEI  Nº                , DE 2013  
(Do Sr.  Marcon) 
Dispõe sobre a concessão de 
descontos no custo de serviços de 
alimentação a pessoas que tenham se 
submetido a cirurgias bariátricas. 
O Congresso Nacional decreta: 
Art. 1º  Esta Lei preconiza a concessão de descontos no 
custo de serviços de alimentação a pessoas que tenham se submetido a 
cirurgias bariátricas.  
Art. 2º  Restaurantes, bares e demais estabelecimentos 
que prestem serviços de alimentação fora do domicílio concederão desconto de 
50% (cinquenta por cento) sobre o custo de tais serviços a pessoas que 
tenham s",1.0
48,1,"Prezados, a pedido do Deputado, solicitamos a elaboração de projeto que preveja a concessão de descontos em restaurantes a la carte para pessoas que tenham feito cirurgia de redução de estomago",PL 1707/2022,Estabelece a obrigatoriedade de restaurantes ou estabelecimentos similares concederem descontos a pessoas que tenham se submetido a cirurgia bariátrica,"PROJETO DE LEI Nº          , DE 2022
(Do Sr. BIBO NUNES)
Estabelece  a  obrigatoriedade  de
restaurantes  ou  estabelecimentos  similares
concederem  descontos  a  pessoas  que
tenham se submetido a cirurgia bariátrica.
O Congresso Nacional decreta:
Art. 1º Esta Lei torna obrigatória a concessão de descontos por
restaurantes ou estabelecimentos similares a pessoas que tenham realizado
cirurgia bariátrica.
Art.  2º  Os  restaurantes  e  estabelecimentos  similares  que
comercializem refeições para consumo local cujo valor não seja proporcional à
quantidade  de  alimento  servida  ao  cliente  f",1.0
48,1,"Prezados, a pedido do Deputado, solicitamos a elaboração de projeto que preveja a concessão de descontos em restaurantes a la carte para pessoas que tenham feito cirurgia de redução de estomago",PL 9079/2017,"""Dispõe sobre a concessão de descontos em restaurantes a clientes que passaram por cirurgia bariátrica ou qualquer outra gastroplastia"".","PROJETO DE LEI Nº                 , DE 2017 
(Do Sr. Francisco Floriano) 
 
 
“Dispõe sobre a concessão de 
descontos em restaurantes a clientes 
que passaram por cirurgia bariátrica 
ou qualquer outra gastroplastia”. 
 
 
 O CONGRESSO NACIONAL decreta: 
 Art. 1º. Esta Lei dispõe sobre a concessão de descontos em restaurantes a 
clientes que passaram por cirurgia bariátrica ou qualquer outra gastroplastia. 
Art. 2º. Os restaurantes ficam obrigados a conceder desconto de 30% a 50% no 
valor integral da refeição para clientes que comprovarem através da apresentação da 
carteira de identificação ",1.0
48,1,"Prezados, a pedido do Deputado, solicitamos a elaboração de projeto que preveja a concessão de descontos em restaurantes a la carte para pessoas que tenham feito cirurgia de redução de estomago",PL 2425/2019,Dispõe sobre a obrigatoriedade da concessão de descontos no custo de serviços de alimentação aos consumidores que tenham se submetido à gastroplastias.,"PROJETO DE LEI Nº , DE 2019 
(Do Sr. JULIO CESAR RIBEIRO) 
 
 
Dispõe sobre a obrigatoriedade da 
concessão de descontos no custo de serviços 
de alimentação aos consumidores que tenham 
se submetido à gastroplastias. 
 
 
O Congresso Nacional decreta: 
 
Art. 1º Esta Lei preconiza a obrigatoriedade da concessão de 
descontos no custo de serviços de alimentação aos consumidores que tenham se 
submetido à gastroplastias. 
Art. 2º Restaurantes, bares, similares e demais estabelecimentos 
que prestem serviços de alimentação ficam obrigados a conceder desconto de 
cinquenta por cento sobre o custo",1.0
48,1,"Prezados, a pedido do Deputado, solicitamos a elaboração de projeto que preveja a concessão de descontos em restaurantes a la carte para pessoas que tenham feito cirurgia de redução de estomago",PL 4833/2012,"Dispõe sobre a obrigatoriedade dos bares, restaurantes e similares de fazer constar de seus cardápios porções reduzidas para as pessoas que foram submetidas a cirurgia bariátrica.","CAMARA DOS DEPUTADOS 
 
 
 
PROJETO DE LEI Nº             , DE 2012 
(Do Sr. ONOFRE SANTO AGOSTINI) 
  
 
 
Dispõe sobre a obrigatoriedade dos 
bares, restaurantes e similares de fazer 
constar de seus cardápios porções 
reduzidas para as pessoas que foram 
submetidas a cirurgia bariátrica. 
 
O CONGRESSO NACIONAL decreta: 
 
Art. 1º - Ficam os bares, restaurantes e similares, que servem refeições, 
obrigados fazer constar de seus cardápios porções reduzidas equivalentes a 1/2 
(metade) das refeições individuais usualmente oferecidas. 
§1º Os preços praticados serão proporcionalmente reduzidos",0.5
48,1,"Prezados, a pedido do Deputado, solicitamos a elaboração de projeto que preveja a concessão de descontos em restaurantes a la carte para pessoas que tenham feito cirurgia de redução de estomago",PL 6605/2016,Estabelece prazo para a realização de cirurgias de gastroplastia e dá outras providências.,"1 
 
 
PROJETO DE LEI Nº      , DE 2016 
(Do Sr. Fausto Pinato) 
 
 
Estabelece prazo para a realização de 
cirurgias de gastroplastia e dá outras 
providências.  
 
O Congresso Nacional decreta: 
 
Art. 1º Esta Lei estabelece prazo para a realização de cirurgias de 
gastroplastia e dá outras providências. 
 
Parágrafo único. As cirurgias a que se refere o caput também são 
conhecidas como: cirurgia bariátrica, cirurgia da obesidade ou cirurgia de redução do 
estômago. 
 
Art. 2º As cirurgias referidas no art. 1º, ainda que consideradas eletivas, 
no âmbito do SUS – Sistema Único de Saúde – e ",0.0
48,1,"Prezados, a pedido do Deputado, solicitamos a elaboração de projeto que preveja a concessão de descontos em restaurantes a la carte para pessoas que tenham feito cirurgia de redução de estomago",INC 1777/2007,"Sugere ao Ministério da Saúde, a inclusão dos procedimentos para cirurgia de redução de estômago (obesidade mórbida) pelo Sistema Único de Saúde - SUS.","REQUERIMENTO 
(Do Sr Walter Brito Neto) 
 
 
 
Requer ao Poder Executivo a inclusão dos 
procedimentos para cirurgia de redução 
de estômago (obesidade mórbida) pelo 
Sistema Único de Saúde - SUS. 
 
 
  Senhor Presidente, 
 
 
  Nos termos do art. 113, inciso I e § 1o, do Regimento Interno da Câmara dos 
Deputados, requeiro a V. Exª. seja encaminhada ao Poder Executivo a Indicação em 
anexo, sugerindo a inclusão da cirurgia de redução de estômago (obesidade mórbida) nos 
procedimentos efetuados e custeados pelo Sistema Único de Saúde-SUS. 
 
 
JUSTIFICAÇÃO 
 
  Antes considerada uma indicação",0.0
48,1,"Prezados, a pedido do Deputado, solicitamos a elaboração de projeto que preveja a concessão de descontos em restaurantes a la carte para pessoas que tenham feito cirurgia de redução de estomago",PL 6567/2016,Dispõe sobre a obrigatoriedade de restaurantes ou estabelecimentos similares que forneçam serviço na forma de cobrança de preço fixo por pessoa para consumo livre de oferecerem desconto para pessoas submetidas a cirurgia gástrica com redução permanente de volume estomacal.,"1 
 
  
  
 *
C
D
1
6
4
3
9
7
1
5
9
2
2
8
*
 
  
  
 C
D
1
6
4
3
9
7
1
5
9
2
2
8
 
 
 
PROJETO DE LEI Nº _______, DE 2016  
(Do Sr. Alberto Fraga)  
Dispõe sobre a obrigatoriedade de 
restaurantes ou estabelecimentos similares 
que forneçam serviço na forma de cobrança 
de preço fixo por pessoa para consumo livre 
de oferecerem desconto para pessoas 
submetidas a cirurgia gástrica com redução 
permanente de volume estomacal.  
O Congresso Nacional decreta: 
Art. 1º Esta lei dispõe sobre a obrigatoriedade de restaurantes ou 
estabelecimentos similares que forneçam serviço na forma de cobrança d",1.0
48,1,"Prezados, a pedido do Deputado, solicitamos a elaboração de projeto que preveja a concessão de descontos em restaurantes a la carte para pessoas que tenham feito cirurgia de redução de estomago",INC 801/2003,Sugere ao Ministro da Saúde a inclusão dos procedimentos para cirurgia de redução de estômago (obesidade mórbida) pelo Sistema Único de Saúde - SUS.,"INDICAÇÃO
(Do Sr. Deputado Davi Alcolumbre)
Sugere ao Poder Executivo a inclusão dos
procedimentos para cirurgia de redução de
estômago (obesidade mórbida) pelo Sistema
Único de Saúde - SUS.
Excelentíssimo Senhor Ministro da Saúde:
É sabido por todos que a obesidade mata e, de forma crescente,
vem causando preocupações em todo o mundo, sobretudo entre crianças e jovens.
Assim, vários estudos sobre seu combate vem sendo desenvolvidos, estes
baseados especialmente em dietas.
 Entretanto, alguns procedimentos mais recentes vem tratando
desta doença de forma mais radical, qual seja: através da red",0.0
49,1,"Elaborar projeto de lei para estabelecer identificação do motociclista e passageiro.
Pode ser no capacete, colete ou outro acessório.",PL 5643/2013,Estabelece punição para a utilização de capacete de motociclista ou cobertura que impeça a identificação da pessoa no interior de estabelecimentos comerciais.,"CÂMARA DOS DEPUTADOS 
 
 
 
PROJETO DE LEI  No                   , DE 2013 
(Do Sr. Major Fábio) 
 
 
Estabelece punição para a 
utilização de capacete de 
motociclista ou cobertura que 
impeça a identificação da pessoa 
no interior de estabelecimentos 
comerciais. 
O Congresso Nacional decreta: 
Art. 1º  Esta Lei estabelece punição para a 
utilização de capacete de motociclista ou cobertura que impeça 
a identificação da pessoa no interior de estabelecimentos 
comerciais, públicos ou abertos ao público. 
Art. 2º  O Decreto-lei º 3.688, de 3 de outubro 
de 1941, passa a vigorar acrescido do se",0.5
49,1,"Elaborar projeto de lei para estabelecer identificação do motociclista e passageiro.
Pode ser no capacete, colete ou outro acessório.",PL 703/2007,"Regulamenta atividade profissional autônoma e de relação de emprego em motocicletas e acrescenta redação à Lei nº 9.503, de 23 de setembro de 1997.","PROJETO DE LEI Nº         , DE 2007
(Do Sr. Humberto Souto)
Regulamenta atividade profissional autônoma e
de relação de emprego em motocicletas e
acrescenta redação à Lei 9.503, de 23/09/1997.
O CONGRESSO NACIONAL decreta:
Art. 1º Esta Lei estabelece as atividades profissionais exercidas em
veículo motorizado de duas ou três rodas com ou sem carro lateral, pelos
denominados “motociclistas profissionais”. Determina as normas para o transporte de
passageiro em forma de táxi,  transporte de cargas e vigilância comunitária.
Art. 2º As atividades profissionais a que se refere o Art. 1º são:
I – tra",0.0
49,1,"Elaborar projeto de lei para estabelecer identificação do motociclista e passageiro.
Pode ser no capacete, colete ou outro acessório.",PL 3294/2019,"Altera dispositivos da Lei nº 9.503, de 23 de setembro de 1997, que institui o Código de Trânsito Brasileiro, para dispor sobre as características do capacete de uso obrigatório por motociclista e seus passageiros.","PROJETO DE LEI Nº                                    , DE 2019 
(Do Sr. WILSON SANTIAGO) 
 
Altera dispositivos da Lei nº 9.503, de 23 
de setembro de 1997, que institui o 
Código de Trânsito Brasileiro, para dispor 
sobre as características do capacete de 
uso obrigatório por motociclista e seus 
passageiros. 
 
 
O CONGRESSO NACIONAL decreta: 
 
Art. 1º O inciso I do art. 54 da Lei nº 9.503, de 23 de 
setembro de 1997, passa a vigorar acrescido dos seguintes parágrafos: 
“Art. 54. . ......................................................................................  
Parágrafo Primeiro. O",0.5
49,1,"Elaborar projeto de lei para estabelecer identificação do motociclista e passageiro.
Pode ser no capacete, colete ou outro acessório.",PL 3556/2004,"Regulamenta o exercício das atividades dos profissionais em transporte de passageiros ""mototaxista"", em entrega de mercadorias, em serviço comunitário de rua e ""motoboy"", com uso de motocicleta.","PROJETO DE LEI N.º              , DE 2004
 (Do Deputado Welinton Fagundes)
Regulamenta o exercício das atividades
dos profissionais em transporte de
passageiros “mototaxista”, em entrega de
mercadorias, em serviço comunitário de
rua e “motoboy”, com uso de motocicleta.
O Congresso Nacional decreta:
Art. 1º Esta Lei regulamenta o exercício das
atividades dos profissionais em transporte de passageiros,
“mototaxista”, em entrega de mercadorias e em serviço comunitário de
rua, e “motoboy”, com uso de motocicleta.
Art. 2º Para o exercício das atividades previstas
no art. 1º são necessários:
I  – te",0.5
49,1,"Elaborar projeto de lei para estabelecer identificação do motociclista e passageiro.
Pode ser no capacete, colete ou outro acessório.",PL 5923/2005,"Dispõe sobre a obrigatoriedade da inclusão de código de barras nos capacetes utilizados por condutores de veículos motorizados de duas rodas e altera a redação dos arts 54 e 244 da Lei nº 9.503, de 23 de setembro de 1997 .","PROJETO DE LEI No   , DE 2005
(Do Sr. Jorge Gomes)
Dispõe sobre a obrigatoriedade da
inclusão de código de barras nos capacetes
utilizados por condutores de veículos
motorizados de duas rodas e altera a
redação dos arts 54 e 244 da Lei nº 9.503,
de 23 de setembro de 1997 .
O Congresso Nacional decreta:
Art. 1o Todo e qualquer fabricante ou importador de
capacetes para condutores de veículos motorizados de duas rodas ficam
obrigados a:
I – criar e manter um banco de dados de
identificação de todos os capacetes por ele fabricados ou importados;
II – utilizar, como elemento dessa identificação, u",1.0
49,1,"Elaborar projeto de lei para estabelecer identificação do motociclista e passageiro.
Pode ser no capacete, colete ou outro acessório.",PL 209/2007,"Disciplina o exercício da atividade profissional de moto-taxista, e dá outras providências.","PROJETO DE LEI Nº                      , DE 2007.
(Do Dr. Ribamar Alves)
  Disciplina o exercício da atividade profissional de
moto-taxista, e dá outras providências.
Art. 1º. Esta Lei disciplina o exercício da atividade profissional de moto-taxista,
estabelecendo critérios para o transporte remunerado de passageiro em veículos
automotores de duas ou três rodas.
Parágrafo único. Os condutores dos veículos referidos no caput deste artigo,
nomeados moto-taxistas, deverão obedecer as normas de circulação e conduta
estabelecidas na Lei 9.503, de 23 de setembro de 1997 – Código de Trânsito Brasilei",0.5
49,1,"Elaborar projeto de lei para estabelecer identificação do motociclista e passageiro.
Pode ser no capacete, colete ou outro acessório.",PL 821/2011,"Altera a Lei nº 9.503, de 23 de setembro de 1997, que institui o Código de Trânsito Brasileiro, para dispor sobre o uso de coletes identificados com a placa da motocicleta.","PROJETO DE LEI Nº             , DE 2011 
(Do Sr. Carlaile Pedrosa) 
Altera a Lei nº 9.503, de 23 de 
setembro de 1997, que institui o Código de 
Trânsito Brasileiro, para dispor sobre o uso 
de coletes identificados com a placa da 
motocicleta. 
O Congresso Nacional decreta: 
Art. 1º Esta Lei altera a redação dos arts. 54, 55 e 244 da 
Lei nº 9.503, de 23 de setembro de 1997, que institui o Código de Trânsito 
Brasileiro, para obrigar o uso de coletes identificados com os caracteres da 
placa do veículo, pelos condutores de motocicletas, motonetas e ciclomotores. 
Art. 2º O inciso III dos arts",1.0
49,1,"Elaborar projeto de lei para estabelecer identificação do motociclista e passageiro.
Pode ser no capacete, colete ou outro acessório.",PL 5394/2013,"Altera a Lei nº 9.503, de 23 de setembro de 1997, que instituiu o Código de Trânsito Brasileiro para proibir o ingresso ou permanência de pessoas utilizando capacete ou qualquer tipo de cobertura que oculte a face nos estabelecimentos comerciais, públicos ou privados.","PROJETO DE LEI Nº....., DE 2013 
(Do Sr. Jorge Tadeu Mudalen) 
 
 
Altera a Lei 9.503 de 23 de setembro de 
1997 que instituiu o Código de Trânsito 
Brasileiro para proibir o ingresso ou 
permanência de pessoas utilizando 
capacete ou qualquer tipo de cobertura 
que oculte a face nos estabelecimentos 
comerciais, públicos ou privados. 
 
O Congresso Nacional decreta: 
 
Artigo 1º - O artigo 54 da Lei 9.503 de 23 de setembro de 1997 passa a vigorar 
com a seguinte redação: 
  
 Art. 54. Os condutores de motocicletas, motonetas e ciclomotores só 
poderão circular nas vias: 
 I - (...) 
 II – (..",0.0
49,1,"Elaborar projeto de lei para estabelecer identificação do motociclista e passageiro.
Pode ser no capacete, colete ou outro acessório.",PL 1146/2019,"Acrescenta dispositivos à Lei nº 9.537, de 11 de dezembro de 1997, que ""dispõe sobre a segurança do tráfego aquaviário em águas sob jurisdição nacional"", para tornar obrigatório o uso de colete salva-vidas pelos tripulantes e pelos passageiros de embarcação de transporte de passageiro sem cabine habitável ou de moto aquática, empregada em navegação interior, com exceção dos casos previstos e fundamentados pela autoridade marítima.","PROJETO DE LEI No         , DE 2019 
(Do Sr. CARLOS BEZERRA) 
Acrescenta dispositivos à Lei nº 
9.537, de 11 de dezembro de 1997, que 
“dispõe sobre a segurança do tráfego 
aquaviário em águas sob jurisdição 
nacional”, para tornar obrigatório o uso de 
colete salva-vidas pelos tripulantes e pelos 
passageiros de embarcação de transporte 
de passageiro sem cabine habitável ou de 
moto aquática, empregada em navegação 
interior, com exceção dos casos previstos 
e fundamentados pela autoridade marítima. 
O Congresso Nacional decreta: 
Art. 1º Esta lei acrescenta dispositivos à Lei nº 9.537, de 
",0.0
49,1,"Elaborar projeto de lei para estabelecer identificação do motociclista e passageiro.
Pode ser no capacete, colete ou outro acessório.",PL 6009/2005,"Acrescenta parágrafo único aos arts. 54 e 55 da Lei nº 9.503, de 23 de setembro de 1997, que institui o Código de Trânsito Brasileiro.","PROJETO DE LEI Nº        /2005
(Do Sr. JOÃO CALDAS)
Acrescenta parágrafo único aos arts. 54 e 55 da Lei nº
9.503, de 23 de setembro de 1997, que institui o Código
de Trânsito Brasileiro.
O Congresso Nacional decreta:
Art. 1º. Os arts. 54 e 55 da Lei nº 9.503, de 23 de setembro de 1997, que
institui o Código de Trânsito Brasileiro, passam a vigorar acrescidos,
respectivamente, dos seguintes parágrafos únicos:
“Art. 54 ..........
..........
Parágrafo único. O capacete de segurança utilizado pelo condutor
identificará externamente, por meio de caracteres gravados na sua parte
traseira, a inscriçã",1.0
50,1,projeto de lei para limitar o juros do cheque especial,PLP 157/2015,"Dispõe sobre a limitação do custo efetivo total de operações de crédito praticas em decorrência da utilização de cartão de crédito e crédito rotativo vinculado à conta corrente (""cheque especial""), e dá outras providências.","PROJETO DE LEI COMPLEMENTAR Nº               , DE 2015 
(Do Sr. Daniel Coelho) 
Dispõe sobre a limitação do custo 
efetivo total de operações de crédito 
praticas em decorrência da utilização de 
cartão de crédito e crédito rotativo vinculado 
à conta corrente (“cheque especial”), e dá 
outras providências. 
O Congresso Nacional decreta: 
Art. 1º Esta Lei Complementar estabelece limites para o 
custo efetivo total (CET) das operações de crédito praticadas em decorrência 
da utilização de cartão de crédito e do crédito rotativo vinculado à conta 
corrente (“cheque especial”).  
Art. 2º O custo ",1.0
50,1,projeto de lei para limitar o juros do cheque especial,PL 4579/2019,Estabelece que a taxa de juros cobrada no cheque especial não pode superar a taxa cobrada em operações de crédito pessoal sem garantia.,"PROJETO DE LEI No       , DE 2019  
(Do Sr. Léo Moraes) 
 
Estabelece que a taxa de juros cobrada no cheque 
especial não pode superar a taxa cobrada em 
operações de crédito pessoal sem garantia. 
 
                     O CONGRESSO NACIONAL decreta: 
 
                     Art. 1o As instituições financeiras não poderão cobrar taxa de juros para 
os empréstimos concedidos na modalidade cheque especial superior à taxa de juros cobrada 
nas operações de empréstimo pessoal. 
                     § 1º A taxa de juros para empréstimo pessoal considerada deverá ser no 
máximo a média das taxas vige",1.0
50,1,projeto de lei para limitar o juros do cheque especial,PDL 764/2019,"Susta a aplicação do artigo 2º da Resolução n.º 4.765, de 27 de novembro de 2019, do Banco Central do Brasil, que dispõe sobre o cheque especial concedido por instituições financeiras em conta de depósitos à vista titulada por pessoas naturais e por microempreendedores individuais (MEI).","CÂMARA DOS DEPUTADOS 
 
 
 
 
PROJETO DE DECRETO LEGISLATIVO Nº       , DE 2019 
(Dos Srs. Rodrigo Agostinho e Célio Studart) 
 
Susta a aplicação do artigo 2º da 
Resolução n.º 4.765, de 27 de novembro de 
2019, do Banco Central do Brasil, que dispõe 
sobre o cheque especial concedido por 
instituições financeiras em conta de depósitos à 
vista titulada por pessoas naturais e por 
microempreendedores individuais (MEI). 
 
 
O Congresso Nacional decreta: 
 
Art. 1º Ficam sustados, nos termos do art. 49, inciso V, da 
Constituição Federal, todos os efeitos do artigo 2º da Resolução n.º 4.765, d",0.5
50,1,projeto de lei para limitar o juros do cheque especial,PLP 529/2018,Dispõe sobre a limitação de juros a duas vezes a meta da taxa Selic.,"PROJETO DE LEI COMPLEMENTAR Nº              , DE 2018 
(Do Sr. MARCO TEBALDI) 
Dispõe sobre a limitação de juros a 
duas vezes a meta da taxa Selic. 
O Congresso Nacional decreta: 
Art. 1º Esta lei limita a cobrança de taxa de juros nas 
operações realizadas no âmbito do sistema financeiro nacional a até duas 
vezes a meta da taxa Selic. 
Art. 2º As taxas de juros cobradas em operações de crédito, 
realizadas no âmbito do sistema financeiro nacional, estão limitadas a duas 
vezes a taxa meta Selic, definida pelo Comitê de Política Monetária do Banco 
Central do Brasil. 
Art. 3º Valores cobrado",1.0
50,1,projeto de lei para limitar o juros do cheque especial,PL 5394/2019,"Ficam as instituições financeiras, ou sociedades de créditos credenciadas, obrigadas a garantir ao usuário ou consumidor, acesso prévio às diversas modalidades de empréstimo ou financiamento, para opção da oferta de crédito menos onerosa.","PROJETO DE LEI Nº ______ DE SETEMBRO DE 2019  
Autoria: Deputado Federal GERVASIO MAIA. PSB/PB 
 
Ficam as instituições financeiras, ou sociedades de 
créditos credenciadas, obrigadas a garantir ao usuário 
ou consumidor, acesso prévio às diversas modalidades 
de empréstimo ou financiamento, para opção da oferta 
de crédito menos onerosa. 
 
O PRESIDENTE DA REPÚBLICA Faço saber que o Congresso Nacional 
decreta e eu sanciono a seguinte Lei: 
Art. 1º - A Instituição Financeira ou Sociedade de Crédito assegurará ao usuário 
conhecimento prévio das diversas modalidades de créditos, com as respect",0.5
50,1,projeto de lei para limitar o juros do cheque especial,PLP 252/2016,"Altera a Lei nº 4.595, de 31 de dezembro de 1964, para limitar a taxa de juros cobrada nas operações de crédito ao consumidor em qualquer modalidade.","PROJETO DE LEI COMPLEMENTAR Nº            , DE 2016 
(Do Sr. MOSES RODRIGUES) 
Altera a Lei nº 4.595, de 31 de 
dezembro de 1964, para limitar a taxa de 
juros cobrada nas operações de crédito ao 
consumidor em qualquer modalidade. 
O Congresso Nacional decreta: 
Art. 1º Esta Lei altera a Lei nº 4.595, de 31 de dezembro 
de 1964, para limitar as taxas de juros cobradas nas operações de crédito ao 
consumidor em qualquer modalidade. 
Art. 2º O artigo 4º da Lei nº 4.595, de 31 de dezembro de 
1964, passa a vigorar acrescido do seguinte parágrafo 8º: 
“Art. 4º ....................................",1.0
50,1,projeto de lei para limitar o juros do cheque especial,PL 3206/2020,"""Limita a cobrança de juros em renegociações de dívidas do cheque especial e do cartão de crédito no período da pandemia COVID 19"".","CÂMARA DOS DEPUTADOS
Gab.Deputado Federal Luizão Goulart
       Republicanos/PR
PROJETO DE LEI Nº          , DE 2020
( Do Sr. Luizão Goulart)
“Limita a cobrança de juros em
renegociações  de  dívidas  do
cheque especial e do cartão de
crédito no período da pandemia
COVID 19.”
O Congresso Nacional decreta:   
Art. 1º Esta Lei limita os valores das taxas juros cobradas pelas
instituições  financeiras  para  operações  de  renegociação  de  dívidas  com  o
cartão  de  crédito  e  cheque  especial,  no  período  de  emergência  de  saúde
pública internacional em virtude da COVID-19.
Art.  2º  No  ",1.0
50,1,projeto de lei para limitar o juros do cheque especial,PL 1393/2011,Proíbe as instituições bancárias  a informarem saldos de contas juntamente com o limite do cheque especial e de outras linhas de crédito ou financiamento que possam ser automaticamente utilizados pelo cliente.,"PROJETO DE LEI Nº      , DE 2011 
(Do Sr. Stefano Aguiar) 
Proíbe as instituições bancárias  a 
informarem saldos de contas juntamente 
com o limite do cheque especial e de outras 
linhas de crédito ou financiamento que 
possam ser automaticamente utilizados pelo 
cliente.  
O Congresso Nacional decreta: 
Art. 1º As instituições integrantes do sistema financeiro 
nacional são proibidas de informar ao cliente o valor de seus saldos em conta-
corrente, de poupança, de investimento e assemelhadas juntamente com o 
valor limite ou disponível do cheque especial, bem como de linhas de crédito 
diret",0.5
50,1,projeto de lei para limitar o juros do cheque especial,PL 836/2020,Suspende a cobrança de juros do cartão de crédito e cheque especial em razão da pandemia do Corona Vírus.,"PROJETO DE LEI Nº          , DE 2020 
(Do Sr. RUY CARNEIRO) 
Suspende a cobrança de juros do 
cartão de crédito e cheque especial em 
razão da pandemia do Corona Vírus. 
 
O Congresso Nacional Decreta: 
Art. 1º Fica estabelecida a suspenção de cobrança de juros em 
cartões de crédito e cheque especial. 
§ Único – Esta regra valerá em períodos de pandemia 
manifestados pela Organização de Mundial de Saúde - MOS. 
Art. Esta lei entra em vigor na data de sua publicação. 
 
JUSTIFICAÇÃO 
Diante das medidas extremamente necessárias de isolamento 
e quarentena para diminuição da curva epidêmica do C",1.0
50,1,projeto de lei para limitar o juros do cheque especial,PL 3684/2020,"Extingue a modalidade de cheque especial evitar a cobrança de juros nesta modalidade de crédito e ainda, determina o fim da cobrança de juros para os cartões de crédito.”","CÂMARA DOS DEPUTADOS
Gabinete do Deputado Alexandre Frota – PSDB/SP
PROJETO DE LEI Nº          , DE 2020
(Do Sr. ALEXANDRE FROTA)
“Extingue a modalidade de cheque  especial evitar
a cobrança de juros nesta modalidade de crédito e
ainda, determina o fim da cobrança de juros  para
os cartões de crédito.”
O Congresso Nacional decreta:
Artigo 1º - As instituições financeiras do país, reguladas pelo Banco Central,
ficam proibidas da cobrança de juros nos produtos cheque especial e cartão de crédito. 
Artigo 2º - Esta lei entrará em vigor na data de sua publicação, revogadas as
disposições em contrá",1.0
51,1,Gratuidade para obtenção da carteira de motorista (CNH) para pessoas de baixa renda. ,PL 536/2019,"Altera a Lei nº 9.503, de 1997, que institui o Código de Trânsito Brasileiro, para dispor sobre a concessão gratuita do documento de habilitação a membros desempregados de famílias de baixa renda.","C Â M A R A   D O S   D E P U T A D O S 
 
 
 
 
 
 
 
PROJETO DE LEI Nº          , DE 2019 
(Do Sr. Juscelino Filho) 
 
 
 
 
 
 
 
 
“Altera a Lei nº 9.503, de 1997, que institui o 
Código de Trânsito Brasileiro, para dispor sobre a 
concessão gratuita do documento de habilitação a 
membros desempregados de famílias de baixa renda.”  
 
 
O Congresso Nacional decreta: 
 
 
Art. 1º Esta Lei altera a Lei nº 9.503, de 23 de setembro de 1997, que institui o Código 
de Trânsito Brasileiro, para permitir a concessão do documento de habilitação de forma 
gratuita a membros desempregados de famílias",1.0
51,1,Gratuidade para obtenção da carteira de motorista (CNH) para pessoas de baixa renda. ,PL 1469/2007,"Altera a Lei nº 9.503, de 23 de setembro de 1997, para dispor sobre a gratuidade na obtenção da Carteira Nacional de Habilitação.","PROJETO DE LEI Nº         , DE 2007 
(Do Sr. Cristiano Matheus) 
Altera a Lei nº 9.503, de 23 de 
setembro de 1997, para dispor sobre a 
gratuidade na obtenção da Carteira 
Nacional de Habilitação.   
O Congresso Nacional decreta: 
Art. 1º Esta lei acrescenta dispositivo na Lei nº 9.503, de 
23 de setembro de 1997, que “Institui o Código de Trânsito Brasileiro”, para 
dispor sobre a gratuidade na obtenção da Carteira Nacional de Habilitação, 
beneficiando as pessoas carentes desempregadas há mais de dois anos. 
Art. 2º Fica acrescido o seguinte  §6º ao art. 148 da Lei nº 
9.503, de 23 de setem",1.0
51,1,Gratuidade para obtenção da carteira de motorista (CNH) para pessoas de baixa renda. ,PL 3904/2019,Institui o Programa CNH Social no âmbito Nacional.,"CÂMARA DOS DEPUTADOS 
PROJETO DE LEI Nº           , DE 2019. 
(Do Sr. BOCA ABERTA) 
 
 
 
Institui o Programa CNH Social no 
âmbito Nacional. 
 
O Congresso Nacional decreta: 
Art. 1º Fica instituído o Programa CNH Social, destinado às 
pessoas de baixa renda, com a finalidade de possibilitar o acesso gratuito 
aos serviços de habilitação para conduzir veículos automotores.  
Parágrafo único. Consideram-se de baixa renda, para os fins 
desta Lei, as pessoas com renda familiar mensal de até três salários 
mínimos, que estejam desempregadas há mais de um ano ou inscritas no 
Cadastro Único para ",1.0
51,1,Gratuidade para obtenção da carteira de motorista (CNH) para pessoas de baixa renda. ,PL 6367/2019,"Altera a Lei nº 9.503, de 23 de setembro de 1997, que institui o Código de Trânsito Brasileiro, para instituir a categoria de habilitação S - Simplificada.","PROJETO DE LEI Nº          , DE 2019 
(Do Sr. WALTER ALVES) 
Altera a Lei nº 9.503, de 23 de setembro de 
1997, que institui o Código de Trânsito Brasileiro, 
para instituir a categoria de habilitação S – 
Simplificada. 
O Congresso Nacional decreta: 
Art. 1º Esta Lei altera a Lei nº 9.503, de 23 de setembro de 1997, 
que institui o Código de Trânsito Brasileiro, para instituir a categoria de habilitação S 
– Simplificada. 
Art. 2º A Lei no 9.503, de 1997, passa a vigorar com as seguintes 
alterações: 
“Art. 143. Os candidatos poderão habilitar-se nas seguintes 
categorias: 
..................",0.0
51,1,Gratuidade para obtenção da carteira de motorista (CNH) para pessoas de baixa renda. ,PL 5506/2019,"Estabelece a gratuidade para documentos obrigatórios e altera a Lei nº 6.015, de 31 de setembro de 1973, a Lei nº 13.445, de 13 de maio de 2017, e o Decreto nº 5.978, de 4 de dezembro de 2006.","Projeto de Lei nº           de 2019 
(do Sr. Fábio Henrique) 
 
Estabelece a gratuidade para 
documentos obrigatórios e altera a Lei 
nº 6.015, de 31 de setembro de 1973, 
a Lei nº 13.445, de 13 de maio de 
2017, e o Decreto nº 5.978, de 4 de 
dezembro de 2006. 
 
 
O CONGRESSO NACIONAL decreta:  
Art. 1º Os documentos obrigatórios para Pessoa Física serão 
fornecidos de forma gratuita, nos termos desta Lei. 
Art. 2º Entendem-se por obrigatórios os seguintes 
documentos: 
I – Carteira de Identidade (Registro Geral de Pessoa Física);  
II – Cadastro de Pessoa Física (CPF) junto à Receita Federa",0.5
51,1,Gratuidade para obtenção da carteira de motorista (CNH) para pessoas de baixa renda. ,PL 1432/2015,"Acrescenta o § 6º ao art. 147 da Lei nº 9.503, de 23 de setembro de 1997, que instituiu o Código de Trânsito Brasileiro para dispor sobre isenção de taxa de renovação de CNH para motorista de ônibus.","PROJETO DE LEI Nº           , DE 2015 
(Do Sr. Marcelo Belinati) 
 
 
 
Acrescenta o § 6º ao art. 147 da Lei nº 9.503, de 
23 de setembro de 1997, que instituiu o Código 
de Trânsito Brasileiro para dispor sobre isenção 
de taxa de renovação de CNH para motorista de 
ônibus. 
 
 
O Congresso Nacional decreta: 
 
Art. 1º O art. 147 da Lei nº 9.503, de 23 de setembro de 1997, que 
instituiu o Código de Trânsito Brasileiro, passa a vigorar acrescido do § 6º, com a seguinte 
redação: 
 
“Art. 147........................................................ 
 
  V - .....................................",0.0
51,1,Gratuidade para obtenção da carteira de motorista (CNH) para pessoas de baixa renda. ,PL 4167/2021,"Institui o Programa Popular de Formação, Educação, Qualificação e Habilitação Profissional de Condutores de Veículos Automotores, cuja finalidade é possibilitar o acesso das pessoas de baixo poder aquisitivo, gratuitamente, à obtenção da primeira Carteira Nacional de Habilitação - CNH, ‘’CNH POPULAR’’","CÂMARA DOS DEPUTADOS                                        
 
   PROJETO DE LEI Nº ________ de 2021 
   ( Do Sr Deputado José Airton Félix Cirilo) 
 
“Institui o Programa Popular de Formação, 
Educação, Qualificação e Habilitação 
Profissional de Condutores de Veículos 
Automotores, cuja finalidade é possibilitar o 
acesso das pessoas de baixo poder aquisitivo, 
gratuitamente, à obtenção da primeira Carteira 
Nacional de Habilitação – CNH, ‘’CNH 
POPULAR’’ 
 
O Congresso Nacional Decreta: 
 
Art. 1º Art. 1o Fica instituído, vinculado ao Ministério da Infraestrutura, por 
intermédio do Departa",1.0
51,1,Gratuidade para obtenção da carteira de motorista (CNH) para pessoas de baixa renda. ,PL 2606/2020,"Altera a Lei nº 9.503, 23 de setembro de 1997, Código de Trânsito Brasileiro, para tornar facultativa a realização de aulas teóricas e práticas em autoescolas para obtenção da CNH nas categorias ""A"" e ""B"".","CÂMARA DOS DEPUTADOS
PROJETO DE LEI n.º        , DE 2020.
(Do Senhor Eduardo da Fonte)
Altera a Lei nº 9.503, 23 de setembro
de 1997, Código de Trânsito Brasileiro,
para tornar facultativa a realização de
aulas  teóricas  e  práticas  em
autoescolas  para  obtenção  da  CNH
nas categorias “A” e “B”. 
O Congresso Nacional decreta:
Art. 1º. O art. 155 da Lei nº 9.503, de 23 de setembro de 1997,
Código de Trânsito Brasileiro, passa a vigorar acrescido da seguinte redação:
“Art. 155. A formação de condutor de veículo automotor e
elétrico  será realizada  por  instrutor  autorizado  pelo  órgão
e",0.0
51,1,Gratuidade para obtenção da carteira de motorista (CNH) para pessoas de baixa renda. ,PL 5445/2005,"Altera a Lei nº 9.503, de 23 de setembro de 1997 (Código de Trânsito Brasileiro), instituindo a gratuidade para emissão e renovação de habilitação para condução de veículo automotor, para membros de família com renda mensal inferior a dois salários mínimos, e dá outras providências.","PROJETO DE LEI Nº ..............., DE 2005
(Do Sr. GIVALDO CARIMBÃO)
Altera a Lei nº 9.503, de 23 de
setembro de 1997 (Código de Trânsito
Brasileiro), instituindo a gratuidade
para emissão e renovação de
habilitação para condução de veículo
automotor, para membros de família
com renda mensal inferior a dois
salários mínimos, e dá outras
providências.
O CONGRESSO NACIONAL decreta:
Art. 1º - A Lei nº 9.503, de 23 de setembro de 1997, que institui o
Código de Trânsito Brasileiro, passa a vigorar acrescida do seguinte artigo:
Art. 143-A – Aos candidatos a obtenção da
Carteira Nacional de Habilitaç",1.0
51,1,Gratuidade para obtenção da carteira de motorista (CNH) para pessoas de baixa renda. ,PL 10263/2018,"Acrescenta o artigo 253-B à Lei nº 9.503 de 23 de setembro de 1997, que institui o Código de Trânsito Brasileiro, para prever a infração de omitir ou negar doença preexistente capaz de alterar o estado de consciência do condutor no ato de obtenção ou renovação da Carteira Nacional de Habilitação.","PROJETO DE LEI NO            , DE 2018 
(Do Sr. Célio Silveira) 
 
Acrescenta o artigo 253-B à Lei nº 
9.503 de 23 de setembro de 1997, que institui 
o Código de Trânsito Brasileiro, para prever 
a infração de omitir ou negar doença 
preexistente capaz de alterar o estado de 
consciência do condutor no ato de obtenção 
ou renovação da Carteira Nacional de 
Habilitação.  
 
O Congresso Nacional decreta: 
Art. 1o Esta Lei acresce o artigo 253-B à Lei nº 9.503, de 
23 de setembro de 1997, que institui o Código de Trânsito Brasileiro, para prever 
a infração de omitir ou negar doença preexistente ",0.0
52,1,Projeto de lei para adicionar a disciplina da educação moral e cívica na grade escolar do ensino fundamental,PL 5072/2005,"Dispõe sobre a inclusão das disciplinas de Informática, Educação para a Saúde, Educação Moral e Cívica e Educação Ambiental na grade curricular das escolas de ensino fundamental e médio.","PROJETO DE LEI Nº       DE 2005
(Do Sr. Carlos Nader)
Dispõe sobre a inclusão das disciplinas de
Informática, Educação para a Saúde,
Educação Moral e Cívica e Educação
Ambiental na grade curricular das escolas
de ensino fundamental e médio.
O Congresso Nacional decreta:
Artigo 1º - Ficam obrigadas as escolas de ensino
fundamental e médio, a acrescentar na grade curricular as disciplinas de
Informática, Educação para a Saúde, Educação Moral e Cívica e Educação
Ambiental.
Artigo 2º - O Diretor da Escola, a seu critério, poderá
convidar professores, médicos e técnicos especializados para
desenvol",1.0
52,1,Projeto de lei para adicionar a disciplina da educação moral e cívica na grade escolar do ensino fundamental,PL 8298/2014,"Acrescenta o § 10º ao art. 26 da Lei nº 9.394, de 20 de dezembro de 1996, que estabelece as diretrizes e bases da educação nacional, para incluir, nos currículos do ensino fundamental e médio, Educação Cívica.","PROJETO DE LEI Nº                        , DE 2014   
            
(Da Sra. Jaqueline Roriz) 
Acrescenta o § 10º ao art. 26 da Lei 
nº 9.394, de 20 de dezembro de 1996, que 
estabelece as diretrizes e bases da 
educação nacional, para incluir, nos 
currículos do ensino fundamental e médio, 
Educação Cívica. 
O Congresso Nacional decreta: 
Art. 1º O art. 26 da Lei nº 9.394, de 20 de dezembro de 1996, 
passa a vigorar acrescido do seguinte § 8º. 
“Art. 26................................................................................ 
.............................................................",1.0
52,1,Projeto de lei para adicionar a disciplina da educação moral e cívica na grade escolar do ensino fundamental,INC 5583/2018,Sugere a inclusão da disciplina Educação Moral e Cívica no currículo do ensino fundamental.,"REQUERIMENTO  
(Do Sr. Marcos Soares) 
Requer o envio de Indicação ao Poder 
Executivo, para sugerir a inclusão da 
disciplina Educação Moral e Cívica no 
currículo do ensino fundamental. 
Senhor Presidente: 
Nos termos do art. 113, inciso I e § 1º, do Regimento Interno da 
Câmara dos Deputados, requeiro a V. Exª. seja encaminhada ao Poder 
Executivo a Indicação anexa, sugerindo a inclusão da disciplina Educação 
Moral e Cívica no currículo do ensino fundamental. 
Sala das Sessões, em        de agosto de 2018. 
 
 
Deputado MARCOS SOARES 
 
 
INDICAÇÃO Nº              , DE 2018 
(Do Sr. Marcos",1.0
52,1,Projeto de lei para adicionar a disciplina da educação moral e cívica na grade escolar do ensino fundamental,INC 5625/2018,Sugere a inclusão da disciplina Inteligência Emocional e Meditação no currículo do ensino fundamental.,"Câmara dos Deputados 
Gabinete do Deputado Federal Heuler Cruvinel 
 
 
INDICAÇÃO Nº       , DE 2018 
 (Do Sr. Heuler Cruvinel) 
   
Sugere a inclusão da disciplina 
Inteligência Emocional e Meditação 
no currículo do ensino fundamental.  
 
 
Excelentíssimo Senhor Ministro da Educação, 
 
Uma das mais relevantes finalidades da educação escolar, 
conforme o disposto na Constituição Federal e na Lei de Diretrizes e Bases da 
Educação Nacional, é a formação para o exercício da cidadania. 
Segundo Norberto Bobbio, consagrado filósofo político italiano, 
 
“O ideal democrático, supõe cidadãos aten",0.5
52,1,Projeto de lei para adicionar a disciplina da educação moral e cívica na grade escolar do ensino fundamental,PL 5960/2013,"Altera a Lei nº 9.394, de 20 de dezembro de 1996, acrescentando o § 8º ao art. 26, para incluir a Organização Social e Política do Brasil e a Educação Moral e Cívica como disciplinas obrigatórias no ensino fundamental e médio.","1 
 
  
  
 *
A
E
3
D
C
B
B
3
0
9
*
 
  
  
 A
E
3
D
C
B
B
3
0
9
 
PROJETO DE LEI Nº      , DE 2013 
(Do Sr. Valtenir Pereira) 
Altera a Lei nº 9.394, de 20 de dezembro de 
1996, acrescentando o § 8º ao art. 26, para 
incluir a Organização Social e Política do 
Brasil e a Educação Moral e Cívica como 
disciplinas obrigatórias no ensino 
fundamental e médio.  
O Congresso Nacional decreta: 
Art. 1º O art. 26 da Lei nº 9.394, de 20 de dezembro de 
1996, que estabelece as diretrizes e bases da educação nacional passa a 
vigorar acrescido do seguinte § 8º: 
“Art. 26. ..............................",1.0
52,1,Projeto de lei para adicionar a disciplina da educação moral e cívica na grade escolar do ensino fundamental,PL 5985/2016,"Altera a redação dos arts. 32 e 36 da Lei nº 9.394, de 20 de dezembro de 1996 (Lei de Diretrizes e Bases da Educação Nacional), para incluir, nos currículos dos ensinos fundamental e médio, a disciplina de Educação Moral e Cívica.","CÂMARA DOS DEPUTADOS 
DEPUTADO FEDERAL CABO DACIOLO (PTDOB/RJ)  
 
 
Deputado Federal CABO DACIOLO 
Câmara dos Deputados – Anexo IV – Gabinete 803 
E-mail: dep.cabodaciolo@camara.leg.br 
Fone: (61) 3215-5803 / (61) 3215- 3803 / Fax: (61) 3215-2803 
 
 
PROJETO DE LEI Nº                             , DE 2016 
(Do Sr. Cabo Daciolo) 
 
Altera a redação dos arts. 32 e 36 da 
Lei nº 9.394, de 20 de dezembro de 
1996 (Lei de Diretrizes e Bases da 
Educação Nacional), para incluir, nos 
currículos dos ensinos fundamental e 
médio, a disciplina de Educação Moral e 
Cívica.  
 
O CONGRESSO NACIONAL dec",1.0
52,1,Projeto de lei para adicionar a disciplina da educação moral e cívica na grade escolar do ensino fundamental,PL 542/2015,"Altera a Lei nº 9.394, de 20 de dezembro de 2006, que estabelece as diretrizes e bases da educação nacional e dá outras providências.","PROJETO DE LEI Nº .................., DE 2015 
(Do Sr. William Woo) 
 
 
 
Altera a Lei nº 9.394, de 20 de 
dezembro de 2006, que estabelece as 
diretrizes e bases da educação 
nacional e dá outras providências. 
 
 
 
 
O Congresso Nacional decreta: 
 
Art. 1º Altera o § 5º ao art. 32 da Lei nº 9.394, de 20 de dezembro de 
2006: 
 
“Art. 32 ............................................................................... 
............................................................................................. 
 
§ 5º O currículo do ensino fundamental incluirá, obrigatoriamente, 
conteúdo q",0.5
52,1,Projeto de lei para adicionar a disciplina da educação moral e cívica na grade escolar do ensino fundamental,PL 911/2021,"Altera o art. 26 da Lei nº 9.394, de 20 de dezembro de 1996 (Lei de Diretrizes e Bases da Educação Nacional)","PROJETO DE LEI Nº          , DE 2021 
(Da Sra. DANIELA DO WAGUINHO) 
Altera o art. 26 da Lei nº 9.394, de 20 de 
dezembro de 1996 (Lei de Diretrizes e Bases 
da Educação Nacional) 
O Congresso Nacional decreta: 
Art. 1º O art. 26 da Lei nº 9.394, de 20 de dezembro de 1996 (Lei 
de Diretrizes e Bases da Educação Nacional), passa a vigorar acrescido do 
seguinte §9º-B:  
“Art. 26.................................................................................. 
............................................................................................. 
§9º-B. O tema educação cívica e moral ser",0.5
52,1,Projeto de lei para adicionar a disciplina da educação moral e cívica na grade escolar do ensino fundamental,PL 7877/2010,"Altera a Lei nº 9.394, de 20 de dezembro de 2006, que estabelece as diretrizes e bases da educação nacional e dá outras providências.","PROJETO DE LEI Nº .................., DE 2010 
(Do Sr. William Woo) 
Altera a Lei nº 9.394, de 20 de 
dezembro de 2006, que estabelece as 
diretrizes e bases da educação nacional e 
dá outras providências. 
O Congresso Nacional decreta: 
Art. 1º Altera o § 5º ao art. 32 da Lei nº 9.394, de 20 de 
dezembro de 2006: 
“Art. 32 ............................................................................... 
............................................................................................. 
§ 5º O currículo do ensino fundamental incluirá, obrigato-
riamente, conteúdo que trate de: 
I - e",0.5
52,1,Projeto de lei para adicionar a disciplina da educação moral e cívica na grade escolar do ensino fundamental,INC 1699/2011,"Sugere ao Senhor Ministro da Educação a  reinclusão, nos currículos da educação básica, a partir do primeiro ano do ensino fundamental, da disciplina Educação Moral e Cívica.","REQUERIMENTO 
 (Do Sr. Pastor Marco Feliciano) 
Requer o envio de Indicação ao 
Poder Executivo, relativa à reinclusão, nos 
currículos da educação básica, a partir do 
primeiro ano do ensino fundamental, da 
disciplina Educação Moral e Cívica.    
Senhor Presidente: 
Nos termos do art. 113, inciso I e § 1º, do Regimento 
Interno da Câmara dos Deputados, requeiro a Vossa Excelência seja 
encaminhada ao Poder Executivo a Indicação anexa, sugerindo a reinclusão, 
nos currículos da educação básica, a partir do primeiro ano do ensino 
fundamental, da disciplina Educação Moral e Cívica.   
Sala das",1.0
53,1,Aumentar a pena do crime de maus-tratos aos animais.,PL 561/2019,"Altera o art. 32 da Lei nº 9.605, de 12 de fevereiro de 1998, parar aumentar a pena prevista para o crime de Praticar ato de abuso, maus-tratos, ferir ou mutilar animais silvestres, domésticos ou domesticados, nativos ou exóticos.","PROJETO DE LEI Nº  /2019 
(Do Sr. Delegado Waldir) 
  
 
 
 
       Altera o art. 32 da Lei nº 9.605, de 12 
de fevereiro de 1998, parar aumentar a 
pena prevista para o crime de Praticar 
ato de abuso, maus-tratos, ferir ou 
mutilar animais silvestres, domésticos ou 
domesticados, nativos ou exóticos. 
 
 
 
O Congresso Nacional decreta:  
 
Art. 1º Esta lei altera a pena prevista no art. 32 da Lei nº 9.605, de 12 
de fevereiro de 1998 para aumentar a pena prevista para o crime de Praticar ato 
de abuso, maus-tratos, ferir ou mutilar animais silvestres, domésticos ou 
domesticados, nativos ou",1.0
53,1,Aumentar a pena do crime de maus-tratos aos animais.,PL 371/2020,"Altera o art. 32 da Lei nº 9.605, de 12 de fevereiro de 1998, que ""dispõe sobre as sanções penais e administrativas derivadas de condutas e atividades lesivas ao meio ambiente, e dá outras providências"", para aumentar a pena do crime de maus-tratos contra animais.","PROJETO DE LEI Nº          , DE 2020 
(Do Sr. ALEXANDRE FROTA) 
Altera o art. 32 da Lei nº 9.605, de 12 
de fevereiro de 1998, que “dispõe sobre as 
sanções penais e administrativas derivadas 
de condutas e atividades lesivas ao meio 
ambiente, e dá outras providências”, para 
aumentar a pena do crime de maus-tratos 
contra animais. 
O Congresso Nacional decreta: 
Art. 1º Esta Lei altera o art. 32 da Lei nº 9.605, de 12 de 
fevereiro de 1998, que “dispõe sobre as sanções penais e administrativas 
derivadas de condutas e atividades lesivas ao meio ambiente, e dá outras 
providências”, para aume",1.0
53,1,Aumentar a pena do crime de maus-tratos aos animais.,PL 1095/2019,"Altera a Lei nº 9.605, de 12 de fevereiro de 1998 para estabelecer pena de reclusão a quem praticar ato de abuso, maus-tratos, ferir ou mutilar animais silvestres, domésticos ou domesticados, nativos ou exóticos; e instituir penas para estabelecimentos comerciais ou rurais que concorrerem para a prática do crime.

NOVA EMENTA: Altera a Lei nº 9.605, de 12 de fevereiro de 1998, para aumentar as penas cominadas ao crime de maus-tratos aos animais quando se tratar de cão ou gato.","CÂMARA DOS DEPUTADOS 
PROJETO DE LEI N.º               DE 2019 
 (Do Senhor Fred Costa)  
  
Altera a Lei nº 9.605, de 12 de fevereiro de 
1998 para estabelecer pena de reclusão a 
quem praticar ato de abuso, maus-tratos, 
ferir ou mutilar animais silvestres, 
domésticos ou domesticados, nativos ou 
exóticos; e instituir penas para 
estabelecimentos comerciais ou rurais que 
concorrerem para a prática do crime.  
 
O Congresso Nacional decreta: 
Art. 1º O art. 32 da Lei nº 9.605, de 12 de fevereiro de 1998, passa a vigorar 
com a seguinte redação:  
“Art. 32. Praticar ato de abuso, maus-tratos",0.5
53,1,Aumentar a pena do crime de maus-tratos aos animais.,PL 8044/2017,"Altera o artigo 32 da Lei nº 9.605, de 12 fevereiro de 1998, que dispõe sobre as sanções penais e administrativas derivadas de condutas e atividades lesivas ao meio ambiente, e dá outras providências, para agravar a pena do crime de maus tratos aos animais e tipificar o crime de zoofilia ou bestialidade e altera o artigo 1º da Lei nº 8.072, de 25 de julho de 1990, que dispõe sobre os crimes hediondos, para tornar hediondo o crime de zoofilia ou bestialidade.","CÂMARA DOS DEPUTADOS 
 
 
 
PROJETO DE LEI Nº        , DE 2017 
(Da Sr. Ricardo Izar) 
 
Altera o artigo 32 da Lei nº 9.605, de 12 
fevereiro de 1998, que dispõe sobre as 
sanções penais e administrativas 
derivadas de condutas e atividades 
lesivas ao meio ambiente, e dá outras 
providências, para agravar a pena do 
crime de maus tratos aos animais e 
tipificar o crime de zoofilia ou 
bestialidade e altera o artigo 1º da Lei nº 
8.072, de 25 de julho de 1990, que 
dispõe sobre os crimes hediondos, para 
tornar hediondo o crime de zoofilia ou 
bestialidade.  
O Congresso Nacional decreta: 
Art",1.0
53,1,Aumentar a pena do crime de maus-tratos aos animais.,PL 3318/2012,"Altera o caput do art. 32 da Lei nº 9.605, de 12 de fevereiro de 1998.","PROJETO DE LEI No          , DE 2012 
(Do Sr. Sandes Junior) 
Altera o caput do art. 32 da Lei no 
9.605, de 12 de fevereiro de 1998. 
O Congresso Nacional decreta: 
Art. 1o Esta Lei altera o caput do art. 32 da Lei no 9.605, 
de 12 de fevereiro de 1998, para aumentar as penas de detenção abstratas 
mínima e máxima previstas para o crime ali tipificado. 
Art. 2o O art. 32 da Lei no 9.605, de 12 de fevereiro de 
1998, passa a vigorar com a seguinte redação: 
“Art. 32. Praticar ato de abuso, maus-tratos, ferir ou 
mutilar animais silvestres, domésticos ou domesticados, 
nativos ou exóticos: 
Pen",1.0
53,1,Aumentar a pena do crime de maus-tratos aos animais.,PL 1916/2021,"Aumenta as penas do crime de maus-tratos contra os animais, inserto no art. 32 da Lei nº 9.605, de 12 de fevereiro de 1998.","PROJETO DE LEI Nº          , DE 2021
(Do Sr. GUSTAVO FRUET)
Aumenta as penas do crime de maus-
tratos contra os animais, inserto no art. 32 da
Lei nº 9.605, de 12 de fevereiro de 1998.
O Congresso Nacional decreta:
Art.  1º  Esta Lei  aumenta as penas do crime de maus-tratos
contra os animais, inserto no art.  32 da Lei nº 9.605, de 12 de fevereiro de
1998.
Art. 2º O art. 32 da Lei nº 9.605, de 12 de fevereiro de 1998,
passa a vigorar com a seguinte redação: 
“Art. 32. .......................................................................
Pena - reclusão, de um a quatro anos, e multa.
.......",1.0
53,1,Aumentar a pena do crime de maus-tratos aos animais.,PL 5224/2020,"Altera o art. 99 da Lei nº 10.741, de 1º de outubro de 2003, que ""dispõe sobre o Estatuto do Idoso e dá outras providências"".","PROJETO DE LEI Nº          , DE 2020
(Do Sr. LUIS MIRANDA)
Altera o art. 99 da Lei nº 10.741, de 1º
de  outubro  de  2003,  que  “dispõe  sobre  o
Estatuto do Idoso e dá outras providências”.
O Congresso Nacional decreta:
Art.  1º  Esta  Lei  altera  o art.  99  da Lei  nº  10.741,  de 1º  de
outubro  de  2003,  que  “dispõe  sobre  o  Estatuto  do  Idoso  e  dá  outras
providências”, para aumentar a pena do crime de maus-tratos contra pessoa
idosa.
Art. 2º O art. 99 da  Lei nº 10.741, de 1º de outubro de 2003,
passa a vigorar com a seguinte redação:
“Art. 99. .................................",0.0
53,1,Aumentar a pena do crime de maus-tratos aos animais.,PL 1049/2019,"Altera o artigo 136 e parágrafos, do Decreto Lei número 2.848, de 7 de dezembro de 1940 (Código Penal), para aumentar a pena prevista para o crime de maus-tratos.","CÂMARA DOS DEPUTADOS 
Gabinete do Deputado Federal KIM KATAGUIRI 
 
Praça dos Três Poderes - Câmara dos Deputados 
Anexo IV, 4º andar, gabinete 421 
CEP 70160-900 - Brasília-DF 
 
 
PROJETO DE LEI Nº , DE 2019 
do Deputado Federal KIM KATAGUIRI 
 
 
Altera o artigo 136 e parágrafos, do Decreto Lei 
número 2.848, de 7 de dezembro de 1940 (Código 
Penal), para aumentar a pena prevista para o 
crime de maus-tratos. 
 
 
O Congresso Nacional decreta: 
 
 
Art. 1º O artigo 136, do Decreto Lei número 2.848/40 (Código 
Penal), passa a vigorar com a seguinte redação: 
 
“Art. 136  ....................",1.0
53,1,Aumentar a pena do crime de maus-tratos aos animais.,PL 269/2019,"Altera a Lei nº 9.605, de 12 fevereiro de 1998, a fim de agravar a pena do crime de maus-tratos de animais e tipificar o crime de abandono de animais.","PROJETO DE LEI Nº , DE 2019 
(Do Sr. Celio Studart) 
O Congresso Nacional decreta: 
Altera a Lei nº 9.605, de 12 de 
fevereiro de 1998, a fim de agravar a 
pena do crime de maus-tratos de 
animais e tipificar o crime de 
abandono de animais. 
Art. 1 º Esta Lei altera o art. 32 da Lei nº 9.605, de 12 de fevereiro de 1998, para 
agravar a pena de quem praticar ato de abuso, consistente em maus-tratos ou 
mutilação de animais silvestres, domésticos ou domesticados, nativos ou 
exóticos, bem como tipifica o crime de abandono de animais. 
Art. 2° O art. 32 da Lei nº 9.605, de 12 de fevereiro de 199",1.0
53,1,Aumentar a pena do crime de maus-tratos aos animais.,PL 1069/2022,"Altera o art. 32 da Lei nº 9.605, de 12 de fevereiro de 1998, para aumentar as penas do crime de maus-tratos aos animais; e o art. 1º da Lei nº 8.072, de 25 de julho de 1990, para incluir o referido crime no rol dos crimes hediondos.","PROJETO DE LEI Nº          , DE 2022
(Do Sr. NILTO TATTO)
Altera o art. 32 da Lei nº 9.605, de 12 
de fevereiro de 1998, para aumentar as 
penas do crime de maus-tratos aos animais; 
e o art. 1º da Lei nº 8.072, de 25 de julho de 
1990, para incluir o referido crime no rol dos 
crimes hediondos.
O Congresso Nacional decreta:
Art. 1º Esta Lei altera o art. 32 da Lei nº 9.605, de 12 de 
fevereiro de 1998, para aumentar as penas do crime de maus-tratos aos 
animais; e o art. 1º da Lei nº 8.072, de 25 de julho de 1990, para incluir o 
referido crime no rol dos crimes hediondos.
Art. 2º O art. 32 d",1.0
54,1,Gostaria que fosse analisada a viabilidade da apresentação de um projeto para incluir a totalidade do Estado do Espírito Santo no âmbito de atuação da Superintendência do Desenvolvimento do Nordeste,PLP 403/2008,"Modifica o art. 2º da Lei Complementar nº 125, de 2007.","PROJETO DE LEI COMPLEMENTAR Nº       , DE 2008 
(Do Sr. Neucimar Fraga) 
 
Modifica o art. 2º da Lei 
Complementar nº 125, de 2007. 
O Congresso Nacional decreta: 
Art. 1º A presente Lei Complementar modifica o art. 2º da 
Lei Complementar nº 125, de 2007, que “institui, na forma do art. 43 da 
Constituição Federal, a Superintendência do Desenvolvimento do Nordeste - 
Sudene; estabelece sua composição, natureza jurídica, objetivos, áreas de 
atuação, instrumentos de ação; altera a Lei nº 7.827, de 27 de setembro de 
1989, e a Medida Provisória nº 2.156, de 24 de agosto de 2001; revoga a Lei 
C",0.5
54,1,Gostaria que fosse analisada a viabilidade da apresentação de um projeto para incluir a totalidade do Estado do Espírito Santo no âmbito de atuação da Superintendência do Desenvolvimento do Nordeste,PLP 106/2015,"Altera o art. 2º da Lei Complementar nº 125, de 03 de janeiro de 2007, incluindo municípios da bacia do vale do rio Doce, no Estado do Espírito Santo, na área de atuação da Sudene - Superintendência do Desenvolvimento do Nordeste.","PROJETO DE LEI COMPLEMENTAR NO        , DE 2015 
(Do Sr. Evair de Melo) 
Altera o art. 2º da Lei Complementar 
nº 125, de 03 de janeiro de 2007, incluindo 
municípios da bacia do vale do rio Doce, no 
Estado do Espírito Santo, na área de 
atuação da Sudene – Superintendência do 
Desenvolvimento do Nordeste.  
O Congresso Nacional decreta: 
Art. 1° Esta Lei Complementar altera o art. 2º da Lei 
Complementar nº 125, de 03 de janeiro de 2007, para incluir todos os 
municípios do vale do rio Doce, no Estado do Espírito Santo, na área de 
jurisdição da Sudene – Superintendência do Desenvolvimento d",0.5
54,1,Gostaria que fosse analisada a viabilidade da apresentação de um projeto para incluir a totalidade do Estado do Espírito Santo no âmbito de atuação da Superintendência do Desenvolvimento do Nordeste,PLP 103/2015,"Altera o art. 2º da Lei Complementar nº 125, de 03 de janeiro de 2007, incluindo municípios da bacia do vale do rio Doce, no Estado do Espírito Santo, na área de atuação da Sudene - Superintendência do Desenvolvimento do Nordeste.","PROJETO DE LEI COMPLEMENTAR NO        , DE 2015 
(Do Sr. Evair de Melo) 
Altera o art. 2º da Lei Complementar 
nº 125, de 03 de janeiro de 2007, incluindo 
municípios da bacia do vale do rio Doce, no 
Estado do Espírito Santo, na área de 
atuação da Sudene – Superintendência do 
Desenvolvimento do Nordeste.  
O Congresso Nacional decreta: 
Art. 1° Esta Lei Complementar altera o art. 2º da Lei 
Complementar nº 125, de 03 de janeiro de 2007, para incluir todos os 
municípios do vale do rio Doce, no Estado do Espírito Santo, na área de 
jurisdição da Sudene – Superintendência do Desenvolvimento d",0.5
54,1,Gostaria que fosse analisada a viabilidade da apresentação de um projeto para incluir a totalidade do Estado do Espírito Santo no âmbito de atuação da Superintendência do Desenvolvimento do Nordeste,PL 5846/2013,"Altera a Lei nº 10.420, de abril de 2002, que cria o Fundo Garantia-Safra e institui o Benefício Garantia-Safra, destinado a agricultores familiares vitimados pelo fenômeno da estiagem nas regiões que especifica, para incluir a área de atuação da Superintendência do Desenvolvimento da Amazônia - SUDAM.","1 
   
  *
0
3
C
F
0
E
7
5
0
8
*
 
  
  
 0
3
C
F
0
E
7
5
0
8
 
 
PROJETO DE LEI N°             , DE 2013 
(Do Sr. Francisco Praciano) 
 
Altera a Lei n. 10.420, de abril de 2002, 
que cria o Fundo Garantia-Safra e institui 
o Benefício Garantia-Safra, destinado a 
agricultores familiares vitimados pelo 
fenômeno da estiagem nas regiões que 
especifica, para incluir a área de atuação 
da Superintendência do Desenvolvimento 
da Amazônia – SUDAM. 
 
O Congresso Nacional decreta: 
Art. 1 º A Lei n. 10.420, de 10 de abril de 2002, passa a vigorar 
com as seguintes alterações: 
“Art. 1º É criado o ",0.0
54,1,Gostaria que fosse analisada a viabilidade da apresentação de um projeto para incluir a totalidade do Estado do Espírito Santo no âmbito de atuação da Superintendência do Desenvolvimento do Nordeste,PLP 98/2021,"Altera a Lei Complementar nº 125, de 3 de janeiro de 2007, para incluir os Municípios do Estado do Espírito Santo na área de atuação da Superintendência do Desenvolvimento do Nordeste (SUDENE).","PROJETO DE LEI COMPLEMENTAR Nº          , 2021 
(Do Sr. Da Vitória – Cidadania/ES) 
 
Altera a Lei Complementar nº 125, de 3 de 
janeiro de 2007, para incluir os 
Municípios do Estado do Espírito Santo 
na área de atuação da Superintendência 
do Desenvolvimento do Nordeste 
(SUDENE). 
 
  
 
O Congresso Nacional decreta:  
  
Art. 1º O caput do art. 2º, da Lei Complementar nº 125, de 3 de janeiro de 
2007, passa a viger com a seguinte redação: 
“Art. 2º A área de atuação da Sudene abrange os Estados do 
Maranhão, Piauí, Ceará, Rio Grande do Norte, Paraíba, Pernambuco, 
Alagoas, Sergipe, Bahia,",1.0
54,1,Gostaria que fosse analisada a viabilidade da apresentação de um projeto para incluir a totalidade do Estado do Espírito Santo no âmbito de atuação da Superintendência do Desenvolvimento do Nordeste,INC 3454/2012,"Sugere ao Senhor Ministro de Estado da Integração Nacional, Fernando Bezerra Coelho, providências no sentido de incluir no Programa MAIS IRRIGAÇÃO, o Estado do Espírito Santo, em especial a região incluída na área de atuação da SUDENE - Superintendência do Desenvolvimento do Nordeste.","CÂMARA DOS DEPUTADOS 
             GABINETE DO DEPUTADO FEDERAL CESAR COLNAGO 
REQUERIMENTO Nº          , DE 2012 
(Do Sr. Cesar Colnago) 
 
 
 
Requer o envio de Indicação ao Poder Executivo, 
sugerindo ao Senhor Ministro de Estado da 
Integração Nacional, Fernando Bezerra Coelho, 
providências no sentido de incluir no Programa 
MAIS IRRIGAÇÃO o Estado do Espírito Santo, 
em especial a região incluída na área de atuação 
da SUDENE – Superintendência do 
Desenvolvimento do Nordeste. 
 
 Senhor Presidente,  
 
 Nos termos do art. 113, I e § 1º, do Regimento Interno da Câmara dos 
Deputados – RI",0.5
54,1,Gostaria que fosse analisada a viabilidade da apresentação de um projeto para incluir a totalidade do Estado do Espírito Santo no âmbito de atuação da Superintendência do Desenvolvimento do Nordeste,PLP 80/2021,"Altera o art. 2º da Lei Complementar nº 125, de 03 de janeiro de 2007, incluindo municípios da bacia do vale do rio Doce, no Estado do Espírito Santo, na área de atuação da Sudene - Superintendência do Desenvolvimento do Nordeste.","PROJETO DE LEI COMPLEMENTAR NO        , DE 2021
(Do Sr. EVAIR VIEIRA DE MELO)
Altera o art. 2º da Lei Complementar
nº 125, de 03 de janeiro de 2007, incluindo
municípios da bacia do vale do rio Doce, no
Estado  do  Espírito  Santo,  na  área  de
atuação da Sudene – Superintendência do
Desenvolvimento do Nordeste. 
O Congresso Nacional decreta:
Art.  1°  Esta  Lei  Complementar  altera  o  art.  2º  da  Lei
Complementar  nº  125,  de  03  de  janeiro  de  2007,  para  incluir  todos  os
municípios  do  vale  do  rio  Doce,  no  Estado  do  Espírito  Santo,  na  área  de
jurisdição da Sudene – S",0.5
54,1,Gostaria que fosse analisada a viabilidade da apresentação de um projeto para incluir a totalidade do Estado do Espírito Santo no âmbito de atuação da Superintendência do Desenvolvimento do Nordeste,PLP 128/2015,"Modifica o art. 2º da Lei Complementar nº 125, de 3 de janeiro de 2007, para incluir o Estado do Espírito Santo na área de atuação da Superintendência do Desenvolvimento do Nordeste - Sudene.","PROJETO DE LEI COMPLEMENTAR NO        , DE 2015 
(Do Sr. EVAIR DE MELO) 
Modifica o art. 2º da Lei 
Complementar nº 125, de 3 de janeiro de 
2007, para incluir o Estado do Espírito Santo 
na área de atuação da Superintendência do 
Desenvolvimento do Nordeste - Sudene.  
O Congresso Nacional decreta: 
Art. 1º O caput do art. 2º da Lei Complementar nº 125, de 
3 de janeiro de 2007, que “institui, na forma do art. 43 da Constituição Federal, 
a Superintendência do Desenvolvimento do Nordeste - SUDENE; estabelece 
sua composição, natureza jurídica, objetivos, áreas de atuação, instrumentos 
de açã",1.0
54,1,Gostaria que fosse analisada a viabilidade da apresentação de um projeto para incluir a totalidade do Estado do Espírito Santo no âmbito de atuação da Superintendência do Desenvolvimento do Nordeste,PLP 81/2021,"Modifica o art. 2º da Lei Complementar nº 125, de 3 de janeiro de 2007, para incluir o Estado do Espírito Santo na área de atuação da Superintendência do Desenvolvimento do Nordeste - Sudene.","PROJETO DE LEI COMPLEMENTAR NO        , DE 2021
(Do Sr. EVAIR VIEIRA DE MELO)
Modifica  o  art.  2º  da  Lei
Complementar  nº  125,  de 3 de janeiro  de
2007,  para  incluir  o  Estado  do  Espírito
Santo  na  área  de  atuação  da
Superintendência  do  Desenvolvimento  do
Nordeste - Sudene. 
O Congresso Nacional decreta:
Art. 1º O caput do art. 2º da Lei Complementar nº 125, de
3 de janeiro de 2007, que “institui, na forma do art. 43 da Constituição Federal,
a Superintendência do Desenvolvimento do Nordeste - SUDENE; estabelece
sua composição, natureza jurídica, objetivos, áreas de atuação, i",1.0
54,1,Gostaria que fosse analisada a viabilidade da apresentação de um projeto para incluir a totalidade do Estado do Espírito Santo no âmbito de atuação da Superintendência do Desenvolvimento do Nordeste,PLP 142/2021,"Altera o art. 2º da Lei Complementar nº 125, de 3 de janeiro de 2007, para incluir Municípios do Vale do Rio Doce, Estado de Minas Gerais, na área de atuação da Superintendência do Desenvolvimento do Nordeste (Sudene).","PROJETO DE LEI COMPLEMENTAR N.º        , DE 2021 
(Do Sr. Paulo Abi-Ackel) 
Altera o art. 2º da Lei Complementar 
nº 125, de 3 de janeiro de 2007, para 
incluir Municípios do Vale do Rio Doce, 
Estado de Minas Gerais, na área de 
atuação da Superintendência do 
Desenvolvimento do Nordeste (Sudene). 
   O Congresso Nacional decreta: 
 
 
Art. 1.º A presente Lei Complementar modifica o art. 2º da Lei 
Complementar nº 125, de 2007, que “institui, na forma do art. 43 da Constituição Federal, 
a Superintendência do Desenvolvimento do Nordeste - Sudene; estabelece sua 
composição, natureza jurídica,",0.0
55,1,"permitir a compra de terras por estrangeiros pessoas físicas ou jurídicas
",PL 1082/2011,"Altera os arts. 12, 23  e  24 da Lei nº 9.636, de 15 de maio de 1998, que Dispõe sobre a regularização, administração, aforamento e alienação de bens imóveis de domínio da União e dá outras providências.","PROJETO DE LEI N°   
(Do Sr Deputado CLEBER VERDE) 
 
  
 “Altera os Artigos. 12, 23  e  24 da Lei n° 
9.636, de 15 de maio de 1998, que Dispõe 
sobre a regularização, administração, 
aforamento e alienação de bens imóveis de 
domínio da União e dá outras providências.”    
 
 
O Congresso Nacional decreta: 
 
 
Art. 1° Os artigos 12, 23 e 24 da Lei n° 9.636, de 15 de maio de 1998, passam 
a vigorar com as seguintes alterações:  
“Art. 12 
Parágrafo 3° - Não serão aforados os bens da união, considerados terras de 
marinha ou seus acrescidos, para pessoa física ou jurídica de procedência 
estra",0.0
55,1,"permitir a compra de terras por estrangeiros pessoas físicas ou jurídicas
",PL 7940/2010,"Altera os arts. 12, 23 e 24 da Lei nº 9.636, de 15 de maio de 1998, que ""Dispõe sobre a regularização, administração, aforamento e alienação de bens imóveis de domínio da União e dá outras providências.""","PROJETO DE LEI Nº , DE 2010 
(Do Sr. Deputado FLAVIO BEZERRA) 
  
Altera os arts. 12, 23 e 24 da Lei nº 9.636, de 
15 de maio de 1998, que “Dispõe sobre a 
regularização, administração, aforamento e 
alienação de bens imóveis de domínio da 
União e dá outras providências.” 
  
O Congresso Nacional decreta: 
  
Art. 1º  Os artigos 12, 23 e 24 da Lei nº 9.636, de 15 de maio de 1998, passam 
a vigorar com as seguintes alterações: 
“Art. 12 
Parágrafo 3º -  Não serão aforados os bens da união, considerados terras de 
marinha ou seus acrescidos, para pessoa física ou jurídica de procedência 
estran",0.0
55,1,"permitir a compra de terras por estrangeiros pessoas físicas ou jurídicas
",PL 4240/2008,"Regulamenta o art. 190 da Constituição Federal, limitando a aquisição e o arrendamento de propriedade rural por pessoa física ou jurídica estrangeira.","PROJETO DE LEI N.º             , de 2008 
(do Sr. Antonio Carlos Mendes Thame) 
 
 
 
 
Regulamenta o artigo 190, da Constituição 
Federal, limitando a aquisição e o arrendamento 
de propriedade rural por pessoa física ou jurídica 
estrangeira. 
 
 
 
 
 
O Congresso Nacional decreta: 
Art. 1º. Esta lei regulamenta a aquisição, o arrendamento ou a posse 
de propriedade rural por pessoa física ou pessoa jurídica estrangeira em todo o 
território nacional, observadas as restrições que aqui se estabelecerem. 
Parágrafo único. Sujeita-se ao regime estabelecido por esta Lei a 
pessoa jurídica brasi",1.0
55,1,"permitir a compra de terras por estrangeiros pessoas físicas ou jurídicas
",PLP 418/2008,"Regulamenta o art. 190, da Constituição Federal, limitando a aquisição e o arrendamento de propriedade rural por pessoa física ou jurídica estrangeira.","PROJETO DE LEI COMPLEMENTAR N.º            , de 2008 
(do Sr. Antonio Carlos Mendes Thame) 
 
 
 
 
Regulamenta o artigo 190, da Constituição 
Federal, limitando a aquisição e o arrendamento 
de propriedade rural por pessoa física ou jurídica 
estrangeira. 
 
 
 
 
 
O Congresso Nacional decreta: 
 
Art. 1º. Esta lei regulamenta a aquisição, o arrendamento ou a posse 
de propriedade rural por pessoa física ou pessoa jurídica estrangeira em todo o 
território nacional, observadas as restrições que aqui se estabelecerem. 
Parágrafo único. Sujeita-se ao regime estabelecido por esta Lei a 
pessoa ",1.0
55,1,"permitir a compra de terras por estrangeiros pessoas físicas ou jurídicas
",INC 3087/2008,"Sugere ao Ministro do Desenvolvimento Agrário, a regulamentação e o controle sobre as terras compradas por ONGs estrangeiras e por pessoa física estrangeira em território amazônico.","REQUERIMENTO 
(Do Sr. Léo Vivas) 
Requer o envio de Indicação ao 
Poder Executivo, por meio do Ministério do 
Desenvolvimento Agrário, sugerindo a 
regulamentação e o controle sobre as terras 
compradas por ONGs estrangeiras e por 
pessoa física estrangeira em território 
amazônico.  
Senhor Presidente: 
Nos termos do art. 113, inciso I e § 1º, do Regimento 
Interno da Câmara dos Deputados, requeiro a V. Exª. seja encaminhada ao 
Poder Executivo a Indicação anexa, sugerindo a regulamentação e o controle 
sobre as terras compradas por ONGs estrangeiras e por pessoa física 
estrangeira em territ",1.0
55,1,"permitir a compra de terras por estrangeiros pessoas físicas ou jurídicas
",PL 2289/2007,"Regulamenta o art. 190 da Constituição Federal, altera o art. 1º da Lei nº 4.131, de 3 de setembro de 1962, e dá outras providências.","PROJETO DE LEI Nº                , DE 2007 
(Do Sr. Beto Faro) 
 
 . 
Regulamenta o art. 190 da Constituição Federal, 
altera o art. 1º da Lei nº 4.131, de 3 de setembro de 
1962 e dá outras Providências.  
 
 
O Congresso Nacional Decreta:  
 
Faço saber que o Congresso Nacional decreta e eu sanciono a seguinte 
Lei: 
  
Art. 1º Esta Lei regulamenta o art. 190 da Constituição Federal, altera o art. 
1º da Lei nº 4.131, de 3 de setembro de 1962 e fixa outras providências com o 
objetivo de disciplinar a aquisição e o arrendamento de imóvel rural em todo o 
território nacional por pessoas estra",1.0
55,1,"permitir a compra de terras por estrangeiros pessoas físicas ou jurídicas
",PEC 286/2008,Acrescenta o art. 243-A à Constituição Federal.,"PROPOSTA DE EMENDA À CONSTITUIÇÃO No      , DE 2008 
(Do Sr. Walter Brito Neto e outros) 
Acrescenta o art. 243-A à Constituição 
Federal. 
As Mesas da Câmara dos Deputados e do Senado 
Federal, nos termos do § 3º do art. 60 da Constituição Federal, promulgam a 
seguinte emenda ao texto constitucional: 
Art. 1º A Constituição Federal passa a vigorar acrescida 
do art. 243-A, com a seguinte redação: 
“Art. 243-A. Serão expropriadas, sem direito a 
indenização, as glebas adquiridas por estrangeiros na 
Amazônia, pessoas físicas ou jurídicas, com o objetivo de 
internacionalizá-la. 
Parágrafo úni",1.0
55,1,"permitir a compra de terras por estrangeiros pessoas físicas ou jurídicas
",PL 3235/2012,Dispõe sobre a dedutibilidade no imposto de renda devido por pessoas físicas ou jurídicas que realizarem doação de equipamentos hospitalares a hospitais púbicos ou filantrópicos.,"PROJETO DE LEI Nº      , DE 2012 
(Do Sr. Toninho Pinheiro) 
Dispõe sobre a dedutibilidade no 
imposto de renda devido por pessoas físicas 
ou jurídicas que realizarem doação de 
equipamentos hospitalares a hospitais 
púbicos ou filantrópicos.  
O Congresso Nacional decreta: 
Art. 1º São passíveis de dedução na declaração do 
imposto de renda das pessoas físicas ou jurídicas parte dos valores gastos 
com compra de equipamentos, utensílios e dispositivos usados na execução de 
serviços de promoção da saúde, prevenção, tratamento e reabilitação de 
doenças, e doados a laboratórios, ambulatórios ",0.0
55,1,"permitir a compra de terras por estrangeiros pessoas físicas ou jurídicas
",PL 4059/2012,"Regulamenta o art. 190, da Constituição Federal, altera o art. 1º, da Lei nº 4.131, de 3 de setembro de 1962, o art. 1º da Lei nº 5.868, de 12 de dezembro de 1972 e o art. 6º Lei nº 9.393, de 19 de dezembro de 1996 e dá outras providências.","Comissão de Agricultura, Pecuária, Abastecimento e 
Desenvolvimento Rural 
 
 PROJETO DE LEI Nº           DE         2012 
 
Regulamenta o art. 190, da Constituição 
Federal, altera o art. 1º, da Lei n. 4.131, de 3 
de setembro de 1962, o art. 1º da Lei nº 
5.868, de 12 de dezembro de 1972 e o art. 6º 
Lei nº 9.393, de 19 de dezembro de 1996 e 
dá outras providências. 
 
 O CONGRESSO NACIONAL decreta: 
 Art. 1º. Esta Lei regulamenta o art. 190 da Constituição Federal, altera o art.1º da Lei 
nº. 4.131, de 3 de setembro de 1962, o art. 1º da Lei nº 5.868, de 12 de dezembro de 1972 e 
o art. 6º ",1.0
55,1,"permitir a compra de terras por estrangeiros pessoas físicas ou jurídicas
",INC 5196/2005,"Sugere ao Excelentíssimo Sr. Ministro da Justiça  a criação do Cadastro Nacional de Pessoas Físicas e Jurídicas Proibidas de Contratar com o Poder Público por prazo determinado e o Cadastro Nacional de Pessoas Físicas e Jurídicas Proibidas de Receber Benefícios ou Incentivos Fiscais ou Creditícios por prazo determinado, altera disposições legais e dá outras Providências.","REQUERIMENTO DE INDICAÇÃO N.º           , DE 2005
(Do Sr. Dimas Ramalho)
Requer o envio de Indicação ao Excelentíssimo Sr.
Ministro da Justiça, sugerindo a criação do Cadastro
Nacional  de  Pessoas Físicas e Jurídicas Proibidas de
Contratar com o Poder Público por prazo determinado
e o Cadastro Nacional de Pessoas Físicas e Jurídicas
Proibidas de Receber Benefícios ou Incentivos Fiscais
ou  Creditícios  por  prazo  determinado,  altera
disposições legais e dá outras Providências.
Senhor Presidente,
Requeiro a Vossa Excelência, nos termos do artigo 113, inciso I, § 1°,
do  Regimento  Interno  d",0.0
56,1,"Propor o banimento do glifosato, agrotóxico (herbicida) muito utilizado na agricultura.
",PL 4228/2019,Dispõe sobre o cancelamento do registro de produtos agrotóxicos com o ingrediente ativo glifosato,"CÂMARA DOS DEPUTADOS 
DEPUTADO FEDERAL JOÃO DANIEL PT/SE 
 
 
Câmara dos Deputados │Anexo IV – 6° andar - Gabinete 60 │70160900 Brasília DF 
Tel: (61) 3215-5605 - Fax: (61) 3215-2605│E-mail: dep.joaodaniel@camara.gov.br 
1 
 
 
PROJETO DE LEI Nº          , DE 2019 
(Do Sr. JOÃO DANIEL) 
Dispõe sobre o cancelamento do 
registro de produtos agrotóxicos com o 
ingrediente ativo glifosato. 
O Congresso Nacional decreta: 
Art. 1º Ficam cancelados os registros de produtos agrotóxicos 
com o ingrediente ativo glifosato concedidos de acordo com a Lei nº 7.802, de 
11 de julho de 1989, e proibida a con",1.0
56,1,"Propor o banimento do glifosato, agrotóxico (herbicida) muito utilizado na agricultura.
",PL 2129/2015,"Altera o texto da Lei nº 7.802, de 11 de julho de 1989, para proibir o registro de agrotóxicos contendo glifosato.","PROJETO DE LEI Nº      , DE 2015 
 (Da Sra. Mara Gabrilli) 
Altera o texto da Lei nº 7.802, de 11 
de julho de 1989, para proibir o registro de 
agrotóxicos contendo glifosato. 
O Congresso Nacional decreta: 
Art. 1º O art. 3º da Lei nº 7.802, de 11 de julho de 1989, 
passa a vigorar com a seguinte redação: 
“Art. 3º ................................................................................ 
§ 6º ..................................................................................... 
............................................................................................ 
g) que conten",1.0
56,1,"Propor o banimento do glifosato, agrotóxico (herbicida) muito utilizado na agricultura.
",PDC 499/2003,"Susta os efeitos da Portaria nº 764, de 24 de setembro de 1998, da Secretaria da Vigilância Sanitária, que dispõe sobre limite máximo de resíduos no solo do agrotóxico Glifosato.","PROJETO DE DECRETO LEGISLATIVO Nº       DE
(Do Sr. Deputado Dr. Rosinha)
Susta os efeitos da Portaria nº 764, de
24 de setembro de 1998, da Secretaria da
Vigilância Sanitária, que dispõe sobre o
limite máximo de resíduos no solo do
agrotóxico Glifosato.
O Congresso Nacional decreta:
Art. 1º - Ficam sustados os efeitos da Portaria nº 764. De 24 de setembro de 1998,
da Secretaria de Vigilância Sanitária, que dispõe sobre a elevação do limite
máximo de resíduos no solo de agrotóxico Glifosato de 0,02 ppm para 2.0
ppm.
Art. 2º - Este Decreto Legislativo entra em vigor na data de sua publicação,
re",0.5
56,1,"Propor o banimento do glifosato, agrotóxico (herbicida) muito utilizado na agricultura.
",INC 1355/2015,"Sugere à Senhora Ministra da Agricultura, Pecuária e Abastecimento, Kátia Abreu, providências para coibir a utilização do herbicida Paraquate, na agricultura.","REQUERIMENTO DE INDICAÇÃO nº        ,     de outubro de 2015. 
(Do Sr. SARNEY FILHO) 
 
   Requer o envio de Indicação à Senhora 
Ministra da Agricultura, Pecuária e Abastecimento, 
Kátia Abreu, sugerindo providências, no âmbito 
daquele Ministério, para coibir a utilização do 
herbicida Paraquate na agricultura. 
  
 
Senhor Presidente, 
 
Nos termos do art. 113, inciso I, e § 1º, do Regimento Interno da Câmara 
dos Deputados, requeiro a V. Ex.ª que seja encaminhado à Senhora Ministra da 
Agricultura, Pecuária e Abastecimento, Kátia Abreu, a presente indicação, sugerindo 
providências para co",0.5
56,1,"Propor o banimento do glifosato, agrotóxico (herbicida) muito utilizado na agricultura.
",INC 1356/2015,"Requer o envio de Indicação ao Senhor Ministro da Saúde, Marcelo Costa e Castro, sugerindo que a reavaliação do herbicida Paraquate, pela Anvisa, seja concluída o mais rápido possível, que seja suspensa a consulta pública e que o referido agrotóxico seja banido do nosso País.","REQUERIMENTO DE INDICAÇÃO nº             ,       de outubro de 2015. 
(Do Sr. SARNEY FILHO) 
 
   Requer o envio de Indicação ao Senhor 
Ministro da Saúde, Marcelo Costa e Castro, 
sugerindo que a reavaliação do herbicida 
Paraquate, pela Anvisa, seja concluída o mais 
rápido possível, que seja suspensa a consulta 
pública e que o referido agrotóxico seja banido do 
nosso País. 
  
 
Senhor Presidente, 
 
Nos termos do art. 113, inciso I, e § 1º, do Regimento Interno da Câmara 
dos Deputados, requeiro a V. Ex.ª que seja encaminhado ao Senhor Ministro da Saúde, 
Marcelo Castro, a presente Indic",0.0
56,1,"Propor o banimento do glifosato, agrotóxico (herbicida) muito utilizado na agricultura.
",PDL 450/2020,"Susta a Resolução nº 428 de 07 de outubro de 2020, da Agência Nacional de Vigilância Sanitária (ANVISA), que permite a utilização de estoque remanescente do agrotóxico paraquate.","CÂMARA DOS DEPUTADOS
PROJETO DE DECRETO LEGISLATIVO Nº ______, DE 2020
(Dos Srs. Israel Batista e Célio Studart) 
                                                                
Susta a Resolução nº 428 de 07
de outubro de 2020, da Agência
Nacional  de  Vigilância  Sanitária
(ANVISA),  que  permite  a
utilização  de  estoque
remanescente  do  agrotóxico
paraquate. 
Art. 1º Fica sustada a Resolução nº 428 de 07 de outubro
de 20201, da Agência Nacional de Vigilância Sanitária (ANVISA), que
Altera a Resolução de Diretoria Colegiada - RDC nº 177, de 21 de
setembro de 2017, que dispõe sobre a proi",0.0
56,1,"Propor o banimento do glifosato, agrotóxico (herbicida) muito utilizado na agricultura.
",INC 499/2007,"Sugere ao Ministério da Relações Exteriores, sejam realizadas gestões junto ao Governo da República da Colômbia no sentido de suspender a utilização de herbicidas à base de glifosato para a eliminação de plantações de coca, pois o desmatamento e a poluição gerados estão ameaçando a cabeceira de dois importantes afluentes do Rio Negro: o Guainia e o Uaupés.","REQUERIMENTO 
(Do Sr. Carlos Souza) 
Requer o envio de Indicação ao 
Poder Executivo, por intermédio do Ministro 
das Relações Exteriores, sugerindo sejam 
realizadas gestões junto ao Governo da 
República da Colômbia no sentido de 
suspender a utilização de herbicidas à base 
de glifosato para a eliminação de plantações 
de coca, pois o desmatamento e a poluição 
gerados estão ameaçando a cabeceira de 
importantes afluentes do Rio Negro. 
Senhor Presidente: 
Nos termos do art. 113, inciso I e § 1o, do Regimento 
Interno da Câmara dos Deputados, requeiro a V. Exª. seja encaminhada ao 
Poder Ex",0.5
56,1,"Propor o banimento do glifosato, agrotóxico (herbicida) muito utilizado na agricultura.
",INC 1357/2015,"Sugere à Senhora Ministra do Meio Ambiente, Izabella Teixeira, providências para coibir a utilização do herbicida Paraquate no meio ambiente.","REQUERIMENTO DE INDICAÇÃO nº          ,       de outubro de 2015. 
(Do Sr. SARNEY FILHO) 
 
   Requer o envio de Indicação à Senhora 
Ministra do Meio Ambiente, Izabella Teixeira, 
sugerindo providências, no âmbito do Ministério, 
para coibir a utilização do herbicida Paraquate no 
meio ambiente. 
  
 
Senhor Presidente, 
 
Nos termos do art. 113, inciso I, e § 1º, do Regimento Interno da Câmara 
dos Deputados, requeiro a V. Ex.ª que seja encaminhado à Senhora Ministra do Meio 
Ambiente, Izabella Teixeira, a presente indicação, sugerindo providências para coibir a 
utilização do herbicida Para",0.5
56,1,"Propor o banimento do glifosato, agrotóxico (herbicida) muito utilizado na agricultura.
",PL 1297/2015,"Altera o art. 9º da Lei nº 8.078, Código de Defesa do Consumidor, de 11 de dezembro de 1990, dispondo sobre a obrigatoriedade dos estabelecimentos comerciais disponibilizarem informações sobre o uso de agrotóxicos em alimentos, bem como a separação de alimentos orgânicos em locais específicos.","PROJETO DE LEI Nº            , DE 2015 
 
(Do Sr. Veneziano Vital do Rêgo) 
 
 
Altera o art. 9º da Lei nº 8.078, Código 
de Defesa do Consumidor, de 11 de 
dezembro de 1990, dispondo sobre a 
obrigatoriedade dos estabelecimentos 
comerciais disponibilizarem informações 
sobre o uso de agrotóxicos em 
alimentos, bem como a separação de 
alimentos orgânicos em locais 
específicos.  
 
 
 
O Congresso Nacional decreta:  
 
 
 
Art. 1º Esta Lei altera a redação do art. 9º da Lei nº 8.078, 
de 11 de dezembro de 1990, que institui o Código de Defesa do Consumidor. 
Art. 2º: O art. 9º da Lei nº 8.07",0.5
56,1,"Propor o banimento do glifosato, agrotóxico (herbicida) muito utilizado na agricultura.
",PL 560/2019,"Altera o Art. 3º, da Lei nº 7.802 de 11 de julho de 1989, e dá outras providências.","PROJETO DE LEI N°             , DE 2019. 
(Do Sr. Deputado Paulo Pimenta – PT/RS) 
 
Altera o Art. 3º, da Lei nº 7.802 de 11 de julho de 
1989, e dá outras providências. 
 
 
O Congresso Nacional Decreta: 
 
Art. 1º Esta Lei altera o §6º, do Art. 3º, da Lei nº 7.802, de 11 de julho de 1989, com 
o objetivo de proibir em todo o território nacional a produção, importação, comércio e uso 
de herbicidas à base do ingrediente ativo 2,4-D, ou ácido diclorofenoxiacético. 
 
Art. 2º O §6º do Art. 3º, da Lei nº 7.802, de 1989, passa a vigorar com as seguintes 
alterações: 
“Art. 3º.....................",0.0
57,1,PL para medidas de prevenção à violência sexual contra crianças e adolescentes. ,PL 2956/2019,Dispõe sobre a obrigatoriedade da criação nas escolas da rede pública e privada de Programa de Prevenção ao abuso e violência sexual contra crianças e adolescentes e dá outras providências.,"PROJETO DE LEI Nº          , DE 2019 
(Da Sra. DRA. VANDA MILANI) 
“Dispõe sobre a obrigatoriedade da 
criação nas escolas da rede pública e 
privada de Programa de Prevenção ao 
abuso e violência sexual contra crianças 
e adolescentes e dá outras providências”. 
O Congresso Nacional decreta: 
Art. 1º Será criado no decorrer do ano letivo nas escolas públicas 
e privadas Programa de Prevenção ao abuso sexual contra crianças e 
adolescentes, objetivando o desenvolvimento de condutas de autoproteção por 
meio de ações de transmissão de conhecimentos teóricos e à sensibilização 
das crianças e ad",1.0
57,1,PL para medidas de prevenção à violência sexual contra crianças e adolescentes. ,PL 2466/2019,"Institui o mês ""Maio Laranja"", dedicado ao enfrentamento à violência sexual contra crianças e adolescentes.

NOVA EMENTA: Institui a campanha Maio Laranja, a ser realizada no mês de maio de cada ano, em todo o território nacional, com ações efetivas de combate ao abuso e à exploração sexual de crianças e adolescentes.","PROJETO DE LEI Nº           DE 2019  
(Da Sra. Leandre)  
 
 
Institui o mês “Maio Laranja”, dedicado ao 
enfrentamento à violência sexual contra 
crianças e adolescentes. 
 
 
O Congresso Nacional decreta: 
 
Art. 1º Fica instituído o mês “Maio Laranja”, dedicado ao 
enfrentamento à violência sexual contra crianças e adolescentes.   
Art. 2º Durante o mês de maio, a critério dos gestores, serão 
realizadas atividades para conscientização, prevenção, orientação e combate 
ao abuso e exploração sexual da criança e do adolescente.  
Art. 3º Esta lei entra em vigor na data de sua publicação  
 
J",1.0
57,1,PL para medidas de prevenção à violência sexual contra crianças e adolescentes. ,PL 3734/2021,"Institui a Política Nacional de Prevenção aos Crimes contra a Dignidade Sexual; altera a Lei nº 8.069, de 13 de julho de 1990; altera a Lei nº 13.675, de 11 de junho de 2018, e dá outras providências.","PROJETO DE LEI  Nº           , DE 2021
Institui  a  Política  Nacional  de
Prevenção  aos  Crimes  contra  a
Dignidade  Sexual;  altera  a  Lei  nº
8.069, de 13 de julho de 1990; altera
a Lei nº 13.675, de 11 de junho de
2018, e dá outras providências.
A CONGRESSO NACIONAL DECRETA:
Art. 1º. Esta Lei institui a Política Nacional de Prevenção ao Crimes
contra a Dignidade Sexual e altera a Lei nº 8.069, de 13 de julho de 1990 e a
Lei nº 13.675, de 11 de junho de 2018.
Art.  2º.  É instituída a Política Nacional  de Prevenção aos Crimes
contra  a Dignidade Sexual,  com o objetivo  de reduzir  a  s",1.0
57,1,PL para medidas de prevenção à violência sexual contra crianças e adolescentes. ,PL 420/2020,"Institui o mês ""Maio Laranja"" dedicado a ações de enfrentamento ao abuso e à exploração de crianças e adolescentes.","CÂMARA DOS DEPUTADOS 
 
 
PROJETO DE LEI Nº,         DE 2019 
(Do Sr. Fernando Borja) 
Institui o mês “Maio Laranja” dedicado a 
ações de enfrentamento ao abuso e à 
exploração de crianças e adolescentes. 
 
 
 
 
O CONGRESSO NACIONAL DECRETA: 
Art. 1º A Lei nº 9.970, de 17 de maio de 2000, passa a vigorar com as 
seguintes alterações: 
“Art. 1º-A. Sem prejuízo do previsto no art. 1º desta lei, fica 
instituído em todo o território nacional o mês “Maio Laranja”, 
dedicado a ações de enfrentamento ao abuso e à exploração de 
crianças e adolescentes. 
§ 1º. Nos meses de maio de cada ano calendár",1.0
57,1,PL para medidas de prevenção à violência sexual contra crianças e adolescentes. ,PL 1966/2021,"Altera a Lei nº 11.577, de 22 de novembro de 2007, tornando obrigatória a divulgação, nas aulas e cursos ministrados de forma não presencial, de mensagens de advertência e informes de orientação sobre o encaminhamento de denúncias contra atos de pedofilia, abuso, exploração sexual e tráfico de crianças e adolescentes.","PROJETO DE LEI Nº          , DE 2021
(Do Sr. ZÉ VITOR)
Altera a Lei nº 11.577, de 22 de novembro
de 2007, tornando obrigatória a divulgação,
nas aulas e cursos ministrados de forma não
presencial, de mensagens de advertência e
informes  de  orientação  sobre  o
encaminhamento  de denúncias  contra  atos
de  pedofilia,  abuso,  exploração  sexual  e
tráfico de crianças e adolescentes.
O Congresso Nacional decreta:
Art. 1º Esta Lei altera a Lei nº 11.577, de 22 de novembro de
2007,  que  “Torna  obrigatória  a  divulgação  pelos  meios  que  especifica  de
mensagem relativa à exploração sexual e",1.0
57,1,PL para medidas de prevenção à violência sexual contra crianças e adolescentes. ,INC 1034/2022,"Sugere a inclusão, nos currículos da educação básica, de conteúdos para identificação e prevenção de situações de violência familiar e abuso sexual.","INDICAÇÃO Nº          , DE 2022
(Do Sr. CAPITÃO ALBERTO NETO)
Sugere  a  inclusão,  nos  currículos  da
educação  básica,  de  conteúdos  para
identificação  e  prevenção  de  situações  de
violência familiar e abuso sexual.
Excelentíssimo Senhor Ministro de Estado da Educação,
Apesar  de  possuirmos  um  arcabouço  legal  bastante
consistente que visa coibir os casos de violência familiar e de abuso sexual
contra crianças e adolescentes, grande parte dessa população ainda não sabe
identificar essas situações e nem como se proteger delas e o todos os dias nos
chegam inúmeras ocorrências em tod",1.0
57,1,PL para medidas de prevenção à violência sexual contra crianças e adolescentes. ,PL 10613/2018,Institui a semana nacional de prevenção do abuso e da exploração sexual de crianças e adolescentes.,"CÂMARA DOS DEPUTADOS 
 
 
1 
 
 
PROJETO DE LEI Nº              , de 2018 
(Do Sr. Fábio Trad) 
 
 
 
 Institui a semana nacional de prevenção do 
abuso e da exploração sexual de crianças e 
adolescentes. 
 
 
O CONGRESSO NACIONAL decreta: 
 
Art. 1º Fica instituída a semana nacional de prevenção do abuso e da 
exploração sexual de crianças e adolescentes a ser celebrada anualmente na 
segunda semana de maio. 
Art. 2º Os objetivos da semana nacional de prevenção do abuso e da 
exploração sexual de crianças e adolescentes são:  
I- estimular ações preventivas e campanhas educativas relacionadas",1.0
57,1,PL para medidas de prevenção à violência sexual contra crianças e adolescentes. ,PL 64/2021,"Altera a Lei nº 8.072, de 25 de julho de 1990, para tornar hediondos os crimes dolosos cometidos contra crianças ou adolescentes mediante violência ou grave ameaça.","Projeto de Lei nº            de 2021
(do Sr. Fabio Henrique)
Altera a Lei nº 8.072, de 25 de julho de 1990,
para  tornar  hediondos  os  crimes  dolosos
cometidos  contra  crianças  ou  adolescentes
mediante violência ou grave ameaça. 
O Congresso Nacional decreta:
Art. 1º Esta Lei altera a Lei nº 8.072, de 25 de julho de 1990, para
incluir no rol de crimes hediondos os crimes dolosos cometidos contra crianças ou
adolescentes mediante violência ou grave ameaça.
Art.  2º  O parágrafo único do artigo 1º  da Lei  nº  8.072,  de 1990,
passa a vigorar acrescido do seguinte inciso VI:
Art. 1º.......",1.0
57,1,PL para medidas de prevenção à violência sexual contra crianças e adolescentes. ,PL 2828/2019,"Institui a campanha ""Maio Laranja"", a se realizar no mês de maio de cada ano, em todo território nacional, com ações efetivas de combate ao abuso e à exploração sexual de crianças e adolescentes.","PROJETO DE LEI NO           , DE 2019 
(Do Sr. PROFESSOR JOZIEL) 
Institui a campanha “Maio Laranja”, a se 
realizar no mês de maio de cada ano, em todo 
território nacional, com ações efetivas de combate 
ao abuso e à exploração sexual de crianças e 
adolescentes. 
O Congresso Nacional decreta: 
Art. 1o Esta lei institui a campanha “Maio Laranja”, a se realizar no 
mês de maio de cada ano, em todo o território nacional, com ações efetivas de 
combate ao abuso e à exploração sexual de crianças e adolescentes, nos termos do 
regulamento. 
Art. 2o Serão realizadas anualmente, no mês de maio, dur",1.0
57,1,PL para medidas de prevenção à violência sexual contra crianças e adolescentes. ,PL 5810/2019,"Altera o art. 70-A da Lei nº 8.069, de 13 de julho de 1990 - Estatuto da Criança e Adolescente, para que as redes de ensino público e privada divulguem cartilha de orientação às crianças e aos adolescentes para prevenção contra a pedofilia na internet.","CÂMARA DOS DEPUTADOS 
 
 
 
PROJETO DE LEI Nº               , DE 2019 
    (Da Deputada Edna Henrique)  
Altera o art. 70-A da Lei nº 
8.069, de 13 de julho de 1990 – 
Estatuto da Criança e 
Adolescente, para que as redes 
de ensino público e privada 
divulguem cartilha de 
orientação às crianças e aos 
adolescentes para prevenção 
contra a pedofilia na internet. 
O Congresso Nacional decreta: 
 
Art. 1º Esta Lei acrescenta o inciso VII ao 
art. 70-A da Lei nº 8.069, de 13 de julho de 1990 (Estatuto da 
Criança e Adolescente), para que as redes de ensino público e 
privada divulguem cartilha d",1.0
58,1,"Cria carreira agente de trânsito.
",INC 431/2015,"Sugere minuta de projeto de lei para a regulamentação da carreira de ""Agente de Trânsito"", conforme disposto no § 10 do artigo 144 da Constituição Federal.","Requerimento N°  , DE 2015 
(Do Sr. Irmão Lázaro) 
 
Requer o envio de Indicação à Casa Civil da 
Presidência da República, de minuta de projeto de lei 
para a regulamentação da carreira de “Agente de 
Trânsito” conforme disposto no § 10 do artigo 144 da 
Constituição Federal.  
 
Senhor Presidente,  
 
Nos termos do art. 113, inciso I e § 1º, do Regimento Interno da Câmara dos 
Deputados – RICD, requeiro a Vossa Excelência que seja encaminhada à Casa Civil da 
Presidência da República a indicação de minuta de projeto de lei para a regulamentação da 
carreira de “Agente de Trânsito” conforme d",1.0
58,1,"Cria carreira agente de trânsito.
",INC 493/2015,"Sugere ao Excelentíssimo Senhor Ministro da Casa Civil, que seja regulamentada a carreira de agente de Trânsito, institui normas gerais, define suas competências e dá outras providências.","REQUERIMENTO DE INDICAÇÃO Nº          , DE 2015 
(Do Sr. Hugo Motta) 
 
 
 
 
 
Requer o envio de Indicação ao 
Excelentíssimo Senhor Ministro da Casa 
Civil, solicitando que seja regulamentada a 
carreira de agente de Trânsito, institui 
normas gerais, define suas competências e 
dá outras providências.  
 
 
 
 
 
   Senhor Presidente, 
 
 
 
 
   Requeiro a Vossa Excelência, nos termos do artigo 
113, inciso I, § 1°, do Regimento Interno da Câmara dos Deputados, que 
seja encaminhada ao Excelentíssimo Senhor Ministro da Casa Civil 
indicação anexa, solicitando que seja regulamentada a carre",1.0
58,1,"Cria carreira agente de trânsito.
",INC 6396/2014,"Sugere minuta de projeto de lei para a regulamentação da carreira de ""Agente de Trânsito"", conforme disposto no § 10 do artigo 144 da Constituição Federal.","CÂMARA DOS DEPUTADOS 
 
 
 
Requerimento N°                  , DE 2014 
(Do Sr. Gonzaga Patriota) 
 
 
Requer o envio de Indicação à Casa 
Civil da Presidência da República, de minuta 
de projeto de lei para a regulamentação da 
carreira de “Agente de Trânsito” conforme 
disposto no § 10 do artigo 144 da Constituição 
Federal. 
 
 
 
Senhor Presidente, 
 
Nos termos do art. 113, inciso I e § 1º, do Regimento Interno da Câmara dos 
Deputados – RICD, requeiro a Vossa Excelência que seja encaminhada à Casa Civil da 
Presidência da República a indicação de minuta de projeto de lei para a regulamen",1.0
58,1,"Cria carreira agente de trânsito.
",PL 3206/2015,Institui o Dia Nacional do Agente de Trânsito.,"PROJETO DE LEI Nº             , DE 2015 
 
 
Institui o Dia Nacional do Agente de 
Trânsito. 
 
 
O CONGRESSO NACIONAL decreta:  
 
Art. 1º Fica instituído o Dia Nacional do Agente de Trânsito, a ser 
celebrado anualmente no dia 16 de julho, em todo o território nacional.  
Art. 2º Os órgãos e entidades de trânsito dos Estados, do Distrito 
Federal e dos Municípios, durante o mês de julho e especialmente na 
celebração do Dia Nacional do Agente de Trânsito, poderão desenvolver 
atividades e programas de atualização profissional e campanhas de prevenção 
de acidentes. 
Art. 3º O Conselho Nacion",0.0
58,1,"Cria carreira agente de trânsito.
",PL 2177/2015,"Altera a Lei n. 9.503, de 23 de setembro de 1997 - Código de Trânsito Brasileiro, disciplinando a competência para lavratura do auto de infração de trânsito.","CÂMARA DOS DEPUTADOS 
 
 
 
PROJETO DE LEI N.            , DE 2015 
(Do Sr. Adalberto Cavalcanti) 
Altera a Lei n. 9.503, de 23 de setembro de 
1997 – Código de Trânsito Brasileiro, 
disciplinando a competência para lavratura do 
auto de infração de trânsito. 
O Congresso Nacional decreta: 
Art. 1º Esta lei altera dispositivos da Lei n. 9.503, de 23 de 
setembro de 1997 – Código de Trânsito Brasileiro, para disciplinar a competência 
para lavratura do auto de infração de trânsito, nos termos da Emenda Constitucional 
n. 82, de 2014. 
Art. 2º O § 4° do art. 280 da Lei n. 9.503, de 23 de setembr",0.0
58,1,"Cria carreira agente de trânsito.
",PL 3815/2012,"Acresce ao art. 1º da Lei nº 9.654 de 2 de junho de 1998 os §§ 1º, 2º, 3º e 4º e dá outras providências.","PROJETO DE LEI Nº       /2012 
(do Sr. Arnaldo Faria de Sá) 
 
Acresce ao art. 1º da Lei nº 9.654 de 2 de junho 
de 1998 os parágrafos 1º, 2º, 3º e 4º e dá outras 
providências.  
 
 
 
O Congresso Nacional decreta:  
 
 
Art. 1º. O art. 1º da Lei nº 9654 de 2 de junho de 1998 passa ter acrescido os 
parágrafos 1º, 2º, 3º, e 4º com a seguinte redação:  
 
Art. 1o ..................................................................................................................... .........  
§ 1º. Ficam criados, na Carreira de Policial Rodoviário Federal de que 
trata a Lei no 9.654, de 2 de ju",0.0
58,1,"Cria carreira agente de trânsito.
",PL 5166/2019,Institui o Dia Nacional do Agente de Trânsito.,"CÂMARA DOS DEPUTADOS 
                         Gabinete do Deputado Federal HUGO LEAL – PSD/RJ 
 
 
 
 
PROJETO DE LEI Nº          , DE 2019 
(Do Sr. HUGO LEAL) 
Institui o Dia Nacional do Agente de 
Trânsito. 
O Congresso Nacional decreta: 
Art. 1º Fica instituído o Dia Nacional do Agente de Trânsito, a 
ser celebrado anualmente dia 11 de maio, em todo o território nacional.  
Art. 2º Os órgãos e entidades de trânsito dos Estados, do 
Distrito Federal e dos Municípios, durante o mês de maio e especialmente na 
celebração do Dia Nacional do Agente de Trânsito, poderão desenvolver 
atividades e",0.0
58,1,"Cria carreira agente de trânsito.
",PL 9023/2017,"Altera a Lei nº 9.503, de 23 de setembro de 1997, que ""institui o Código de Trânsito Brasileiro"", para instituir a obrigatoriedade do uso de imagem na autuação das infrações de trânsito por parada e estacionamento em local proibido, pelo não uso do cinto de segurança, assim como pelo uso do telefone celular.","PROJETO DE LEI Nº         DE 2017. 
(Do Sr. Jefferson Campos) 
 
Altera a Lei nº 9.503, de 23 de 
setembro de 1997, que “institui o 
Código de Trânsito Brasileiro”, para 
instituir a obrigatoriedade do uso de 
imagem na autuação das infrações de 
trânsito por parada e estacionamento 
em local proibido, pelo não uso do 
cinto de segurança, assim como pelo 
uso do telefone celular. 
O Congresso Nacional decreta: 
Art. 1º. Esta Lei institui a obrigatoriedade do uso de imagem na 
autuação das infrações de trânsito por parada e estacionamento em local 
proibido, pelo não uso do cinto de segurança, ",0.0
58,1,"Cria carreira agente de trânsito.
",INC 5621/2013,Sugere chamada de concursados aprovados no concurso de 2013 para o cargo de Agente da Polícia Rodoviária Federal.,"Câmara dos Deputados 
 
 
REQUERIMENTO N.º        , DE 2013. 
(Do Sr. Rubens Bueno) 
 
 
 
Requer o envio de Indicação ao Ministério 
da Justiça, relativo a chamada de 
concursados aprovados no concurso de 
2013 para o cargo de Agente da Polícia 
Rodoviária Federal.  
 
  
 
Senhor Presidente, 
 
 
 
 
Requeiro a Vossa Excelência, com base no artigo 113, inciso I, §1°, do 
Regimento Interno da Câmara dos Deputados, seja encaminhada ao Ministério 
da Justiça a INDICAÇÃO em anexo, sugerindo que se convoque a totalidade  
dos aprovados no concurso de 2013 para o cargo de Agente da Polícia 
Rodovi",0.5
58,1,"Cria carreira agente de trânsito.
",PL 686/2003,"Cria a Carreira de Policial Ferroviário Federal, Cargos efetivos / comissionados no Departamento de Polícia Ferroviária Federal e dá outras providências.","PROJETO DE LEI Nº       , DE 2003. 
(Do Sr. Deputado Paulo Pimenta) 
 
 
 
 
 
Cria a Carreira de Policial 
Ferroviário Federal, Cargos 
efetivos/ Comissionados no 
Departamento de Polícia 
Ferroviária Federal e dá outras 
providências. 
 
 
 
 
O Congresso Nacional decreta: 
 
 
Art. 1º Fica criada, no âmbito do Poder Executivo, a 
Carreira Policial Ferroviário Federal, compreendendo os cargos de Inspetor 
de Polícia Ferroviária Federal e de Agente de Polícia Ferroviária Federal, 
com as atribuições previstas na Constituição Federal e Legislação 
específica e, os cargos efetivos  e comissiona",0.0
59,1,vagas pessoas com deficiência em cargos públicos,PL 1546/2022,"Altera a Lei nº 13.146, de 6 de julho de 2015, que Institui a Lei Brasileira de Inclusão da Pessoa com Deficiência - Estatuto da Pessoa com Deficiência, para instituir reserva de vagas para pessoas com deficiência, em funções, cargos e empregos públicos, da forma que especifica","CÂMARA DOS DEPUTADOS
PROJETO DE Nº ____ DE 2022.
(Do Sr. Geninho Zuliani)
Altera a Lei nº 13.146, de 6 de julho de
2015,  que  Institui  a  Lei  Brasileira  de
Inclusão  da  Pessoa  com  Deficiência  -
Estatuto da Pessoa com Deficiência, para
instituir  reserva  de  vagas  para  pessoas
com  deficiência,  em  funções,  cargos  e
empregos  públicos,  da  forma  que
especifica.
O Congresso Nacional decreta:
Art.  1º Acrescenta-se  §6º,  ao  disposto  no  art.  34,  da  Lei  n°
13.146, de 06 de julho de 2015, que instituiu a Lei Brasileira de Inclusão da
Pessoa com Deficiência, da forma que segue",1.0
59,1,vagas pessoas com deficiência em cargos públicos,PL 3958/2015,Assegura aos portadores de surdez unilateral o direito de concorrerem às vagas reservadas a pessoas com deficiência em concursos promovidos no âmbito da administração pública federal.,"PROJETO DE LEI Nº                     , DE 2015 
(Da Deputada GEOVANIA DE SÁ) 
Assegura aos portadores de surdez 
unilateral o direito de concorrerem às vagas 
reservadas a pessoas com deficiência em 
concursos promovidos no âmbito da 
administração pública federal.  
O Congresso Nacional decreta: 
Art. 1º Fica assegurado aos portadores de surdez 
unilateral o direito de concorrerem às vagas reservadas a pessoas com 
deficiência nos concursos públicos para provimento de cargos da 
administração pública federal direta, autárquica e fundacional. 
Art. 2º As disposições do art. 1º não se aplicam ",1.0
59,1,vagas pessoas com deficiência em cargos públicos,PL 3785/2015,"Altera o art. 93 da Lei nº 8.213, de 24 de julho de 1991, para aumentar o número de vagas de emprego destinadas a pessoas com deficiência","PROJETO DE LEI Nº      , DE 2015 
(Do Sr. WILSON FILHO) 
Altera o art. 93 da Lei nº 8.213, de 24 
de julho de 1991, para aumentar o número 
de vagas de emprego destinadas a pessoas 
com deficiência.  
O Congresso Nacional decreta: 
Art. 1º O art. 93 da Lei nº 8.213, de 24 de julho de 1991, 
passa a vigorar com as seguintes alterações: 
“Art. 93. A empresa com 50 (cinquenta) ou mais 
empregados está obrigada a preencher de 2% a 10% dos 
seus cargos com beneficiários reabilitados ou pessoas 
com deficiência, na seguinte proporção: 
I – de 50 a 100 empregados................................2%; 
I",0.5
59,1,vagas pessoas com deficiência em cargos públicos,PL 5218/2009,"Dispõe sobre a reserva de percentual de cargos e empregos, na Administração Pública Federal, a serem providos por pessoas portadoras de deficiência, nos termos do art. 37, VIII, da Constituição.","PROJETO DE LEI No       , DE 2009
(Do Sr. Paulo Pimenta)
Dispõe sobre a reserva de percentual
de cargos e empregos, na administração
pública federal, a serem providos por
pessoas portadoras de deficiência, nos
termos do art. 37, VIII, da Constituição.
O Congresso Nacional decreta:
Art. 1º Os concursos para provimento de cargos e
empregos nos órgãos e entidades da administração pública federal, inclusive
nas empresas públicas e sociedades de economia mista, bem como as
nomeações deles decorrentes, sujeitam-se ao disposto nesta lei.
Parágrafo único. Não se aplica o disposto nesta lei ao
provimen",1.0
59,1,vagas pessoas com deficiência em cargos públicos,PL 1658/2021,"Reserva às pessoas com mais de quarenta anos 20% (vinte por cento) das vagas oferecidas nos concursos públicos para provimento de cargos efetivos e empregos públicos no âmbito da administração pública federal direta, das autarquias, das fundações públicas, das empresas públicas e das sociedades de economia mista.","CÂMARA DOS DEPUTADOS 
 
PROJETO DE LEI Nº          , DE 2021 
(Do Sr. Rafafá) 
Reserva às pessoas com mais de quarenta 
anos 20% (vinte por cento) das vagas 
oferecidas nos concursos públicos para 
provimento de cargos efetivos e empregos 
públicos no âmbito da administração pública 
federal direta, das autarquias, das fundações 
públicas, das empresas públicas e das 
sociedades de economia mista.   
O Congresso Nacional decreta: 
Art. 1º Ficam reservadas às pessoas com idade igual ou 
superior a quarenta anos 20% (vinte por cento) das vagas oferecidas nos 
concursos públicos para provimento d",0.0
59,1,vagas pessoas com deficiência em cargos públicos,PL 7467/2014,Assegura aos portadores de Diabetes Melito insulinodependente o direito de concorrerem às vagas reservadas a pessoas com deficiência em concursos públicos no âmbito da administração pública federal.,"PROJETO DE LEI Nº      , DE 2014 
(Do Deputado Hugo Motta) 
Assegura aos portadores de Diabetes 
Melito insulinodependente o direito de 
concorrerem às vagas reservadas a 
pessoas com deficiência em concursos 
públicos no âmbito da administração pública 
federal.  
O Congresso Nacional decreta: 
Art. 1º É assegurado aos portadores de Diabetes Melito 
insulinodependente o direito de concorrerem às vagas reservadas a pessoas 
com deficiência nos concursos públicos para provimento de cargos da 
administração pública federal direta, autárquica e fundacional. 
Art. 2º As disposições do art. 1º não ",1.0
59,1,vagas pessoas com deficiência em cargos públicos,PL 1041/2007,"Altera a redação do § 2º do art. 5º da Lei nº 8.112, de 1990,  para fixar em 20% a reserva de vagas, em concursos públicos, para pessoas portadoras de deficiência.","PROJETO DE LEI Nº        , DE 2007
(Do Deputado FERNANDO DE FABINHO)
Altera a redação do § 2º do art.  
5º da Lei 8.112/90 para fixar em 20% a 
reserva  de  vagas,  em  concursos 
públicos,  para  pessoas  portadoras  de 
deficiência.
O Congresso Nacional decreta:
Art. 1º O § 2º do art. 5º da Lei nº 8.112, de 11 de dezembro 
de 1990, passa a vigorar com a seguinte redação:
“Art. 5º ...............................................................................
............................................................................................
§ 2º Às pessoas portadoras de deficiência ",1.0
59,1,vagas pessoas com deficiência em cargos públicos,PL 233/2015,Estabelece reserva de vagas para pessoas com deficiência quanto à inscrição em concursos públicos.,"PROJETO DE LEI Nº       , DE 2015 
(Da Sra. Conceição Sampaio) 
 
 
 
 
Estabelece reserva de vagas para 
pessoas com deficiência quanto à inscrição 
em concursos públicos.  
 
 
O Congresso Nacional decreta:  
 
Art. 1º Às pessoas com deficiência é assegurado o direito 
de se inscrever em concurso público para provimento de cargo cujas 
atribuições sejam compatíveis com a deficiência; para tais pessoas serão 
reservadas 20% das vagas oferecidas no concurso. 
Art. 2º Fica revogado o § 2º do art. 5º da Lei n.º 8.112, de 
11 de dezembro de 1990.  
Art. 3º Esta lei entra em vigor na data de sua p",1.0
59,1,vagas pessoas com deficiência em cargos públicos,PL 8653/2017,"Altera a Lei nº 13.146, de 6 de julho de 2015, que ""institui a Lei Brasileira da Pessoa com Deficiência (Estatuto da Pessoa com Deficiência)"", para estabelecer regras para comprovação de deficiência em concursos públicos por candidatos que se inscrevem em vagas reservadas.","PROJETO DE LEI Nº          , DE 2017 
(Do Sr. CABO SABINO) 
Altera a Lei nº 13.146, de 6 de julho de 
2015, que “institui a Lei Brasileira da Pessoa 
com Deficiência (Estatuto da Pessoa com 
Deficiência)”, para estabelecer regras para 
comprovação de deficiência em concursos 
públicos por candidatos que se inscrevem 
em vagas reservadas.  
O Congresso Nacional decreta: 
Art. 1º O art. 38 da Lei n.° 13.146, de 6 de julho de 2015, passa 
a vigorar com a seguinte redação: 
“Art. 38 .................................................................................... 
§ 1º Em concursos públicos, a ",1.0
59,1,vagas pessoas com deficiência em cargos públicos,PL 3365/2008,"Altera a Lei nº 8.112, de 11 de dezembro de 1990, que ""Dispõe sobre o regime jurídico dos servidores públicos civis da União, das autarquias e das fundações públicas federais.""","PROJETO DE LEI No       , DE 2008 
(Da Sra. Rebecca Garcia) 
Altera a Lei nº 8.112, de 11 de 
dezembro de 1990, que “Dispõe sobre o 
regime jurídico dos servidores públicos civis 
da União, das autarquias e das fundações 
públicas federais.“ 
O Congresso Nacional decreta: 
Art. 1º O § 2º do art. 5º da Lei nº 8.112, de 11 de 
dezembro de 1990, passa a vigorar com a seguinte redação: 
“Art. 5º ........................................................................ 
................................................................................... 
§ 2º  Às pessoas portadoras de deficiência é 
",0.0
60,1,"uti neonatal em todos os municípios
",INC 5804/2014,"Sugere  ao Ministério de Estado da Saúde a adoção das providências necessárias e urgentes com vistas à autorizar a implantação de novos leitos de Unidade de Tratamento Intensivo (UTI) Adulto e Neonatal no Hospital São José, com sede em Ituiutaba/MG, bem como os investimentos por meio de ações do programa Rede Cegonha.","CÂMARA DOS DEPUTADOS 
                                             Dep. Federal Weliton Prado 
       Comissão Mista de Orçamento 
                                             Comissão de Defesa do Consumidor  
                                             Comissão de Minas e Energia 
                                              
Gabinete Brasília: Praça dos Três Poderes, Câmara dos Deputados, Gab. 862, Anexo IV, CEP  70160-900 - Brasília – DF 
Site: www.welitonprado.com.br – E-mail: falecomwelitonprado@gmail.com – Fone: (61) 3215 5862 ou (31) 9956 6491 
 
INDICAÇÃO Nº___/2014 
(Do Sr. Weliton",0.5
60,1,"uti neonatal em todos os municípios
",PL 1468/2019,Estabelece diretrizes gerais sobre a política de atenção à prematuridade.,"PROJETO DE LEI Nº  , DE 2019 
(Do Sr. AÉCIO NEVES) 
 
 
 
Estabelece diretrizes gerais sobre a 
política de atenção à prematuridade. 
 
 
 
 
 
O CONGRESSO NACIONAL decreta: 
 
Art. 1º São considerados prematuras ou nascidas pré-termo as 
crianças nascidas com menos de 37 (trinta e sete) semanas de gestação. 
 
Art. 2º Para fins de cuidado, a prematuridade é classificada como: 
 
I – extrema, para nascimentos antes de 28 (vinte e oito) semanas.  
II – moderada, para nascimentos entre 28 (vinte e oito) e 31 
(trinta e uma) semanas e 6 (seis) dias.  
III – tardia, para nascimentos entre 32 (trin",0.5
60,1,"uti neonatal em todos os municípios
",PL 1464/2011,Amplia a licença maternidade para mães de recém nascidos que necessitem permanecer em Unidade de Tratamento Intensivo Neonatal.,"PROJETO DE LEI Nº         DE 2011 
(Do Senhor Edivaldo Holanda Júnior) 
 
 
 
Amplia a licença maternidade para 
mães de recém nascidos que 
necessitem permanecer em Unidade de 
Tratamento Intensivo Neonatal.  
 
 O Congresso Nacional decreta:  
Art. 1o O art. 71 da Lei 8.213 de 24 de julho de 1991, passa a ter a seguinte redação. 
“Art. 71 ............................. 
Parágrafo Primeiro: A licença maternidade de mães de recém-nascidos que necessitem de 
internação na Unidade de Tratamento Intensivo Neonatal (UTIN) será acrescido do período em que 
durar a permanência do Bebê na UTI. 
Parágr",0.5
60,1,"uti neonatal em todos os municípios
",INC 2257/2016,Sugere medidas para o aperfeiçoamento da atenção à saúde da mulher e da criança.,"CÂMARA DOS DEPUTADOS 
 
INDICAÇÃO Nº      , DE 2016 
(Da Comissão de Seguridade Social e Família) 
 
 
 
 
Sugere medidas para o aperfeiçoamento 
da atenção à saúde da mulher e da criança. 
 
 
 
Excelentíssimo Senhor Ministro da Saúde: 
 
Louvamos os esforços empreendidos por essa Pasta para assegurar a 
humanização no Sistema Único de Saúde. Ao encerrarmos os trabalhos da 
Subcomissão Especial Destinada a Tratar do Fortalecimento da Informação e 
da Prestação de Contas sobre a Saúde das Mulheres e das Crianças, da 
Comissão de Seguridade Social e Família, da Câmara dos Deputados em 
2014, ap",0.5
60,1,"uti neonatal em todos os municípios
",INC 697/2011,"Sugere ao Excelentíssimo Senhor Ministro da Saúde a implantação da Rede Cegonha e a liberação de recursos para a reforma da maternidade e a aquisição de equipamentos hospitalares para a adequação das UTIs Adulto e Neonatal do Hospital Antoninho da Rocha Marmo, de São José dos Campos, Estado de São Paulo.","REQUERIMENTO DE INDICAÇÃO Nº... , DE 2011 
(Do Sr. Carlinhos Ameida) 
 
 
 
Requer o envio de Indicação ao 
Excelentíssimo Senhor Ministro 
da Saúde sugerindo a 
implantação da Rede Cegonha e 
a liberação de recursos para a 
reforma da maternidade e a 
aquisição de equipamentos 
hospitalares para a adequação 
das UTIs Adulto e Neonatal do 
Hospital Antoninho da Rocha 
Marmo, de São José dos 
Campos, Estado de São Paulo. 
 
 
 
 
Senhor Presidente, 
 
 
   Requeiro a Vossa Excelência, nos termos do artigo 
113, inciso I, § 1°, do Regimento Interno da Câmara dos Deputados, 
que seja encaminhada ",0.5
60,1,"uti neonatal em todos os municípios
",INC 5835/2009,"Sugere ao Ministro de Estado da Saúde, José Gomes Temporão, a necessidade de viabilizar recursos para aquisição de equipamentos para o Hospital Regional no município de Colíder/MT.","INDICAÇÃO N°     , DE 2009
(Do Senhor Eliene Lima)
Sugere, ao Ministro de Estado da
Saúde, José Gomes Temporão, a
necessidade de viabilizar recursos
para aquisição de equipamentos
para o Hospital Regional no
município de Colíder/MT.
Excelentíssimo Senhor Ministro,
O Prefeito do Município de Colíder, o Senhor Celso Paulo Banazeski,
por meu intermédio, vem reivindicar a liberação de recursos para aquisição
de equipamentos destinados a Unidade de Terapia Intensiva (UTI) Adulto e
Infantil do Hospital Regional de Colíder. O Hospital Regional de Colíder
dispõe de 97 leitos, 8 leitos de UTI para adul",0.5
60,1,"uti neonatal em todos os municípios
",INC 2556/2016,"Solicito ao Excelentíssimo Senhor Ministro da Saúde, a destinação de recursos financeiros para aquisição de equipamentos para ambulatório de especialidade, centro cirúrgico, pronto atendimento obstétrico, centro obstétrico, unidades de internação e UTI neonatal para o Hospital Antoninho da Rocha Marmo, localizada no Município de São José dos Campos, no Estado de São Paulo.","REQUERIMENTO DE INDICAÇÃO Nº        , DE 2016 
(Do Senhor Alexandre Leite) 
 
 
 
Requer o envio de Indicação ao Excelentíssimo 
Senhor Ministro da Saúde, solicitando a 
destinação de recursos financeiros para 
aquisição de equipamentos para ambulatório 
de especialidade, centro cirúrgico, pronto 
atendimento obstétrico, centro obstétrico, 
unidades de internação e UTI neonatal para o 
Hospital Antoninho da Rocha Marmo, 
localizada no Município de São José dos 
Campos, no Estado de São Paulo. 
 
 
 
 
Senhor Presidente, 
 
 
   Requeiro a Vossa Excelência, nos termos do artigo 113, inciso I, §",0.5
60,1,"uti neonatal em todos os municípios
",PL 11008/2018,Dispõe da adequação gestacional do pré-natal pelo Sistema Único de Saúde (SUS).,"CAMARA DOS DEPUTADOS 
 
 
PROJETO DE LEI Nº                 , DE 2018 
(Da Sra. Mariana Carvalho) 
 
 
Dispõe da adequação gestacional do 
pré-natal pelo Sistema Único de Saúde 
(SUS).    
 
 
O Congresso Nacional decreta: 
Art.1º – Está Lei prevê que toda gestante que realize o pré-natal pelo 
Sistema Único de Saúde, seja na esfera municipal, estadual ou federal, terá o 
direito de acesso ao exame de triagem pré-natal combinada para pré-
eclâmpsia, a ser aplicado com o propósito de tornar possível o diagnóstico 
precoce, monitoramento e tratamento preventivo das gestantes. 
Art. 2º - Os profi",0.0
60,1,"uti neonatal em todos os municípios
",PL 6032/2009,Dispõe sobre a realização do exame de capacidade auditiva em todos os recém-nascidos do país.,"PROJETO DE LEI No       , DE 2009
(Do Sr. Eliseu Padilha)
Dispõe sobre a realização do exame
de capacidade auditiva em todos os recém-
nascidos do país.
O Congresso Nacional decreta:
Art. 1º Todas as unidades dos sistemas de saúde pública
e privada que realizem partos deverão submeter os recém-nascidos a exame
para avaliação da capacidade auditiva.
Parágrafo único. As normas regulamentadoras definirão
os procedimentos recomendados para esta avaliação.
Art. 2º Os recém-nascidos com sinais de deficiência
auditiva serão imediatamente encaminhados para tratamento especializado.
Art. 3º O descumpri",0.5
60,1,"uti neonatal em todos os municípios
",PL 3203/2012,Dispõe sobre a realização do exame de capacidade auditiva em todos os recém-nascidos do país.,"PROJETO DE LEI Nº , DE 2012 
(Do Sr. Eliseu Padilha) 
 
 
Dispõe sobre a realização do exame de 
capacidade auditiva em todos os recém-nascidos 
do país. 
 
 
O Congresso Nacional decreta: 
 
Art. 1º Todas as unidades dos sistemas de saúde pública e privada que realizem 
partos deverão submeter os recém-nascidos a exame para avaliação da capacidade 
auditiva. 
 
Parágrafo único. As normas regulamentadoras definirão os procedimentos 
recomendados para esta avaliação. 
 
Art. 2º Os recém-nascidos com sinais de deficiência auditiva serão 
imediatamente encaminhados para tratamento especializado. ",0.0
61,1,"contratação de médicos sem crm
",INC 205/2020,"Sugere ao Ministério da Saúde a contratação de médicos cubanos, egressos do programa Mais Médicos, ainda residentes do país, e que se encontram atualmente na inatividade.","REQUERIMENTO Nº , DE 2019 
(Do Sr. TÚIO GADÊLHA) 
 
 
Requer o envio de Indicação ao Poder 
Executivo sugerindo a contratação de 
médicos cubanos residentes no Brasil e 
egressos do extinto Programa Mais Médicos.  
 
 
Senhor Presidente:  
 
Nos termos do art. 113, inciso I e § 1º, do Regimento Interno da Câmara dos 
Deputados, requeiro a V. Exª. seja encaminhada ao Poder Executivo a Indicação anexa, 
sugerindo que os médicos cubanos egressos do Programa Mais Médicos, e ainda 
residentes no Brasil, possam ser incorporados ao Programa Médicos Pelo Brasil. 
 
 
Sala das Sessões, em        de mar",0.5
61,1,"contratação de médicos sem crm
",PL 2609/2020,"Acrescenta o art. 6º-E à Lei nº 13.979, de 6 de fevereiro de 2020, que dispõe sobre as medidas para enfrentamento da emergência de saúde pública de importância internacional decorrente do coronavírus responsável pelo surto de 2019, para permitir a contratação de médicos brasileiros formados no exterior não possuidores de registro no Conselho Regional de Medicina (CRM).","PROJETO DE LEI Nº          , DE 2020
(Do Sr. LUCIO MOSQUINI)
Acrescenta o art. 6º-E à Lei nº 13.979,
de 6 de fevereiro de 2020, que dispõe sobre
as  medidas  para  enfrentamento  da
emergência de saúde pública de importância
internacional  decorrente  do  coronavírus
responsável  pelo  surto  de  2019,  para
permitir a contratação de médicos brasileiros
formados  no  exterior  não  possuidores  de
registro no Conselho Regional de Medicina
(CRM).
O Congresso Nacional decreta:
Art.  1º A Lei nº 13.979, de 6 de fevereiro de 2020, passa a
vigorar acrescida do art. 6º-E com a seguinte redação:
“Art",1.0
61,1,"contratação de médicos sem crm
",PL 5655/2016,"Altera o art. 16 da Lei nº 12.871, de 22 de outubro de 2013, que institui o Programa Mais Médicos, para tornar obrigatório o envio, ao Conselho Regional de Medicina (CRM), de listagem dos tutores e supervisores dos médicos intercambistas e das instituições de ensino responsáveis pela supervisão e pela tutoria acadêmica em cada Município participante.","Ofício nº 770 (SF)                                                               Brasília, em 21 de junho de 2016. 
 
 
 
A Sua Excelência o Senhor 
Deputado Beto Mansur 
Primeiro-Secretário da Câmara dos Deputados 
 
 
 
Assunto: Projeto de Lei do Senado à revisão. 
 
 
 
Senhor Primeiro-Secretário, 
 
 
Encaminho a Vossa Excelência, a fim de ser submetido à revisão da Câmara 
dos Deputados, nos termos do art. 65 da Constituição Federal, o Projeto de Lei do Senado  
nº 266, de 2014, de autoria do Senador Vital do Rêgo, constante dos autógrafos em anexo, 
que “Altera o art. 16 da Lei nº 12.871",0.0
61,1,"contratação de médicos sem crm
",PL 2528/2003,Dispõe sobre procedimentos de segurança para emissão de receituários e carimbos médicos.,"PROJETO DE LEI Nº          , DE 2003
(Do Sr.  Wilson Santos)
Dispõe sobre procedimentos de
segurança para emissão de receituários e
carimbos médicos.
O Congresso Nacional decreta:
Art. 1º  É obrigatória a apresentação da carteira profissional
de médico, emitida pelo Conselho Regional de Medicina, para contratação de
serviços de confecção de receituários e carimbos médicos.
Art. 2º  A empresa prestadora do serviço adotará formulário
próprio para registrar, em duas vias, as solicitações de confecção de receituários
e carimbos médicos.
§ 1o O formulário deverá permitir o registro do nome, do
núme",0.5
61,1,"contratação de médicos sem crm
",PL 1361/2021,"Altera a Lei n.º 13.958, de 18 de dezembro de 2019, que dispõe sobre o Programa Médicos pelo Brasil, para autorizar a contratação, durante a pandemia de Covid-19, de médicos brasileiros formados em instituições estrangeiras.","PROJETO DE LEI Nº          , DE 2021
(Do Sr. JORGE SOLLA)
Altera  a  Lei  n.º  13.958,  de  18  de
dezembro  de  2019,  que  dispõe  sobre  o
Programa Médicos pelo Brasil, para autorizar
a contratação, durante a pandemia de Covid-
19,  de  médicos  brasileiros  formados  em
instituições estrangeiras.
O Congresso Nacional decreta:
Art. 1º O art. 25 da Lei n.º 13.958, de 18 de dezembro de 2019,
passa a vigorar acrescido do seguinte § 4º:
“Art. 25 ………...................….................................……………….
.......................................................................................",0.5
61,1,"contratação de médicos sem crm
",PL 2206/2020,Prevê que médicos brasileiros formados no exterior possam exercer a medicina no país durante o período que perdurar a pandemia do COVID19.,"CÂMARA DOS DEPUTADOS
Deputada JAQUELINE CASSOL
PROJETO DE LEI  Nº           , DE 20 DE ABRIL DE 2020.
Prevê  que  médicos  brasileiros  formados  no  exterior  possam
exercer a medicina no país durante o período que perdurar a
pandemia do COVID19.
O CONGRESSO NACIONAL DECRETA: 
Art. 1º. Durante o período de situação de emergência de saúde pública de que trata a
lei  13.979,  de  06  de  fevereiro  de  2020,  para  auxílio  imediato,  serão  contratados
médicos brasileiros formados no exterior, para atender na Atenção Primária à Saúde,
desde que haja a regular comprovação de formação médica em ",1.0
61,1,"contratação de médicos sem crm
",PL 6102/2013,"Estabelece requisitos para o exercício da medicina nas redes pública e privada de saúde, e dá outras providências.","C Â M A R A   D O S   D E P U T A D O S 
 
 
PROJETO DE LEI N° ______________, DE 2013. 
(Deputado Onyx Lorenzoni) 
 
 
 
 
Estabelece requisitos para o exercício da 
medicina nas redes pública e privada de 
saúde, e dá outras providências. 
 
 
 
  Art. 1°. É vedado, em todo o território nacional, nas redes pública e 
privada de saúde, o exercício da medicina por médicos formados no exterior 
que não tenham seus diplomas de graduação ou pós-graduação, expedidos 
por universidade estrangeira, revalidados pelo órgão responsável pelo registro 
profissional e normatização da prática profissional ",0.5
61,1,"contratação de médicos sem crm
",INC 9788/2006,Sugere ao Ministério da Educação implantação de medidas resolutivas para maior uniformização e  agilidade na revalidação de diploma para médicos graduados no exterior.,"REQUERIMENTO DE INDICAÇÃO  Nº           , DE 2006 
(Do Sr. HENRIQUE AFONSO) 
 
 
  
Requer o envio de Indicação ao Ministério da 
Educação, sugerindo implantação de medidas 
resolutivas para maior uniformização e  agilidade 
na revalidação de diploma para médicos 
graduados no exterior . 
 
 
 
 Senhor Presidente: 
 
 Nos termos do art. 113, inciso I e § 1º, do Regimento Interno da Câmara dos 
Deputados, requeiro a V. Exª. seja encaminhada ao Ministério da Educação a Indicação 
em anexo, sugerindo implantação de medidas para maior uniformização e agilidade na 
revalidação de diploma para médic",0.5
61,1,"contratação de médicos sem crm
",PL 1184/2021,"Autoriza a contratação temporária de médicos formados no exterior e com registro no Conselho Regional de Medicina ou órgão equivalente no país de origem, independentemente de possuírem registro no Brasil, para atuação exclusiva na atenção a pacientes com Covid-19 em municípios brasileiros que façam fronteira com outros países.","CÂMARA DOS DEPUTADOS 
Gabinete do Deputado Federal Lucio Mosquini
PROJETO DE LEI Nº          , DE 2021
(Do Sr. LUCIO MOSQUINI)
Autoriza  a  contratação  temporária  de
médicos formados no exterior e com registro
no Conselho Regional de Medicina ou órgão
equivalente  no  país  de  origem,
independentemente  de  possuírem  registro
no Brasil, para atuação exclusiva na atenção
a  pacientes  com  Covid-19  em  municípios
brasileiros  que  façam fronteira  com  outros
países. 
O Congresso Nacional decreta:
Art.  1º  Enquanto  reconhecida  a  pandemia  de Covid-19  pela
Organização Mundial de Saúde,",1.0
61,1,"contratação de médicos sem crm
",PL 2687/2020,"Altera a lei n.º 12.871, de 22 de outubro de 2013, para prorrogar excepcionalmente os contratos vigentes do Programa Mais Médicos para o Brasil; e a lei n.º 13.958, de 18 de dezembro de 2019, para excluir excepcionalmente a necessidade de registro no Conselho Regional de Medicina para inscrição em processo seletivo do Programa Médicos pelo Brasil.","CÂMARA DOS DEPUTADOS
Gabinete do Deputado POMPEO DE MATTOS – PDT/RS
PROJETO DE LEI N.º           , de 2020
(Do Sr. Pompeo de Mattos)
Altera a lei n.º 12.871, de 22 de outubro de 2013, para
prorrogar  excepcionalmente  os  contratos  vigentes  do
Programa Mais Médicos para o Brasil; e a lei n.º 13.958,
de  18  de  dezembro  de  2019,  para  excluir
excepcionalmente  a  necessidade  de  registro  no
Conselho  Regional  de  Medicina  para  inscrição  em
processo seletivo do Programa Médicos pelo Brasil.
O Congresso Nacional decreta:
Art. 1º A lei n.º 12.871, de 22 de outubro de 2013, passa a vigo",1.0
62,1,regulamentar a tele educação física,PL 2046/2007,Estabelece regras para a tarifação de chamadas telefônicas destinadas a serviços de tele-atendimento.,"PROJETO DE LEI No     , DE 2007
(Do Sr. Beto Faro)
Estabelece  regras  para  a  tarifação  de 
chamadas telefônicas destinadas a serviços de 
tele-atendimento.
O Congresso Nacional decreta:
Art.  1º  Esta  lei  estabelece  regras  para  a  tarifação  de 
chamadas telefônicas destinadas a serviços de tele-atendimento.
Art. 2º Nas chamadas telefônicas destinadas a serviços de 
tele-atendimento, será adotada exclusivamente a tarifação por chamada atendida, 
proibida  a  tarifação  por  tempo  de  utilização  ou  por  qualquer  outro  tipo  de 
mensuração.
Parágrafo  único.  Somente  serão  bilhet",0.0
62,1,regulamentar a tele educação física,PL 1331/2003,Dispõe sobre mensagens educativas em anúncios que sugerem a prática sexual.,"PROJETO DE LEI Nº      , DE 2003
(Do Sr. Chico Alencar)
Dispõe sobre mensagens educativas
em anúncios que sugerem a prática sexual.
O Congresso Nacional decreta:
Art. 1º  As mensagens educativas em anúncios que sugerem
a prática sexual são regulamentadas pela presente lei.
Art. 2º  Os anúncios que sugerem a prática sexual,
veiculados em qualquer tipo de meio de comunicação social, devem ser
acompanhados de mensagens educativas sobre prevenção de doenças
sexualmente transmissíveis, em especial a síndrome da imunodeficiência
adquirida.
Parágrafo único. Nos anúncios e programas denominados
tele-s",0.0
62,1,regulamentar a tele educação física,PL 2130/2003,"Dispõe sobre a permissão de vendas via telefone por empresas de Tele-Marketing, e dá outras providências.","PROJETO DE LEI Nº      /2003
(Do Sr. Enio Bacci)
Dispõe sobre a permissão de vendas via
telefone por empresas de Tele-Marketing,
e  dá outras providências.
Art. 1º: O Ministério das Comunicações, deverá instituir o “bloqueio
especial” contra chamadas por empresas de Tele-Marketing, instaladas no território
nacional;
 Art. 2º: As empresas de Tele-Marketing e/ou vendas de quaisquer
produtos e serviços, registradas como tais, deverão consultar o cadastro do “bloqueio
especial” do Ministério das Comunicações, para cumprimento da presente lei;
§ 1º -  o “bloqueio especial” de que trata o artigo 1º,",0.0
62,1,regulamentar a tele educação física,PL 4412/2004,"Dispõe sobre a permissão de vendas via telefone por empresas de Tele-Marketing, e dá outras providências.","PROJETO DE LEI Nº      /2004
(Do Sr. Enio Bacci)
Dispõe sobre a permissão de vendas via
telefone por empresas de Tele-Marketing,
e  dá outras providências.
Art. 1º: O Ministério das Comunicações, deverá instituir o “bloqueio
especial” contra chamadas por empresas de Tele-Marketing, instaladas no território
nacional;
 Art. 2º: As empresas de Tele-Marketing e/ou vendas de quaisquer
produtos e serviços, registradas como tais, deverão consultar o cadastro do “bloqueio
especial” do Ministério das Comunicações, para cumprimento da presente lei;
§ 1º -  o “bloqueio especial” de que trata o artigo 1º,",0.0
62,1,regulamentar a tele educação física,INC 6117/2010,"Sugere ao Poder Executivo, por intermédio do Ministério da Saúde, a contemplação do município de Colorado, no Estado do Paraná com ambulâncias do Serviço de Atendimento Móvel de Urgência (SAMU 192), equipadas com o Sistema Tele-Eletrocardiografia Digital.","CÂMARA DOS DEPUTADOS
REQUERIMENTO Nº             DE 2010
(Do Senhor Ratinho Junior)
Requer o envio de Indicação ao Poder
Executivo, por intermédio do Ministério da Saúde,
sugerindo a contemplação do município de
Colorado, no Estado do Paraná, com ambulâncias
do Serviço de Atendimento Móvel de Urgência
(SAMU 192), equipadas com o Sistema Tele-
Eletrocardiografia Digital.
Senhor Presidente,
Nos termos do Art. 113, inciso I, § 1º, do Regimento Interno da Câmara
dos Deputados, requeiro a Vossa Excelência o encaminhamento ao Poder Executivo,
por intermédio do Ministério da Saúde, da Indicação anexa",0.0
62,1,regulamentar a tele educação física,INC 6137/2010,"Sugere ao Poder Executivo, por intermédio do Ministério da Saúde, a contemplação do município de Jacarezinho, no Estado do Paraná com ambulâncias do Serviço de Atendimento Móvel de Urgência (SAMU 192), equipadas com o Sistema Tele-Eletrocardiografia Digital.","CÂMARA DOS DEPUTADOS
REQUERIMENTO Nº             DE 2010
(Do Senhor Ratinho Junior)
Requer o envio de Indicação ao Poder
Executivo, por intermédio do Ministério da Saúde,
sugerindo a contemplação do município de
Jacarezinho, no Estado do Paraná, com
ambulâncias do Serviço de Atendimento Móvel de
Urgência (SAMU 192), equipadas com o Sistema
Tele-Eletrocardiografia Digital.
Senhor Presidente,
Nos termos do Art. 113, inciso I, § 1º, do Regimento Interno da Câmara
dos Deputados, requeiro a Vossa Excelência o encaminhamento ao Poder Executivo,
por intermédio do Ministério da Saúde, da Indicação ane",0.0
62,1,regulamentar a tele educação física,INC 6136/2010,"Sugere ao Poder Executivo, por intermédio do Ministério da Saúde, a contemplação do município de Ivaiporã, no Estado do Paraná com ambulâncias do Serviço de Atendimento Móvel de Urgência (SAMU 192), equipadas com o Sistema Tele-Eletrocardiografia Digital.","CÂMARA DOS DEPUTADOS
REQUERIMENTO Nº             DE 2010
(Do Senhor Ratinho Junior)
Requer o envio de Indicação ao Poder
Executivo, por intermédio do Ministério da Saúde,
sugerindo a contemplação do município de
Ivaiporã, no Estado do Paraná, com ambulâncias
do Serviço de Atendimento Móvel de Urgência
(SAMU 192), equipadas com o Sistema Tele-
Eletrocardiografia Digital.
Senhor Presidente,
Nos termos do Art. 113, inciso I, § 1º, do Regimento Interno da Câmara
dos Deputados, requeiro a Vossa Excelência o encaminhamento ao Poder Executivo,
por intermédio do Ministério da Saúde, da Indicação anexa",0.0
62,1,regulamentar a tele educação física,INC 6158/2010,"Sugere ao Poder Executivo, por intermédio do Ministério da Saúde, a contemplação do município de Umuarama, no Estado do Paraná com ambulâncias do Serviço de Atendimento Móvel de Urgência (SAMU 192), equipadas com o Sistema Tele-Eletrocardiografia Digital.","CÂMARA DOS DEPUTADOS
REQUERIMENTO Nº             DE 2010
(Do Senhor Ratinho Junior)
Requer o envio de Indicação ao Poder
Executivo, por intermédio do Ministério da Saúde,
sugerindo a contemplação do município de
Umuarama, no Estado do Paraná, com ambulâncias
do Serviço de Atendimento Móvel de Urgência
(SAMU 192), equipadas com o Sistema Tele-
Eletrocardiografia Digital.
Senhor Presidente,
Nos termos do Art. 113, inciso I, § 1º, do Regimento Interno da Câmara
dos Deputados, requeiro a Vossa Excelência o encaminhamento ao Poder Executivo,
por intermédio do Ministério da Saúde, da Indicação anexa",0.0
62,1,regulamentar a tele educação física,INC 6179/2010,"Sugere ao Poder Executivo, por intermédio do Ministério da Saúde, a contemplação do município de Pinhalão, no Estado do Paraná com ambulâncias do Serviço de Atendimento Móvel de Urgência (SAMU 192), equipadas com o Sistema Tele-Eletrocardiografia Digital.","CÂMARA DOS DEPUTADOS
REQUERIMENTO Nº             DE 2010
(Do Senhor Ratinho Junior)
Requer o envio de Indicação ao Poder
Executivo, por intermédio do Ministério da Saúde,
sugerindo a contemplação do município de
Pinhalão, no Estado do Paraná, com ambulâncias
do Serviço de Atendimento Móvel de Urgência
(SAMU 192), equipadas com o Sistema Tele-
Eletrocardiografia Digital.
Senhor Presidente,
Nos termos do Art. 113, inciso I, § 1º, do Regimento Interno da Câmara
dos Deputados, requeiro a Vossa Excelência o encaminhamento ao Poder Executivo,
por intermédio do Ministério da Saúde, da Indicação anexa",0.0
62,1,regulamentar a tele educação física,INC 6021/2010,"Sugere ao Poder Executivo, por intermédio do Ministério da Saúde, a contemplação do município de Apucarana, no Estado do Paraná com ambulâncias do Serviço de Atendimento Móvel de Urgência (SAMU 192), equipadas com o Sistema Tele-Eletrocardiografia Digital.","CÂMARA DOS DEPUTADOS
REQUERIMENTO Nº             DE 2010
(Do Senhor Ratinho Junior)
Requer o envio de Indicação ao Poder
Executivo, por intermédio do Ministério da Saúde,
sugerindo a contemplação do município de
Apucarana, no Estado do Paraná, com ambulâncias
do Serviço de Atendimento Móvel de Urgência
(SAMU 192), equipadas com o Sistema Tele-
Eletrocardiografia Digital.
Senhor Presidente,
Nos termos do Art. 113, inciso I, § 1º, do Regimento Interno da Câmara
dos Deputados, requeiro a Vossa Excelência o encaminhamento ao Poder Executivo,
por intermédio do Ministério da Saúde, da Indicação anex",0.0
63,1,Regulamentação dos transgêneros no esporte,PL 3396/2020,Estabelece o sexo biológico como o único critério para definir o gênero dos atletas em competições organizadas pelas entidades de administração do desporto no Brasil,"PROJETO DE LEI Nº          , DE 2020
(Da Sra. BIA KICIS)
Estabelece  o  sexo  biológico  como  o
único  critério  para  definir  o  gênero  dos
atletas  em  competições  organizadas  pelas
entidades de administração do desporto no
Brasil.
O Congresso Nacional decreta:
Art.  1º  O  sexo  biológico  será  o  único  critério  para  definir  o
gênero  de  atletas  em  competições  organizadas  pelas  entidades  de
administração do desporto no Brasil, ficando vedada a atuação de atletas em
categorias que não correspondam às de seu sexo de nascimento.
Parágrafo único. A entidade de administração do ",1.0
63,1,Regulamentação dos transgêneros no esporte,PL 1670/2021,"Cria a ""Lei da Justa Competição no Esporte"", estabelecendo o sexo biológico como critério exclusivo para definição de gênero em competições esportivas oficiais, amadoras ou profissionais, em todo território nacional, e dá outras providências.","PROJETO DE LEI Nº                   , DE 2021 
(Do Sr. Guilherme Derrite) 
 
 
 
Cria a “Lei da Justa Competição no Esporte”, 
estabelecendo o sexo biológico como critério 
exclusivo para definição de gênero em 
competições esportivas oficiais, amadoras ou 
profissionais, em todo território nacional, e dá 
outras providências. 
 
 
  
O Congresso Nacional decreta: 
 
 
Art. 1º Fica estabelecido o sexo biológico como critério exclusivo para definição de 
gênero em competições esportivas oficiais, amadoras ou profissionais, em todo território 
nacional. 
§ 1º É vedada a participação de atletas t",1.0
63,1,Regulamentação dos transgêneros no esporte,PL 2639/2019,Estabelece o sexo biológico como critério exclusivo para a definição do gênero em competições esportivas oficiais no Brasil.,"PROJETO DE LEI Nº            , DE 2019 
(Do Sr. Sóstenes Cavalcante) 
Estabelece o sexo biológico 
como critério exclusivo para a 
definição do gênero em competições 
esportivas oficiais no Brasil. 
 
O Congresso Nacional decreta: 
Art. 1º - O sexo biológico será o critério exclusivo para definir o 
gênero dos atletas em competições esportivas profissionais no Brasil.  
Art. 2º - As entidades de administração do desporto deverão 
averiguar o disposto nesta Lei, na ocasião das inscrições de atletas em suas 
respectivas competições.  
Parágrafo único - Em caso de inobservância do caput deste 
ar",1.0
63,1,Regulamentação dos transgêneros no esporte,PL 1728/2021,Esta lei determina que o sexo biológico será o único critério definidor do gênero dos competidores em partidas esportivas oficiais em todo território nacional.,"PROJETO DE LEI Nº           , DE 2021 
(Do Sr. LOESTER TRUTIS) 
 
Esta lei determina que o sexo biológico 
será o único critério definidor do gênero 
dos competidores em partidas esportivas 
oficiais em todo território nacional. 
O Congresso Nacional decreta: 
Art. 1º O sexo biológico é o único critério definidor do gênero dos competidores em 
partidas esportivas oficiais em todo território nacional.  
Parágrafo único. Considera-se como sexo biológico a marca anatômica atribuída ao 
indivíduo no nascimento. 
 
Art. 2º É de responsabilidade das entidades de prática desportiva e entidades de 
ad",1.0
63,1,Regulamentação dos transgêneros no esporte,PL 2596/2019,Estabelece o sexo biológico como único critério para definição do gênero em competições esportivas oficiais no território brasileiro.,"PROJETO DE LEI Nº            , DE 2019 
(Do Sr. Julio Cesar Ribeiro) 
Estabelece o sexo biológico 
como único critério para definição do 
gênero em competições esportivas 
oficiais no território brasileiro. 
 
O Congresso Nacional decreta: 
Art. 1º - O sexo biológico é o único critério definidor do gênero 
dos competidores em competições esportivas em todo o território nacional, 
sendo vedada a atuação de transgêneros em equipes do sexo oposto ao do 
nascimento. 
Art. 2º - As entidades de administração do desporto e as 
entidades de prática desportiva que não observarem esta lei, na oportunida",1.0
63,1,Regulamentação dos transgêneros no esporte,PL 842/2022,"Dispõe sobre o alcance das pessoas protegidas pela Lei 11.340 de 07 de agosto de 2006, Lei Maria da Penha, para incluir as transexuais no rol das pessoas a serem beneficiadas.","CÂMARA DOS DEPUTADOS
Gabinete do Deputado Alexandre Frota – PSDB/SP
PROJETO DE LEI N°             DE 2022
(Deputado Alexandre Frota)
Dispõe  sobre  o  alcance  das  pessoas
protegidas pela Lei 11.340 de 07 de agosto
de 2006, Lei Maria da Penha, para incluir as
transexuais  no  rol  das  pessoas  a  serem
beneficiadas.
O CONGRESSO NACIONAL decreta:
Art. 1º - As transexuais e transgêneros gozarão da proteção determinada
pela lei 11.340 de 07 de agosto de 2006, para sua defesa contra a violência doméstica.
§ 1º Todos os artigos  da Lei  mencionada no caput  deste  artigo serão
próprios para a def",0.0
63,1,Regulamentação dos transgêneros no esporte,PL 994/2022,Dispõe sobre o atendimento nas delegacias da mulher em todo o pais para pessoas transgêneros e dá outras providências.,"CÂMARA DOS DEPUTADOS
Gabinete do Deputado Alexandre Frota – PSDB/SP
PROJETO DE LEI N°            DE 2022
(Deputado Alexandre Frota)
Dispõe sobre o atendimento nas delegacias
da  mulher  em  todo  o  pais  para  pessoas
transgêneros e dá outras providências. 
O CONGRESSO NACIONAL decreta:
Art. 1º - As transexuais e transgêneros gozarão da proteção determinada
pela lei 11.340 de 07 de agosto de 2006, para sua defesa contra a violência doméstica.
§ 1º Todas  as  ocorrências  policiais  serão atendidas pela  Delegacia  da
Mulher ou semelhante.
§  2º  As  transexuais  e  transgêneros  terão  atendi",0.0
63,1,Regulamentação dos transgêneros no esporte,PL 3311/2021,"Altera a Lei nº 9.265, de 12 de fevereiro de 1996 e a Lei nº 6.015, de 31 de dezembro de 1973, para garantir o direito à retificação e averbação gratuitas do nome civil e gênero autopercebido de pessoas travestis, transexuais, transgêneros e não-binárias.","PROJETO DE LEI Nº      DE 2021
(Da Deputada Natália Bonavides)
Altera a Lei nº 9.265, de 12 de fevereiro de 1996 e a
Lei  nº  6.015,  de  31  de  dezembro  de  1973,  para
garantir o direito à retificação e averbação gratuitas
do  nome  civil  e  gênero  autopercebido  de  pessoas
travestis, transexuais, transgêneros e não-binárias.
O CONGRESSO NACIONAL DECRETA:
Art. 1º  Esta Lei garante o direito à retificação e averbação gratuitas  do nome civil e
gênero autopercebido de pessoas travestis, transexuais, transgêneros e não-binárias. 
Art.  2º  Toda pessoa tem direito  ao reconhecimento,  ao  l",0.5
63,1,Regulamentação dos transgêneros no esporte,INC 5790/2014,Sugere ao Ministério do Esporte (ME) a Regulamentação da modalidade esportiva de Kite Surf.,"REQUERIMENTO                 , DE 2014.  
(Do Sr. Acelino POPÓ) 
Requer o envio de Indicação ao Poder 
Executivo, sugerindo ao Ministério do 
Esporte (ME) a regulamentação da 
modalidade esportiva de Kite Surf.  
Senhor Presidente: 
Nos termos do art. 113, inciso I e § 1º, do Regimento 
Interno da Câmara dos Deputados, requeiro a V. Exª. seja encaminhada ao 
Poder Executivo a Indicação em anexo, sugerindo ao Ministério do Esporte 
(ME) a regulamentação da modalidade esportiva de Kite Surf.  
Sala das Sessões, em       de                           de 2014. 
_______________________________ 
ACEL",0.0
63,1,Regulamentação dos transgêneros no esporte,PL 5002/2013,Dispõe sobre o direito à identidade de gênero e altera o art. 58 da Lei nº 6.015 de 31 de dezembro de 1973.,"PROJETO DE LEI Nº _________/ 2013 
  
(Dep. Jean Wyllys e Érika Kokay) 
  
  
  
Dispõe sobre o direito à identidade 
de gênero e altera o artigo 58 da Lei 
6.015 de 1973. 
  
 
LEI JOÃO W NERY 
LEI DE IDENTIDADE DE GÊNERO 
O Congresso Nacional decreta: 
 
Artigo 1º - Toda pessoa tem direito: 
 
I - ao reconhecimento de sua identidade de gênero; 
II - ao livre desenvolvimento de sua pessoa conforme sua identidade de gênero; 
III - a ser tratada de acordo com sua identidade de gênero e, em particular, a ser identificada 
dessa maneira nos instrumentos que acreditem sua identidade pessoal a resp",0.5
64,1,Colégios eleitorais de entidades de administração do desporto,PL 7475/2002,Consolida a legislação do desporto.,"PROJETO DE LEI 
 
 
Consolida a legislação do desporto. 
 
 
 O CONGRESSO NACIONAL decreta: 
 
CAPÍTULO I 
DAS DISPOSIÇÕES INICIAIS 
 
 Art. 1o  O desporto brasileiro abrange práticas formais e não-formais e obedece às normas 
gerais desta Lei, inspirado nos fundamentos constitucionais do Estado Democrático de Direito. 
 
 § 1o  A prática desportiva formal é regulada por normas nacionais e internacionais e pelas 
regras de prática desportiva de cada modalidade, aceitas pelas respectivas entidades nacionais de 
administração do desporto. 
 
 § 2o  A prática desportiva não-formal é caracterizada",0.5
64,1,Colégios eleitorais de entidades de administração do desporto,PL 350/2003,"Acrescenta parágrafo único ao art. 14 da Lei nº 9.615, de 24 de março de 1998, que institui normas gerais sobre o desporto.","Projeto de Lei 
(Do Deputado Bismarck Maia) 
 
 
 
 
Acrescenta parágrafo único 
ao Art. 14 da Lei No. 9.615, de 24 de 
março de 1998, que institui normas 
gerais sobre o desporto.  
 
 
 
 
  O Congresso Nacional decreta: 
 
 
 
  Art. 1º O Art. 14, da Seção IV- Do Sistema Nacional do Desporto -, passa a 
vigorar acrescido do seguinte Parágrafo Único: 
 
 
   Art. 14. ........................................................................................................... 
.......................................................................................................................",0.5
64,1,Colégios eleitorais de entidades de administração do desporto,PL 4862/2009,"Altera o art. 18 da Lei nº 9.615, de 24 de março de 1998, para limitar o mandato dos dirigentes de entidades desportivas beneficiárias de recursos públicos ou de isenção fiscal.","PROJETO DE LEI Nº      , DE 2009
(Do Sr. CARLOS BEZERRA)
Altera o art. 18 da Lei n.º 9.615/98
para limitar o mandato dos dirigentes de
entidades desportivas beneficiárias de
recursos públicos ou de isenção fiscal.
O Congresso Nacional decreta:
Art. 1º. O artigo 18 da Lei n.º 9.615, de 24 de março de
1998, passa a vigorar acrescido do seguinte inciso:
“Art. 18 ...............................................................................
.............................................................................................
V - contenham em seus estatutos cláusula expressa de
limitação d",0.5
64,1,Colégios eleitorais de entidades de administração do desporto,PL 1482/2003,"Acrescenta parágrafo ao art. 16 da Lei nº 9.615, de 24 de março de 1998.","PROJETO DE LEI N.º        , DE        JULHO DE 2003.
(Do Sr. Deputado José Rajão)
Acrescenta parágrafo ao artigo 16
da Lei n.º 9.615, de 24 de março de 1998.
O Congresso Nacional decreta:
Art. 1º O art. 16 da Lei n.º 9.615, de 24 de março de 1998, passa a vigorar
acrescido do seguinte parágrafo 4º:
“Art. 16.................................................................................................
§ 1°......................................................................................................
§ 2º...................................................................................",0.5
64,1,Colégios eleitorais de entidades de administração do desporto,PL 259/2003,Dispõe sobre o controle de doping no desporto.,"PROJETO DE LEI Nº            , DE 2003 
                                         (Do Sr. MAURÍCIO RABELO) 
  
  
  
Dispõe sobre o controle de doping no desporto. 
  
  
  
  
O Congresso Nacional decreta: 
  
Art. 1º O controle de doping no desporto em território nacional rege-se por 
esta lei e tem a finalidade de proteger a saúde bio-psicofísica dos atletas, 
preservar a igualdade de oportunidades e defender a ética na prática desportiva. 
  
Art. 2º Para os efeitos desta lei entende-se como entidades nacionais ou 
regionais de administração das diferentes modalidades desportivas as 
confed",0.0
64,1,Colégios eleitorais de entidades de administração do desporto,PL 4410/2008,"Altera dispositivos da Lei nº 9.615 de 24 de março de 1998  que ""Institui normas gerais sobre desporto e dá  outras providências"".","PROJETO DE LEI Nº.                       /2008.
(Do Sr. Rodrigo Rollemberg)
Altera dispositivos da Lei nº 9.615 de 24
de março de 1998  que “Institui normas
gerais sobre desporto e dá  outras
providências”.
O CONGRESSO NACIONAL decreta:
Art. 1º. O art. 55 da Lei nº 9.615 de 24 de março de 1998 que “Institui normas
gerais sobre desporto e dá  outras providências” passa a vigorar com a seguinte
redação:
“Art. 55. O Superior Tribunal de Justiça Desportiva e os Tribunais de Justiça
Desportiva serão compostos por nove membros, sendo:
        I - dois indicados pela entidade de administração do desp",0.0
64,1,Colégios eleitorais de entidades de administração do desporto,PL 778/2011,"Altera o art. 18 da Lei nº 9.615, de 1998 para proibir mais de uma reeleição aos dirigentes de entidades desportivas beneficiárias de recursos públicos ou de isenção fiscal.","PROJETO DE LEI Nº      , DE 2011 
(Do Sr. AMAURI TEIXEIRA) 
Altera o art. 18 da Lei n.º 9.615/98 
para proibir mais de uma reeleição aos 
dirigentes de entidades desportivas 
beneficiárias de recursos públicos ou de 
isenção fiscal. 
O Congresso Nacional decreta: 
Art. 1º. O artigo 18 da Lei n.º 9.615, de 24 de março de 
1998, passa a vigorar acrescido do seguinte inciso:  
“Art. 18 ............................................................................... 
............................................................................................. 
VI - contenham em seus estatutos cláus",0.0
64,1,Colégios eleitorais de entidades de administração do desporto,PL 5025/2009,"Estabelece às entidades de administração do desporto o parcelamento concedido pela Lei nº 11.345, de 14 de setembro de 2006, que instituiu o concurso de prognóstico destinado ao desenvolvimento da prática desportiva - Timemania.","PROJETO DE LEI Nº      , DE 2009
(Do Sr. José Rocha)
Estende às entidades de
administração do desporto o parcelamento
concedido pela  Lei nº11.345, de 14 de
setembro de 2006, que instituiu o concurso
de prognóstico destinado ao
desenvolvimento da prática desportiva -
Timemania.
O Congresso Nacional decreta:
Art. 1º O art.4º, da Lei nº11.345, de 14 de setembro de
2006, passa a vigorar acrescido do seguinte parágrafo:
“Art.4º..............................................................................
........................................................................................
§14. ",0.0
64,1,Colégios eleitorais de entidades de administração do desporto,PL 6718/2016,"Altera o art. 56 da Lei nº 9.615, de 24 de março de 1998, que institui normas gerais sobre o desporto, para realocar a destinação de recursos oriundos dos 2,7% (dois inteiros e sete décimos por cento) da arrecadação bruta dos concursos de prognósticos e loterias federais e similares e dar outras providências.","PROJETO DE LEI Nº      , DE 2016  
(Do Sr. César Halum e outros) 
Altera o art. 56 da Lei nº 9.615, de 24 
de março de 1998, que institui normas 
gerais sobre o desporto, para realocar a 
destinação de recursos oriundos dos 2,7% 
(dois inteiros e sete décimos por cento) da 
arrecadação bruta dos concursos de 
prognósticos e loterias federais e similares e 
dar outras providências.  
O Congresso Nacional decreta: 
Art. 1º O artigo 56 da Lei nº 9.615, de 24 de março de 
1998, passa a vigorar com a seguinte redação:  
“Art.56........................................................................",0.0
64,1,Colégios eleitorais de entidades de administração do desporto,PL 8018/2010,"Altera dispositivos da Lei nº 10.826, de 22 de dezembro de 2003, que dispõe sobre registro, posse e comercialização de armas de fogo e munição, sobre o Sistema Nacional de Armas - SINARM.","CÂMARA DOS DEPUTADOS 
Gabinete do Deputado JAIR BOLSONARO 
PROJETO DE LEI nº          de 2010 
(Do Sr. Jair Bolsonaro) 
 
Altera dispositivos da Lei nº 10.826, de 
22 de dezembro de 2003, que dispõe 
sobre registro, posse e comercialização 
de armas de fogo e munição, sobre o 
Sistema Nacional de Armas – SINARM. 
 
O Congresso Nacional decreta: 
 
Art. 1º O inciso IX do art. 6º da Lei nº 10.826, de 22 de 
dezembro de 2003, passa a vigorar com a seguinte redação: 
 
“Art. 6º ... 
... 
IX Os integrantes das entidades de desporto legalmente 
constituídas, cujas atividades esportivas demandem o us",0.0
65,1,Criação de fundos especiais,PL 5306/2020,"Altera a Lei nº 7.827, de 27 de setembro de 1989, que institui os Fundos Constitucionais de Financiamento do Norte, do Nordeste e do Centro-Oeste, e a Lei nº 10.177, de 12 de janeiro de 2001, que dispõe sobre as operações com recursos desses Fundos, para incluir as startups nas diretrizes e no rol de beneficiários dos Fundos Constitucionais, conferindo-lhes prioridade no recebimento de linhas de créditos especiais; e dá outras providências.","Altera a Lei nº 7.827, de 27 de setembro de
1989,  que  institui  os  Fundos
Constitucionais de Financiamento do Norte,
do Nordeste e do Centro-Oeste, e a Lei nº
10.177,  de  12  de  janeiro  de  2001,  que
dispõe  sobre  as  operações  com  recursos
desses Fundos, para incluir as startups nas
diretrizes  e  no  rol  de  beneficiários  dos
Fundos  Constitucionais,  conferindo-lhes
prioridade  no  recebimento  de  linhas  de
créditos especiais; e dá outras providências.
O Congresso Nacional decreta:
Art.  1º  São  enquadradas  como  startups as  organizações  empresariais  ou
societárias,  nasc",0.5
65,1,Criação de fundos especiais,PEC 139/2012,"Altera a redação do art. 159 da Constituição Federal, amplia o percentual de distribuição dos recursos arrecadados pela União e inclui a Região Sul entre as beneficiárias dos Fundos Constitucionais.","PROPOSTA DE EMENDA À CONSTITUIÇÃO No      , DE 2012 
(Do Sr. Luis Carlos Heinze e outros) 
Altera a redação do Art. 159 da 
Constituição Federal, amplia o percentual de 
distribuição dos recursos arrecadados pela 
União e inclui a Região Sul entre as 
beneficiárias dos Fundos Constitucionais. 
As Mesas da Câmara dos Deputados e do Senado 
Federal, nos termos do Art. 60 da Constituição Federal, promulgam a seguinte 
emenda ao texto constitucional: 
Art. 1º. O Art. 159 da Constituição Federal passa a vigorar 
com as seguintes alterações: 
""Art. 159. ..............................................",0.5
65,1,Criação de fundos especiais,PL 3581/2008,Dispõe sobre o regime de capital estrangeiro oriundo de fundos soberanos e dá outras providências.,"PROJETO DE LEI No       , DE 2008 
(Do Sr. Fernando Diniz) 
Dispõe sobre o regime de capital 
estrangeiro oriundo de fundos soberanos e 
dá outras providências.  
O Congresso Nacional decreta: 
Art. 1º Inclua-se o seguinte Parágrafo único no art. 1º da 
Lei 4.131, de 3 de setembro de 1962: 
“Art. 1º................... 
Parágrafo único.  Consideram-se capitais estrangeiros 
oriundos de fundos soberanos, para os efeitos desta Lei, aqueles que possuam 
as características definidas no caput e que pertençam, direta ou indiretamente, 
a governos estrangeiros, mesmo que geridos por entidades privadas",0.5
65,1,Criação de fundos especiais,PL 2688/2007,"Modifica a Lei nº 7.827, de 27 de setembro de 1989, que regulamenta o art. 159, alínea ""c"", da Constituição Federal, institui o Fundo Constitucional de Financiamento do Norte - FNO, o Fundo Constitucional de Financiamento do Nordeste - FNE e o Fundo Constitucional de Financiamento do Centro-Oeste - FCO, e dá outras providências.","Projeto de Lei n º                           /2007 
(do Sr. José Guimarães) 
 
Modifica a Lei nº 7.827, de 27 de 
setembro de 1989, que regulamenta o art. 159, 
alínea c, da Constituição Federal, institui o 
fundo Constitucional de Financiamento do 
Norte – FNO, o Fundo Constitucional de 
Financiamento do Nordeste – FNE e o Fundo 
Constitucional de Financiamento do Centro-
Oeste – FCO, e dá outras providências. 
 
 
 
Art. 1º - Inclui inciso no art. 3º da Lei nº 7.827, de 27 de setembro de 1989, com a seguinte 
redação: 
 
Art. 3º Respeitadas as disposições dos Planos Regionais de Desenvolvime",1.0
65,1,Criação de fundos especiais,PRC 5/2021,"Dispõe sobre a destinação do saldo não utilizado da Cota para o Exercício da Atividade Parlamentar, no âmbito da Câmara dos Deputados, para Fundos Especiais de amparo social à criança e ao idoso.","CÂMARA DOS DEPUTADOS
Gabinete da Deputada Federal Paula Belmonte – CIDADANIA/DF
PROJETO DE RESOLUÇÃO Nº          , DE 2021 
(Da Sra. PAULA BELMONTE)
Dispõe  sobre  a  destinação  do  saldo
não utilizado da Cota para o Exercício da
Atividade Parlamentar, no âmbito da Câmara
dos  Deputados,  para  Fundos  Especiais  de
amparo social à criança e ao idoso.
A Câmara dos Deputados resolve:
Art. 1º Esta Resolução dispõe sobre a destinação do saldo não
utilizado da Cota  para  o Exercício  da Atividade Parlamentar,  no  âmbito  da
Câmara dos Deputados, para Fundos Especiais de amparo social à criança ",1.0
65,1,Criação de fundos especiais,INC 2461/2016,Sugere que os recursos arrecadados com a aplicação das sanções previstas pelo Estatuto do Idoso sejam destinados aos fundos do idoso dos respectivos Estados e Municípios onde a penalidade foi aplicada.,"CÂMARA DOS DEPUTADOS 
 
1 
INDICAÇÃO Nº               , DE 2016 
                 (Da Sra. LEANDRE) 
Sugere que os recursos arrecadados com a aplicação 
das sanções previstas pelo Estatuto do Idoso sejam 
destinados aos fundos do idoso dos respectivos 
Estados e Municípios onde a penalidade foi aplicada. 
Excelentíssimo Senhor Presidente do Conselho Nacional de 
Justiça, Min. Ricardo Lewandowski, gostaríamos de sugerir que as devidas 
providências sejam tomadas para destinar os recursos arrecadados em função 
da aplicação de sanções previstas pela Lei nº 10.741, de 2003 (Estatuto do 
Idoso) se",1.0
65,1,Criação de fundos especiais,PLP 71/2020,"Altera a Lei Complementar nº 101, de 2000 (Lei de Responsabilidade Fiscal), para autorizar a utilização dos recursos que especifica, nos casos de calamidade pública, estado de defesa e estado de sítio.","PROJETO DE LEI COMPLEMENTAR Nº          , DE 2020 
(Do Sr. NERI GELLER) 
Altera a Lei Complementar nº 101, de 
2000 (Lei de Responsabilidade Fiscal), para 
autorizar a utilização dos recursos que 
especifica, nos casos de calamidade pública, 
estado de defesa e estado de sítio. 
O Congresso Nacional decreta: 
Art. 1º O art. 65, da Lei Complementar nº 101, de 2000, passa 
a vigorar com as seguintes alterações: 
“Art. 65. 
.................................................. 
............................................................... 
§ 1º Aplica-se o disposto no caput no 
caso de estado de d",0.0
65,1,Criação de fundos especiais,PL 2894/2004,Dispõe sobre a concessão de empréstimo financeiro a pessoas jurídicas que desejem empreender e gerar emprego e renda.,"PROJETO DE LEI Nº , DE 2004
(Do Sr.  Carlos Nader)
“Dispõe sobre a
concessão de empréstimo
financeiro a pessoas
jurídicas que desejem
empreender e gerar
emprego e renda”.
O Congresso Nacional decreta:
Art. 1º É instituído o programa de
financiamento  popular, destinado a conceder
empréstimo bancário a pessoas jurídicas que
desejem iniciar ou expandir pequenos negócios.
Art. 2º Os recursos para execução do
programa instituído no art. 1º advirão de fundos
especiais criados para este fim, pelas
instituições financeiras públicas federais, com 5%
(cinco por cento) dos seus depósitos à vista.
Parágr",1.0
65,1,Criação de fundos especiais,PL 356/2003,"Introduz o art. 84 e renumera os demais artigos do Decreto-Lei nº 73, de 21 de novembro de 1966.","Projeto de Lei  n.º           de 2003 
(Dep. Carlos Nader) 
 
 
 
 
“Introduz o art. 84 e renumera os 
demais artigos do Decreto-lei n.º 73,   de 
21 de novembro de 1966 .”  
 
 
 
 
 
 
 
O Congresso Nacional decreta: 
 
Art. 1º Introduz o art. 84 e renumera os demais artigos  do 
Decreto-lei n.º 73, de 21 de novembro de 1966, que passará  a vigorar  
com o seguinte artigo; 
 
“Art. 84 O  contrato de seguro conterá, obrigatoriedade, 
cláusula fixando prazo para pagamento de indenização, que não 
poderá exceder: 
I – nos  seguros obrigatórios, a dez dias úteis, contados do 
momento em que fica",0.0
65,1,Criação de fundos especiais,PL 3149/2004,Estabelece percentual máximo de recursos destinados ao Fundo Nacional de Desenvolvimento Científico e Tecnológico que pode ser aplicado na gestão de seus programas.,"PROJETO DE LEI Nº        , DE 2004
(DA COMISSÃO DE CIÊNCIA E TECNOLOGIA, COMUNICAÇÃO E
INFORMÁTICA)
Estabelece percentual máximo de
recursos destinados ao Fundo Nacional de
Desenvolvimento Científico e Tecnológico que
pode ser aplicado na gestão de seus
programas.
O Congresso Nacional decreta:
Art. 1º  Esta Lei acrescenta dispositivos à Lei nº 10.332, de
19 de dezembro de 2001, com o intuito de estabelecer percentual máximo dos
recursos do Fundo Nacional de Desenvolvimento Científico e Tecnológico que
pode ser destinado à manutenção de seus programas.
Art. 2º É acrescentado à Lei nº 10.332, de",0.5
66,1,"proibir refrigerante escolas
",PL 6283/2013,Esta lei proíbe a venda de refrigerantes a menor de 18 anos e de alimentos com alto teor calórico e níveis reduzidos de nutrientes em estabelecimentos de ensino e dá outras providências.,"PROJETO DE LEI Nº           DE 2013. 
(Do Senhor Gonzaga Patriota) 
 
 
 
Esta lei proíbe a venda de refrigerantes 
a menor de 18 anos e de alimentos com 
alto teor calórico e níveis reduzidos de 
nutrientes em estabelecimentos de 
ensino e dá outras providências. 
 
 
 
Art. 1º Esta lei proíbe a venda de refrigerantes a menores de dezoito 
anos e dá outras providências. 
 
Art. 2º Fica proibida em todo o território nacional a venda de 
refrigerantes a pessoa menor de dezoito anos. 
 
Art. 3º Nos estabelecimentos escolares de educação básica e no 
perímetro de 200 metros fica proibida a comerc",1.0
66,1,"proibir refrigerante escolas
",PL 10498/2018,Regulamenta a proibição da venda de salgadinhos industrializados e refrigerantes em escolas publicas.,"PROJETO DE LEI Nº            DE 2018 
 
(Do Sr. Professor Victório Galli) 
 
 
 
Regulamenta a proibição da venda de 
salgadinhos industrializados e refrigerantes 
em escolas publicas. 
 
 
 
   O CONGRESSO NACIONAL decreta: 
 
 
   Art. 1º É defeso a venda de salgadinhos industrializados e 
refrigerantes em escolas publicas em todo território nacional. 
 
   2º Esta Lei entra em vigor na data de sua publicação. 
 
 
 
JUSTIFICAÇÃO 
 
 
    Apesar de serem bastante consumidos, é importante salientar 
que os salgadinhos de pacote não são alimentos saudáveis. Segundo os 
especialistas, o seu con",1.0
66,1,"proibir refrigerante escolas
",INC 4711/2005,"Sugere ao Ministério da Agricultura, Pecuária e Abastecimento  a adoção de providências sobre irregularidades no registro do produto Refrigerante Coca-Cola.","1REQUERIMENTO
( DO Sr. Deputado RENATO COZZOLINO)
Requer o envio de Indicação ao Ministério
da Agricultura, Pecuária e Abastecimento,
para a adoção de providências sobre
irregularidades no registro do produto
Refrigerante Coca-Cola.
Senhor Presidente:
Nos termos do art. 113, inciso I, § 1º, do Regimento Interno
da Câmara dos Deputados, requeiro a Vossa Excelência, que seja encaminhada
ao Poder Executivo a Indicação em anexo, sugerindo a adoção de providências
sobre irregularidades no registro de refrigerante Coca-Cola e seu cancelamento.
 Sala das Sessões, em 09 de março de 2005.
 RENATO COZZO",0.0
66,1,"proibir refrigerante escolas
",PL 2510/2003,Dispõe sobre a proibição de venda de produtos alimentares que especifica em escolas do ensino fundamental,"PROJETO DE LEI Nº      , DE 2003
(Do Sr.  Pastor Reinaldo)
Dispõe sobre a proibição de venda de
produtos alimentares que especifica em
escolas do ensino fundamental.
O Congresso Nacional decreta:
Art. 1º  Fica proibida a venda dos produtos alimentares
abaixo relacionados nas escolas públicas e privadas do ensino fundamental:
I - goma de mascar;
II - pirulito;
III – bala;
IV - refresco de pó industrializado;
V – refrigerante;
VI - bebida alcoólica;
VII - alimentos com mais de 3g de gordura em 100kcal do
produto;
VIII – alimentos com mais de 160mg de sódio em 100kcal
do produto;
IX - alimentos q",1.0
66,1,"proibir refrigerante escolas
",INC 5928/2005,"Sugere ao Poder Executivo, por intermédio do Gabinete de Segurança Institucional, no âmbito da Secretaria Nacional Antidrogas - SENAD, relativa a afirmação que "" extratos da folha de coca realmente são usados na fórmula de refrigerante"", a adoção de providências em conformidade com a Lei n.º 10.409, de 2002.","1REQUERIMENTO
( DO Sr. Deputado RENATO COZZOLINO)
Requer o envio de Indicação à  Secretaria
Nacional Antidrogas - SENAD, relativa a
afirmação que "" extratos da folha de coca
realmente são usados na fórmula de
refrigerante”, para a adoção de providências
em conformidade com a Lei n.º 10.409, de
2002.
Senhor Presidente:
Nos termos do art. 113, inciso I, § 1º, do Regimento Interno
da Câmara dos Deputados, requeiro a Vossa Excelência, que seja encaminhada
ao Poder Executivo - Secretaria Nacional Antidrogas, Secretário Paulo Roberto
Yog de Miranda Uchôa, a Indicação em anexo, sugerindo a adoção de
",0.0
66,1,"proibir refrigerante escolas
",INC 4712/2005,"Sugere ao Ministério da Saúde a adoção de providências sobre irregularidades no controle e fiscalização da importação do extrato vegetal, ingrediente do refrigerante Coca-Cola. 
.","1REQUERIMENTO
( DO Sr. Deputado RENATO COZZOLINO)
Requer o envio de Indicação ao Ministério da
Saúde, para a adoção de providências sobre
irregularidades no controle e fiscalização da
importação do extrato vegetal, ingrediente do
refrigerante Coca-Cola.
.
Senhor Presidente:
Nos termos do art. 113, inciso I, § 1º, do Regimento Interno da
Câmara dos Deputados, requeiro a Vossa Excelência, que seja encaminhada ao
Poder Executivo a Indicação em anexo, sugerindo a adoção de providências
sobre irregularidades no controle e fiscalização da importação do extrato vegetal,
ingrediente do refrigerante Co",0.0
66,1,"proibir refrigerante escolas
",INC 4710/2005,"Sugere ao Poder Executivo, por intermédio do Ministério da Justiça, a adoção de providências em verificar irregularidades no Laudo de Exame N.º 1933/00-INC (Coca-Cola).","1REQUERIMENTO
( DO Sr. Deputado RENATO COZZOLINO)
Requer o envio de Indicação ao Ministério da
Justiça, para a adoção de providências sobre
irregularidades no Laudo de Exame N.º
1933/00 -INC (Coca-Cola).
.
Senhor Presidente:
Nos termos do art. 113, inciso I, § 1º, do Regimento Interno da
Câmara dos Deputados, requeiro a Vossa Excelência, que seja encaminhada ao
Poder Executivo a Indicação em anexo, sugerindo a adoção de providências
sobre irregularidades na expedição do Laudo de Exame 1933/00 do INC do
produto Refrigerante/marca Coca-Cola.
 Sala das Sessões, em 09 de março de 2005.
 RENATO COZ",0.0
66,1,"proibir refrigerante escolas
",PL 5482/2016,Dispõe sobre a proibição de embalagens de espuma de poliestireno - isopor - para acondicionamento de alimentos e bebidas em todos os estabelecimentos comerciais do País.,"CAMARA DOS DEPUTADOS 
 
 
 
 
PROJETO DE LEI Nº               , DE 2016 
(Do Sr. Danrlei de Deus Hinterholz) 
 
 
 
Dispõe sobre a proibição de 
embalagens de espuma de poliestireno 
- isopor - para acondicionamento de 
alimentos e bebidas em todos os 
estabelecimentos comerciais do País. 
 
 
O Congresso Nacional decreta: 
 
Art. 1º. Fica vedado o uso de embalagens de espuma de poliestireno - 
isopor - para acondicionamento de alimentos in natura ou processados e de 
bebidas em todos os estabelecimentos comerciais do País. 
Art. 2º. Fica liberado o uso de papel cartão encerado com resina de 
",0.0
66,1,"proibir refrigerante escolas
",PL 6451/2009,"Dispõe sobre a obrigatoriedade de inscrição da quantidade de açúcar nos rótulos dos refrigerantes, sucos e bebidas similares, bem como de alerta sobre riscos do consumo em excesso desse produto.","PROJETO DE LEI Nº      , DE 2009
(Da Sr. Eliene Lima)
Dispõe sobre a obrigatoriedade de
inscrição da quantidade de açúcar nos
rótulos dos refrigerantes, sucos e bebidas
similares, bem como de alerta sobre riscos
do consumo em excesso desse produto.
O Congresso Nacional decreta:
Art. 1o Na rotulagem nutricional dos refrigerantes, sucos e
bebidas similares deve ser declarada a quantidade de açúcar em percentual do
total de carboidratos e em gramas, sem prejuízo das demais exigências da
legislação sanitária em vigor.
Art. 2º É obrigatória a inscrição da frase “açúcar em
excesso prejudica a saúde”",0.0
66,1,"proibir refrigerante escolas
",PL 2229/2015,"Acrescenta o § 3º ao art. 6º, da Lei nº 8.918, de 14 de julho de 1994, que ""Dispõe sobre a padronização, a classificação, o registro, a inspeção, a produção e a fiscalização de bebidas, autoriza a criação da Comissão Intersetorial de Bebidas e dá outras providências"".","PROJETO DE LEI Nº               , DE 2015 
(Do Sr. Miguel Lombardi) 
 
 
Acrescenta o § 3º ao art. 6º, da Lei nº 
8.918, de 14 de julho de 1994, que 
“Dispõe sobre a padronização, a 
classificação, o registro, a inspeção, a 
produção e a fiscalização de bebidas, 
autoriza a criação da Comissão 
Intersetorial de Bebidas e dá outras 
providências”. 
 
 
O Congresso Nacional decreta: 
Art. 1º O art. 6º, da Lei nº 8.918, de 14 de julho de 1994, que “Dispõe 
sobre a padronização, a classificação, o registro, a inspeção, a produção e a 
fiscalização de bebidas, autoriza a criação da Comissão Interse",0.5
67,1,Solicito elaborar proposição para revogar a reforma trabalhista.,PL 913/2019,"Revoga expressamente o §1º, e seus incisos, e o §2º do art. 223-G da Consolidação das Leis do Trabalho (CLT).","PROJETO DE LEI Nº          , DE 2019 
(Da Sra. MARIA DO ROSÁRIO) 
Revoga expressamente o §1º, e seus 
incisos, e o §2º do art. 223-G da 
Consolidação das Leis do Trabalho (CLT).  
O Congresso Nacional decreta: 
Art. 1º Fica revogado o §1º, e seus incisos, e o §2º do art. 223-
G da Consolidação das Leis do Trabalho aprovada pelo Decreto-lei nº 5.452, 
de 1º de maio de 1943. 
Art. 2º Esta lei entra em vigor na data de sua publicação.  
JUSTIFICAÇÃO 
A presente proposição tem a finalidade de revogar dispositivo 
que cria uma flagrante inconstitucionalidade entre trabalhadores com salários 
distin",0.5
67,1,Solicito elaborar proposição para revogar a reforma trabalhista.,PL 10824/2018,"Altera a Consolidação das Leis do Trabalho, aprovada pelo Decreto-lei nº 5.452, de 1º de maio de 1943, para revogar e modificar dispositivos relativos à negociação coletiva, incluídos na reforma trabalhista aprovada pela Lei nº 13.467, de 13 de julho de 2017.","PROJETO DE LEI Nº          , DE 2018 
(Do Sr. NELSON PELLEGRINO) 
Altera a Consolidação das Leis do 
Trabalho, aprovada pelo Decreto-lei nº 
5.452, de 1º de maio de 1943, para revogar 
e modificar dispositivos relativos à 
negociação coletiva, incluídos na reforma 
trabalhista aprovada pela Lei nº 13.467, de 
13 de julho de 2017. 
O Congresso Nacional decreta: 
Art. 1º Esta lei altera o § 3º do art. 614 e o art. 620 da 
Consolidação das Leis do Trabalho, aprovada pelo Decreto-lei nº 5.452, de 1º 
de maio de 1943, que passam a vigorar com a seguinte redação: 
“Art. 614. ........................",0.5
67,1,Solicito elaborar proposição para revogar a reforma trabalhista.,PL 8181/2017,"Revoga a Lei 13.467, de 3 de julho de 2017.","PROJETO DE LEI Nº              , DE 2017 
(Do Sr. Jean Wyllys) 
Revoga a Lei 13.467, de 3 de julho de 2017. 
 
O Congresso Nacional decreta: 
Art. 1º Fica revogada a Lei 13.467, de 3 de julho de 2017. 
Art. 2º Esta Lei entra em vigor na data de sua publicação. 
 
JUSTIFICAÇÃO 
 
A reforma anti-trabalhista (Lei 13.467, de 3 de julho de 2017) é 
o maior retrocesso dos direitos dos trabalhadores e das trabalhadoras na história 
brasileira, desde a aprovação da CLT, em 1943. É, também, o maior ataque aos 
direitos do povo trabalhador — a maioria da população brasileira — e à justiça 
social, para ",1.0
67,1,Solicito elaborar proposição para revogar a reforma trabalhista.,PL 10818/2018,"Altera a Consolidação das Leis do Trabalho, aprovada pelo Decreto-lei nº 5.452, de 1º de maio de 1943, para revogar e modificar dispositivos incluídos pela reforma trabalhista aprovada pela Lei nº 13.467, de 13 de julho de 2017.","PROJETO DE LEI Nº          , DE 2018 
(Do Sr. NELSON PELLEGRINO) 
Altera a Consolidação das Leis do 
Trabalho, aprovada pelo Decreto-lei nº 
5.452, de 1º de maio de 1943, para revogar 
e modificar dispositivos incluídos pela 
reforma trabalhista aprovada pela Lei nº 
13.467, de 13 de julho de 2017. 
O Congresso Nacional decreta: 
Art. 1º Esta lei altera o § 1º do art. 8º da Consolidação das Leis 
do Trabalho, aprovada pelo Decreto-lei nº 5.452, de 1º de maio de 1943, que 
passa a vigorar com a seguinte redação: 
“Art. 8º 
........................................................................",1.0
67,1,Solicito elaborar proposição para revogar a reforma trabalhista.,PL 4014/2019,"Revoga os §§ 2º e 3º do art. 11 e o art. 11-A da Consolidação das Leis do Trabalho - CLT, que dispõem sobre a prescrição.","PROJETO DE LEI Nº          , DE 2019 
(Do Sr. CARLOS BEZERRA) 
Revoga os §§ 2º e 3º do art. 11 e o art. 
11-A da Consolidação das Leis do Trabalho 
– CLT, que dispõem sobre a prescrição. 
O Congresso Nacional decreta: 
Art. 1º Ficam revogados os §§ 2º e 3º do art. 11 e o art. 11-A da 
Consolidação das Leis do Trabalho – CLT, aprovada pelo Decreto-lei nº 5.452, 
de 1º de maio de 1943. 
Art. 2º Esta lei entra em vigor na data de sua publicação. 
JUSTIFICAÇÃO 
A reforma trabalhista prejudicou o trabalhador de inúmeras 
maneiras. Uma das mais perversas foi a alteração do processo do trabalho 
com ",0.5
67,1,Solicito elaborar proposição para revogar a reforma trabalhista.,PL 8883/2017,"Altera e revoga artigos da Consolidação das Leis do Trabalho - CLT, introduzidos pela Lei nº 13.467, de 13 de julho de 2017, a fim de dispor sobre o processo do trabalho.","PROJETO DE LEI Nº          , DE 2017 
(Do Sr. MARCO MAIA) 
Altera e revoga artigos da Consolidação 
das Leis do Trabalho – CLT, introduzidos pela 
Lei nº 13.467, de 13 de julho de 2017, a fim 
de dispor sobre o processo do trabalho.  
O Congresso Nacional decreta: 
Art. 1º A Consolidação das Leis do Trabalho – CLT, aprovada 
pelo Decreto-lei nº 5.452, de 1º de maio de 1943, passa a vigorar com a seguinte 
redação: 
“Art. 702....................................................................................... 
I -................................................................................",1.0
67,1,Solicito elaborar proposição para revogar a reforma trabalhista.,PL 273/2019,"Altera a Consolidação das Leis do Trabalho (CLT), aprovada pelo Decreto-lei nº 5.452, de 1º de maio de 1943, para revogar o contrato de trabalho intermitente.","PROJETO DE LEI Nº        , DE 2019. 
(Do Sr. Rubens Otoni) 
Altera a Consolidação das Leis do Trabalho 
(CLT), aprovada pelo Decreto-lei nº 5.452, de 
1º de maio de 1943, para revogar o contrato de 
trabalho intermitente. 
O Congresso Nacional decreta: 
 Art. 1º O art. 443 da Consolidação das Leis do Trabalho, alterado pela 
Lei nº 13.467, de 13 de julho de 2017, passa a vigorar com a seguinte redação: 
Art. 443. O contrato individual de trabalho poderá ser acordado 
tácita ou expressamente, verbalmente ou por escrito e por prazo 
determinado ou indeterminado.  
§ 1º Considera-se como de prazo",0.5
67,1,Solicito elaborar proposição para revogar a reforma trabalhista.,PL 8845/2017,"Altera e revoga dispositivos da Consolidação das Leis do Trabalho - CLT, a fim de dispor sobre o benefício da justiça gratuita.","CÂMARA DOS DEPUTADOS– 55º LEGISLATURA 
                  GABINETE DA DEPUTADA BENEDITA DA SILVA 
Câmara dos Deputados        P G :  1 | 3 
Praça dos Três Poderes, Anexo IV - Gabinete 330 
Brasília - DF - CEP. 70.160-900 
Fones: (61) 3215-5330                                                                                                                                 
 
 
PROJETO DE LEI Nº          , DE 2017 
(Da Sra. BENEDITA DA SILVA) 
Altera e revoga dispositivos da 
Consolidação das Leis do Trabalho – CLT, a 
fim de dispor sobre o benefício da justiça 
gratuita.  
O Congresso Nacional dec",0.5
67,1,Solicito elaborar proposição para revogar a reforma trabalhista.,PL 614/2019,"Revoga os artigos 223-A e 223-G, §§ 1º e 2º, da Consolidação das Leis do Trabalho (CLT), aprovado pelo Decreto - Lei nº. 5.452, com a redação dada pela Lei nº. 13.467, de 13 de junho de 2017, a fim de revogar os limites impostos ao valor das reparações de danos de natureza extrapatrimonial decorrentes da relação de trabalho.","PROJETO DE LEI  Nº _______/2019 
(Da Sra. DEPUTADA MARGARIDA SALOMÃO) 
 
Revoga os artigos 223-A e 223-G, 
§§ 1º e 2º, da Consolidação das Leis do 
Trabalho (CLT), aprovado pelo Decreto – 
Lei nº. 5.452, com a redação dada pela 
Lei nº. 13.467, de 13 de junho de 2017, 
a fim de revogar os limites impostos ao 
valor das reparações de danos de 
natureza extrapatrimonial decorrentes 
da relação de trabalho.   
 
O CONGRESSO NACIONAL decreta: 
Art. 1º. Ficam revogados os art. 223-A e 223-G, §§ 1º e 2º, da 
Consolidação das Leis do Trabalho (CLT), com a redação dada pelo Lei nº. 13.467, de 13 
de j",1.0
67,1,Solicito elaborar proposição para revogar a reforma trabalhista.,PL 8501/2017,Altera a Consolidação das Leis do Trabalho (CLT) para revogar o teletrabalho.,"PROJETO DE LEI Nº          , DE 2017 
(Do Sr. MARCO MAIA) 
Altera a Consolidação das Leis do 
Trabalho (CLT) para revogar o teletrabalho. 
O Congresso Nacional decreta: 
Art. 1º Esta lei modifica a Consolidação das Leis do Trabalho, 
aprovada pelo Decreto-lei nº 5.452, de 1º de maio de 1943, para revogar o 
teletrabalho. 
Art. 2º O inciso VIII do art. 611-A da Consolidação das Leis do 
Trabalho, acrescido pela Lei nº 13.467, de 13 de julho de 2017, passa a vigorar 
com a seguinte redação: 
Art. 611-A. ............................................................ 
...............................",0.5
68,1,fornecimento de escovas de dentes pelo SUS e escolas,INC 8797/2006,Sugere ao Ministério da Saúde que promova a distribuição gratuita de kit de saúde bucal entre beneficiários do Bolsa Família.,"REQUERIMENTO No      , DE 2006
(Do Sr. Jorge Pinheiro)
Requer o envio de Indicação ao Poder 
Executivo,  para  que  o   Ministério  da  Saúde 
promova a distribuição gratuita de kit de saúde 
bucal entre beneficiários do Bolsa Família.
Senhor Presidente:
Nos termos do art. 113, inciso I e § 1º, do Regimento Interno 
da  Câmara  dos  Deputados,  requeiro  a  V.  Exª.  seja  encaminhada  ao  Poder 
Executivo a Indicação em anexo, sugerindo ao Ministério da Saúde que promova 
a distribuição gratuita de kit de saúde bucal entre beneficiários do Bolsa Família.
Sala das Sessões, em        de        ",0.5
68,1,fornecimento de escovas de dentes pelo SUS e escolas,PL 11159/2018,Dispõe	sobre a	criação	do Cartão Odontológico Preventivo - COP.,"PROJETO DE LEI Nº           , DE 2018 
(Do Sr. Carlos Henrique Gaguim) 
 
 
 
Dispõe sobre a criação do 
Cartão Odontológico Preventivo – 
COP. 
 
 
 
 
O Congresso Nacional decreta: 
 
 
Art. 1º Fica instituído o Cartão Odontológico Preventivo – 
COP. 
 
Art. 2º Será responsabilidade do Ministério da Saúde a 
elaboração, impressão e distribuição, nos postos de saúde, nos 
hospitais infantis e nas instituições de ensino fundamental da rede 
pública, do Cartão Odontológico Preventivo – COP, no qual deverão 
constar: 
 
I – espaço para a identificação da criança, data de 
nascimento, endereço re",0.5
68,1,fornecimento de escovas de dentes pelo SUS e escolas,PL 7526/2006,"Dispõe sobre o fornecimento periódico de um ""Kit de saúde dentária"" aos alunos das escolas da Rede Públicas de educação, de ensino fundamental e ensino médio, e dá outras providências.","PROJETO DE LEI Nº               , DE 2006
(Do Sr. José Divino)
Dispõe  sobre  o 
fornecimento  periódico 
de  um  “Kit  de  saúde 
dentária” aos alunos das 
escolas  da  Rede 
Públicas  de  educação, 
de  ensino  Fundamental 
e  ensino  Médio,  e  dá 
outras providências.
O Congresso Nacional decreta:
Art.  1º  Os alunos das escolas publicas de ensino 
fundamental  e ensino médio receberão, periodicamente, um “Kit  de 
saúde dentária” composto por uma escova, creme dental e fio dental.
Art. 2º  As escolas públicas articularão o recebimento 
dos “Kits” de saúde dentária” com programação de ativ",1.0
68,1,fornecimento de escovas de dentes pelo SUS e escolas,PL 3120/2004,"Estabelece o fornecimento periódico de um Kit de saúde dentária, aos alunos da rede pública de educação fundamental, e dá outras providências.","Projeto de Lei n°          de 2004.
(Do Sr. Deputado Edson Ezequiel)
“Estabelece o fornecimento periódico
de um Kit de saúde dentária, aos alunos da rede
pública de educação fundamental, e dá outras
providências.”
O Congresso Nacional decreta:
Art.1º  Os alunos das escolas públicas de ensino fundamental
receberão, periodicamente, um “Kit de saúde dentária” composto por uma
escova de dente, fio dental e creme dental.
Art.2º  As escolas públicas articularão o recebimento dos “Kits
de saúde dentária ”, com a programação de atividades sobre a importância
da higiene bucal e sobre técnicas de escova",1.0
68,1,fornecimento de escovas de dentes pelo SUS e escolas,PL 5334/2020,Dispõe sobre a redução a zero das alíquotas da Contribuição para o PIS/Pasep e da Cofins incidentes na importação e sobre a receita bruta de venda no mercado interno de produtos de higiene pessoal.,"PROJETO DE LEI Nº          , DE 2020
(Do Sr. CAPITÃO ALBERTO NETO)
Dispõe  sobre  a  redução  a  zero  das
alíquotas da Contribuição para o PIS/Pasep
e    da  Cofins  incidentes  na  importação  e
sobre a receita bruta de venda no mercado
interno de produtos de higiene pessoal.
O Congresso Nacional decreta:
Art. 1º O art. 1º da Lei nº 10.925, de 23 de julho de 2004, passa
a vigorar com a seguinte redação:
“Art.
1º...........................................................................................
...........................................................................................",0.0
68,1,fornecimento de escovas de dentes pelo SUS e escolas,PL 8096/2014,"Altera a Lei nº 10.925, de 23 de julho de 2004, para incluir escovas dentais, protetores solares e óculos de sol no rol dos bens de consumo com alíquota do PIS/PASEP e da COFINS reduzida a zero.","PROJETO DE LEI Nº         , DE 2014 
(Do Senhor Nelson Marchezan Júnior) 
 
 
Altera a Lei nº 10.925, de 23 de julho 
de 2004, para incluir escovas dentais, 
protetores solares e óculos de sol no 
rol dos bens de consumo com 
alíquota do PIS/PASEP e da COFINS 
reduzida a zero. 
 
 
Art. 1º O Art. 1º da Lei 10.925, de 23 de julho de 2004, passa a vigorar com as 
seguintes alterações: 
“Art.1º.................................................................................................... 
XXIX – escovas de dente classificadas no código 9603.21.00 da 
TIPI; 
XXX – preparados antissolares clas",0.5
68,1,fornecimento de escovas de dentes pelo SUS e escolas,PL 6849/2013,Dispõe sobre a criação do Cartão Odontológico Preventivo - COP.,"*
D
5
F
9
9
1
B
6
3
6
*
 
  
  
 D
5
F
9
9
1
B
6
3
6
 
PROJETO DE LEI Nº      , DE 2013 
(Do Sr. Deputado Dr. Jorge Silva) 
Dispõe sobre a criação do Cartão 
Odontológico Preventivo – COP.  
O Congresso Nacional decreta: 
Art. 1º Fica instituído o Cartão Odontológico Preventivo – 
COP. 
Art. 2º Será responsabilidade do Ministério da Saúde a 
elaboração, impressão e distribuição, nos postos de saúde e nas instituições 
de ensino fundamental da rede pública, do Cartão Odontológico Preventivo – 
COP, no qual deverá constar: 
I – espaço para a identificação da criança, data de 
nascimento, endereç",0.5
68,1,fornecimento de escovas de dentes pelo SUS e escolas,PL 1768/2015,"""Dispõe sobre a obrigatoriedade da concessão de Kit básico de Higiene pessoal nas escolas públicas e dá outras providencias.""","PROJETO DE LEI Nº      , DE 2015 
(Do Sr. ULDURICO JUNIOR) 
“Dispõe sobre a obrigatoriedade da 
concessão de Kit básico de Higiene pessoal 
nas escolas públicas e dá outras 
providencias.” 
O Congresso Nacional decreta:  
 
Art. 1º. As escolas da rede pública e privada deverão 
instituir ações e campanhas educativas periódicas voltadas à orientação sobre 
a importância da higiene pessoal dos alunos regularmente matriculados no 
ensino fundamental.  
 
Art. 2º. As escolas da rede pública deverão fornecer, 
gratuitamente, aos alunos regularmente matriculados no ensino fundamental 
um kit básico ",1.0
68,1,fornecimento de escovas de dentes pelo SUS e escolas,INC 8347/2006,Sugere que o Ministério da Saúde realize campanha nacional de saúde bucal.,"REQUERIMENTO
 (Do Sr. Deputado Joaquim Francisco)
Requer o envio de Indicação ao Ministério
da Saúde, para sugerir a realização de
campanha nacional de saúde bucal.
Senhor Presidente:
Nos termos do art. 113, inciso I e § 1º, do Regimento
Interno da Câmara dos Deputados, requeiro a V. Exª. seja encaminhada ao
Poder Executivo a Indicação anexa, sugerindo que o Ministério da Saúde
realize campanha nacional de saúde bucal, principalmente voltada para as
populações mais carentes.
Sala das Sessões, em       de                           de 2006.
Deputado JOAQUIM FRANCISCO
2006_2550_Joaquim Francisco_",0.0
68,1,fornecimento de escovas de dentes pelo SUS e escolas,PL 1823/2003,Proíbe a criação de novos cursos de Odontologia e a ampliação de vagas nos cursos existentes e dá outras providências.,"Projeto de Lei n.º              , de 2003.
(do Sr. Geraldo Resende)
Proíbe a criação de novos cursos de
odontologia e a ampliação de vagas nos
cursos existentes e dá outras providências.
O CONGRESSO NACIONAL decreta:
Art. 1º - Fica vedada a criação de novos cursos de odontologia e a ampliação de
vagas nos cursos já existentes, até a nomeação de grupo de trabalho intersetorial, de âmbito
nacional, integrado pelos Ministérios e órgãos competentes para o exame de critérios
técnicos educacionais e sanitários em que se leve em conta:
I- a necessidade de democratizar a educação superior na área de o",0.0
69,1,Projeto de Lei para regularização fundiária de terras da União. ,PL 8222/2014,"Altera a Lei nº 11.952 de 2009, que dispõe sobre a regularização fundiária das ocupações incidentes em terras situadas em áreas da União, no âmbito da Amazônia Legal; para dispor sobre as etapas do Programa Terra Legal e dá outras providências.","CAMARA DOS DEPUTADOS 
 
 
 
 
PROJETO DE LEI Nº               , DE 2014 
(Do Sr.  MARCOS MONTES ) 
  
 
 
   
Altera a Lei n° 11.952 de 2009, que dispõe sobre 
a regularização fundiária das ocupações 
incidentes em terras situadas em áreas da 
União, no âmbito da Amazônia Legal; para 
dispor sobre as etapas do Programa Terra Legal 
e dá outras providências.  
 
 
 
 
O Congresso Nacional decreta: 
 
Art. 1º Esta Lei altera a Lei n° 11.952, de 25 de junho de 2009, sobre a 
regularização fundiária das ocupações incidentes em terras situadas em áreas da 
União, no âmbito da Amazônia Legal, para d",1.0
69,1,Projeto de Lei para regularização fundiária de terras da União. ,PL 6516/2013,"Altera a Lei nº 11.952, de 25 de junho de 2009, que dispõe sobre a regularização fundiária das ocupações incidentes em terras situadas em áreas da União, no âmbito da Amazônia Legal; para dispor sobre as etapas do Programa Terra Legal e dá outras providências.","CAMARA DOS DEPUTADOS 
 
 
 
 
 
 
 
PROJETO DE LEI Nº             , DE 2013 
(Do Sr. Moreira Mendes) 
  
 
 
 
   
 
Altera a Lei n° 11.952 de 2009, que 
dispõe sobre a regularização fundiária das 
ocupações incidentes em terras situadas 
em áreas da União, no âmbito da 
Amazônia Legal; para dispor sobre as 
etapas do Programa Terra Legal e dá 
outras providências.  
 
 
 
 
 
 
 
 
O Congresso Nacional decreta: 
 
Art. 1º Esta Lei altera a Lei n° 11.952, de 25 de junho de 2009, sobre a 
regularização fundiária das ocupações incidentes em terras situadas em áreas da 
União, no âmbito da Amazôn",1.0
69,1,Projeto de Lei para regularização fundiária de terras da União. ,PL 102/2020,"Altera a Lei nº 11.952, de 25 de junho de 2009, e dá outras providências.","PROJETO DE LEI Nº          , DE 2020 
(Do Sr. LUCIO MOSQUINI) 
Altera a Lei nº 11.952, de 25 de junho 
de 2009, e dá outras providências.  
O Congresso Nacional decreta: 
Art. 1º Esta Lei altera a Lei nº 11.952, de 25 de junho de 2009, 
para tornar mais célere a regularização fundiária das ocupações incidentes em 
terras situadas em áreas da União ou do Instituto Nacional de Colonização e 
Reforma Agrária – Incra. 
Art. 2º O art. 9º da Lei nº 11.952, de 25 de junho de 2009, é 
acrescido do § 2º, renumerando-se o parágrafo único pra § 1º: 
“Art. 9º ..............................................",1.0
69,1,Projeto de Lei para regularização fundiária de terras da União. ,PL 2421/2015,"Assegura à mulher, na condição de chefe de família, o direito de aquisição de terras públicas","PROJETO DE LEI Nº      , DE 2015 
(Do Sr. Dr. Jorge Silva) 
Assegura à mulher, na condição de 
chefe de família, o direito de aquisição de 
terras públicas.  
O Congresso Nacional decreta: 
Art. 1º Os títulos de domínio, concessão de uso e 
concessão de direito real de uso oriundos dos instrumentos de seleção de 
famílias, aquisição de terras e destinação de terras far-se-ão ao homem e à 
mulher, obrigatoriamente, nos casos de casamento ou união estável. 
Art. 2º É assegurado à mulher, na condição de chefe de 
família, o direito de acesso a terra nas ações de destinação, aquisição ou 
titulaçã",1.0
69,1,Projeto de Lei para regularização fundiária de terras da União. ,PL 1158/2022,"Altera a Lei no 12.249, de 11 de junho de 2010, para que a doação da área da União ao Estado de Rondônia não seja condicionada à criação de uma Área de Proteção Ambiental e de uma Floresta Estadual.","PROJETO DE LEI Nº          , DE 2022 
(Da Sra. JAQUELINE CASSOL) 
Altera a Lei no 12.249, de 11 de junho de 
2010, para que a doação da área da União ao 
Estado de Rondônia não seja condicionada à 
criação de uma Área de Proteção Ambiental 
e de uma Floresta Estadual.  
O Congresso Nacional decreta: 
Art. 1º Esta Lei altera a Lei no 12.249, de 11 de junho de 2010, 
para que a doação da área da União ao Estado de Rondônia não seja 
condicionada à criação de uma Área de Proteção Ambiental e de uma Floresta 
Estadual. 
Art. 2º O art. 113, da Lei no 12.249, de 11 de junho de 2010, 
passa a vigorar",1.0
69,1,Projeto de Lei para regularização fundiária de terras da União. ,PL 2322/2020,Dispõe sobre a transferência ao Estado de Rondônia das terras pertencentes à União dá outras providências.,"CÂMARA DOS DEPUTADOS
Gabinete do Deputado Mauro Nazif
PROJETO DE LEI Nº     , DE 2020
Dispõe sobre a transferência ao Estado
de Rondônia  das terras  pertencentes  à
União dá outras providências.
O Congresso Nacional decreta:
Art. 1º As terras pertencentes à União compreendidas no Estado de Rondônia
passam ao domínio desse Estado, mantidos os seus atuais limites e confrontações.
Art. 2º São excluídas da transferência de que trata esta Lei:  
I – as áreas relacionadas nos incisos II a XI do art. 20 da Constituição Federal;
II – as terras destinadas ou em processo de destinação pela União a proj",1.0
69,1,Projeto de Lei para regularização fundiária de terras da União. ,PL 6835/2013,"Prorroga o prazo de adimplemento contratual previsto no art. 19 da Lei nº 11.952, de 25 de junho de 2009, relativo ao programa de regularização fundiária na Amazônia Legal.","PROJETO DE LEI Nº       , DE 2013  
(Do Sr. Chico das Verduras) 
 
 
Prorroga o prazo de adimplemento contratual 
previsto no art. 19 da Lei nº 11.952, de 25 de 
junho de 2009, relativo ao programa de 
regularização fundiária na Amazônia Legal. 
O CONGRESSO NACIONAL decreta: 
Art. 1º O art. 19 da Lei nº 11.952, de 25 de junho de 2009, 
passa a vigorar com a seguinte redação: 
“Art. 19. No caso de inadimplemento de contrato firmado 
com o Incra até 10 de fevereiro de 2009 ou de não observância de 
requisito imposto em termo de concessão de uso ou de licença de 
ocupação, o ocupante terá o prazo",1.0
69,1,Projeto de Lei para regularização fundiária de terras da União. ,PL 2320/2020,"Altera a Lei nº 10.304, de 5 de novembro de 2001, que transfere ao domínio dos Estados de Roraima e do Amapá terras pertencentes à União e a Lei nº 6.634, de 2 de maio de 1979, que dispõe sobre a Faixa de Fronteira e dá outras providências.","CÂMARA DOS DEPUTADOS
Gabinete do Deputado Mauro Nazif
PROJETO DE LEI Nº     , DE 2020
Altera a Lei nº 10.304, de 5 de novembro
de 2001,  que transfere ao domínio dos
Estados de Roraima e do Amapá terras
pertencentes à União e a Lei nº 6.634, de
2 de maio de 1979, que dispõe sobre a
Faixa  de  Fronteira  e  dá  outras
providências.
O Congresso Nacional decreta:
Art. 1º A Lei nº 10.304, de 5 de novembro de 2001, passam a vigorar com a
seguinte redação, acrescidos dos seguintes dispositivos:
“Transfere  ao  domínio  dos  Estados  de
Rondônia,  de  Roraima  e  do  Amapá
terras pertencentes à União",0.5
69,1,Projeto de Lei para regularização fundiária de terras da União. ,PDL 11/2021,"Susta os efeitos do Decreto nº 10.592, de 24 de Dezembro de 2020 que regulamenta a Lei nº 11.952, de 25 de junho de 2009, para dispor sobre a regularização fundiária das áreas rurais situadas em terras da União, no âmbito da Amazônia Legal, e em terras do Instituto Nacional de Colonização e Reforma Agrária, por meio de alienação e concessão de direito real de uso de imóveis.","CÂMARA DOS DEPUTADOS
NÚCLEO AGRÁRIO DA BANCADA DO PT NA CÂMARA DOS DEPUTADOS
PROJETO DE DECRETO LEGISLATIVO Nº      , DE 2021
(Dos Srs. João Daniel, Patrus Ananias, Marcon, Valmir Assunção e Nilto Tatto)
Susta  os  efeitos  do  Decreto  nº
10.592,  de  24  de  Dezembro  de  2020  que
regulamenta a Lei nº 11.952, de 25 de junho de
2009,  para  dispor  sobre  a  regularização
fundiária das áreas rurais situadas em terras da
União,  no  âmbito  da  Amazônia  Legal,  e  em
terras do Instituto  Nacional  de  Colonização e
Reforma  Agrária,  por  meio  de  alienação  e
concessão de direito real de u",1.0
69,1,Projeto de Lei para regularização fundiária de terras da União. ,PL 4177/2020,"Altera a Lei nº 8.036, de 11 de maio de 1990, para permitir a movimentação da conta vinculada do trabalhador no Fundo de Garantia do Tempo de Serviço (FGTS) para a aquisição de imóveis inscritos em regime de ocupação ou aforamento nos demais entes da Federação.","PROJETO DE LEI Nº          , DE 2020
(Do Sr. NEREU CRISPIM)
Altera a Lei nº 8.036, de 11 de maio de
1990,  para  permitir  a  movimentação  da
conta vinculada do trabalhador no Fundo de
Garantia do Tempo de Serviço (FGTS) para
a aquisição de imóveis inscritos em regime
de  ocupação  ou  aforamento  nos  demais
entes da Federação.
O Congresso Nacional decreta:
Art. 1º O art. 20 da Lei nº 8.036, de 11 de maio de 1990, que
dispõe  sobre  o  Fundo  de  Garantia  do  Tempo  de  Serviço,  e  dá  outras
providências, passa a vigorar acrescido do seguinte § 27:
“Art. 20. ..............................",0.5
70,1,"Projeto de Lei para barreiras sanitárias em terras indígenas, em razão da pandemia covid19. ",INC 752/2020,"Sugere ao Ministério da Saúde que em parceria com o Ministério da Justiça e Segurança Pública, por meio da FUNAI, adote medidas de proteção social por meio de um Plano Emergencial para Enfrentamento à Covid-19 com ações de apoio aos territórios indígenas que visem à prevenção do contágio e da disseminação da doença.","CÂMARA DOS DEPUTADOS   Tel. (61) 3215-5941 e 3215-3941
           Gabinete do deputado Jesus Sérgio     E-mail: dep.jesussergio@camara.leg.br
INDICAÇÃO No           , DE 2020
(Do Sr. JESUS SÉRGIO)
 
Sugere ao Ministério da Saúde que em
parceria  com  o  Ministério  da  Justiça  e
Segurança Pública, por meio da FUNAI, adote
medidas  de  proteção  social  por  meio  de  um
Plano  Emergencial  para  Enfrentamento  à
Covid-19  com  ações de  apoio  aos  territórios
indígenas que visem à prevenção do contágio e
da disseminação da doença. 
Excelentíssimo Senhor Ministro da Saúde:
O novo  coronavírus",1.0
70,1,"Projeto de Lei para barreiras sanitárias em terras indígenas, em razão da pandemia covid19. ",INC 751/2020,"Sugere ao Ministério da Justiça e Segurança Pública que a FUNAI, em parceria com o Ministério da Saúde adote medidas de proteção social por meio de um Plano Emergencial para Enfrentamento à Covid-19 com ações de apoio aos territórios indígenas que visem a prevenção do contágio e da disseminação da doença.","CÂMARA DOS DEPUTADOS   Tel. (61) 3215-5941 e 3215-3941
           Gabinete do deputado Jesus Sérgio     E-mail: dep.jesussergio@camara.leg.br
INDICAÇÃO No           , DE 2020
(Do Sr. JESUS SÉRGIO)
 
Sugere  ao  Ministério  da  Justiça  e
Segurança Pública que a FUNAI, em  parceria
com o Ministério da Saúde adote medidas de
proteção  social  por  meio  de  um  Plano
Emergencial  para  Enfrentamento  à  Covid-19
com  ações de apoio aos territórios  indígenas
que  visem  a prevenção  do  contágio  e  da
disseminação da doença. 
Excelentíssimo Senhor Ministro da Justiça e Segurança Pública:
O  nov",1.0
70,1,"Projeto de Lei para barreiras sanitárias em terras indígenas, em razão da pandemia covid19. ",PL 3243/2021,"Acrescenta dispositivo à Lei nº 6.259, de 30 de outubro de 1975, para determinar que os povos indígenas aldeados e aqueles que vivem fora de suas aldeias, sejam priorizados nos processos de imunizações.","CÂMARA DOS DEPUTADOS
Gabinete da Deputada Joenia Wapichana
PROJETO DE LEI Nº          , de 2021
(Da Sra. JOENIA WAPICHANA)
Acrescenta dispositivo à Lei nº 6.259, de 30 de
outubro de 1975, para determinar que os povos
indígenas aldeados e aqueles que vivem fora de
suas aldeias, sejam priorizados nos processos de
imunizações.
O Congresso Nacional decreta:
Art. 1º O § 2º do art. 3º da Lei nº 6.259, de 30 de outubro de 1975,
passa a vigorar acrescido do seguinte do § 2º:
“Art. 3º …………………………………………………………………
§ 2º Em razão da vigência da emergência de saúde pública de
importância internacional e do es",0.5
70,1,"Projeto de Lei para barreiras sanitárias em terras indígenas, em razão da pandemia covid19. ",PL 1658/2020,"Torna obrigatório a instalação nas praças de pedágios federais de postos de atendimento com distribuição de alimentos, produtos de higiene e orientações sanitárias para motoristas no período de emergência pública em saúde, pandemia e epidemia declarada.","PROJETO DE LEI Nº       ,DE  2020 
(Do Sr. Deputado Alexandre Padilha) 
Torna obrigatório a instalação nas praças de 
pedágios federais de postos de atendimento com 
distribuição de alimentos, produtos de higiene e 
orientações sanitárias para motoristas no período 
de emergência pública em saúde, pandemia e 
epidemia declarada. 
O Congresso Nacional decreta: 
Art. 1º. Esta lei estabelece em caráter excepcional a obrigação 
de instalação nas praças de pedágios federais de postos de atendimento com 
distribuição de alimentação, produtos de higiene e orientações sanitárias para 
motoristas no pe",0.0
70,1,"Projeto de Lei para barreiras sanitárias em terras indígenas, em razão da pandemia covid19. ",PL 1142/2020,"Dispõe sobre medidas urgentíssimas de apoio aos povos indígenas em razão do novo coronavírus (Covid-19).

NOVA EMENTA: Dispõe sobre medidas de proteção social para prevenção do contágio e da disseminação da Covid-19 nos territórios indígenas; cria o Plano Emergencial para Enfrentamento à Covid-19 nos Territórios Indígenas; estipula medidas de apoio às comunidades quilombolas e aos demais povos e comunidades tradicionais para o enfrentamento à Covid-19; e altera a Lei nº 8.080, de 19 de setembro de 1990, a fim de assegurar aporte de recursos adicionais nas situações emergenciais e de calamidade","PROJETO DE LEI Nº ______, DE 2020 
(Da Senhora Deputada PROFESSORA ROSA NEIDE, Deputado CÉLIO MOURA, Deputado 
JOSÉ RICARDO e outros) 
 
 
Dispõe sobre medidas urgentíssimas de apoio aos 
povos indígenas em razão do novo coronavírus 
(Covid-19). 
 
O CONGRESSO NACIONAL decreta:  
Art. 1º Esta lei estabelece medidas emergenciais e temporárias para apoiar os povos 
indígenas e suas comunidades em decorrência da pandemia do novo coronavírus – Covid-19. 
Art. 2º Enquanto perdurar o decreto de calamidade pública em saúde em decorrência da 
pandemia da Covid-19, serão adotadas medidas urgentes para ",1.0
70,1,"Projeto de Lei para barreiras sanitárias em terras indígenas, em razão da pandemia covid19. ",PL 3045/2019,Dispõe sobre o exercício de atividades agrossilvipastoris em terras indígenas e dá outras providências.,"PROJETO DE LEI Nº          , DE 2019 
(Do Sr. NELSON BARBUDO) 
Dispõe sobre o exercício de atividades 
agrossilvipastoris em terras indígenas e dá 
outras providências.   
O Congresso Nacional decreta: 
Art. 1º Esta Lei dispõe sobre o exercício de atividades 
agrossilvipastoris em terras indígenas e dá outras providências.  
 
Art. 2º O art. 1º da Lei nº 11.460, de 21 de março de 2007, 
passa a vigorar com a seguinte redação:  
“Art. 1º É vedado o cultivo de organismos geneticamente 
modificados em áreas de unidades de conservação, exceto nas 
Áreas de Proteção Ambiental.  
Parágrafo único. No",0.0
70,1,"Projeto de Lei para barreiras sanitárias em terras indígenas, em razão da pandemia covid19. ",PL 2002/2003,"Dispõe sobre exploração agrícola em terras indígenas, cria o Fundo de Assistência ao Índio, e dá outras providências.","PROJETO DE LEI Nº         , DE 2003
(Do Sr. Ricarte de Freitas)
Dispõe sobre exploração
agrícola em terras indígenas, cria o
Fundo de Assistência ao Índio, e dá
outras providências.
O Congresso Nacional decreta:
Art. 1º A exploração agrícola em terras indígenas será permitida,
observando-se o disposto no art. 3º-A, da Medida Provisória nº 2.166-67, de 24
de agosto de 2001 que altera o Código Florestal – Lei nº 4.771, de 15 de
setembro de 1965.
§ 1º Para os efeitos previstos no caput deste artigo, a Fundação
Nacional do Índio – FUNAI/MJ poderá celebrar contratos com produtores
agrícolas, com a ",0.0
70,1,"Projeto de Lei para barreiras sanitárias em terras indígenas, em razão da pandemia covid19. ",PL 4447/2019,Dispõe sobre o uso sustentável do solo e dos recursos naturais em terras indígenas.,"PROJETO DE LEI Nº          , DE 2019 
(Do Sr. SILAS CÂMARA) 
Dispõe sobre o uso sustentável do solo 
e dos recursos naturais em terras indígenas.   
O Congresso Nacional decreta: 
Art. 1º Esta Lei dispõe sobre o uso sustentável do solo e dos 
recursos naturais em terras indígenas.  
Art. 2º O art. 18 da Lei nº 6.001, de 19 de dezembro de 1973, 
passa a vigorar com a seguinte redação:  
“Art. 18. É permitido o exercício de atividades econômicas em 
terras indígenas, garantindo-se o uso econômico sustentável 
do solo e dos recursos naturais nelas existentes, desde que: 
I - a comunidade, mediant",0.0
70,1,"Projeto de Lei para barreiras sanitárias em terras indígenas, em razão da pandemia covid19. ",PDL 174/2020,"Susta a Instrução Normativa nº 9/2020, de 22 de abril de 2020, da Fundação Nacional do Índio – FUNAI, que disciplina o requerimento, análise e emissão da Declaração de Reconhecimento de Limites em relação a imóveis privados.","CÂMARA DOS DEPUTADOS 
Gabinete da Deputada Joenia Wapichana (REDE/RR) 
 
 
 
 
PROJETO DE DECRETO LEGISLATIVO  Nº       , DE 2020 
(Da Sra. Joenia Wapichana) 
 
 
Susta a Instrução Normativa nº 9/2020, de             
22 de abril de 2020, da Fundação Nacional               
do Índio – FUNAI, que disciplina o             
requerimento, análise e emissão da         
Declaração de Reconhecimento de Limites         
em relação a imóveis privados. 
 
 
 
O CONGRESSO NACIONAL decreta: 
  
Art. 1º Fica sustada a Instrução Normativa nº 9/2020, de 16 de abril de                           
2020, da Fund",0.0
70,1,"Projeto de Lei para barreiras sanitárias em terras indígenas, em razão da pandemia covid19. ",PL 7813/2017,"Dispõe sobre a avaliação e o aproveitamento de potenciais hidráulicos para geração de energia elétrica em terras indígenas, de que tratam os artigos 176, § 1º, e 231, § 3º, da Constituição Federal, e sobre a implantação de sistemas de transmissão de energia elétrica em terras indígenas, associados ou não a empreendimento hidrelétrico localizado em terras indígenas.","PROJETO DE LEI Nº      , DE 2017 
(Do Sr. JHONATAN DE JESUS) 
Dispõe sobre a avaliação e o 
aproveitamento de potenciais hidráulicos 
para geração de energia elétrica em terras 
indígenas, de que tratam os artigos 176, § 
1º, e 231, § 3º, da Constituição Federal, e 
sobre a implantação de sistemas de 
transmissão de energia elétrica em terras 
indígenas, associados ou não a 
empreendimento hidrelétrico localizado em 
terras indígenas. 
O Congresso Nacional decreta:  
Art. 1º Esta lei estabelece as condições específicas para as 
atividades de avaliação e aproveitamento de potenciais hidráulicos",0.0
71,1,Solicita proposição que proíba Petrobras de praticar PPI,INC 1357/2022,"Sugere ao Poder Executivo, por meio do 
Ministério de Minas e Energia, providências 
necessárias para a revogação do Preço de 
Paridade de Importação (PPI), metodologia em
 que os preços internos dos combustíveis
 acompanham os preços internacionais somados
 aos custos de internação.","REQUERIMENTO Nº          , DE 2022 
(Do Sr. JOSÉ NELTO) 
Sugere ao Poder Executivo, por meio do 
Ministério de Minas e Energia, providências 
necessárias para a revogação do Preço de 
Paridade de Importação (PPI), metodologia em 
que os preços internos dos combustíveis 
acompanham os preços internacionais somados 
aos custos de internação.   
Senhor Presidente: 
Nos termos do art. 113, inciso I e § 1º, do Regimento Interno da 
Câmara dos Deputados, requeiro a V. Exª. seja encaminhada ao Poder Executivo, 
por intermédio do Ministério de Minas e Energia, a Indicação anexa, que sugere 
sejam toma",1.0
71,1,Solicita proposição que proíba Petrobras de praticar PPI,INC 1396/2022,"Sugere ao Poder Executivo, por meio do 
Ministério de Minas e Energia, providências 
necessárias para a revogação do Preço de 
Paridade de Importação (PPI), metodologia em 
que os preços internos dos combustíveis
 acompanham os preços internacionais somados 
aos custos de internação.","REQUERIMENTO Nº          , DE 2022 
(Do Sr. JOSÉ NELTO) 
Sugere ao Poder Executivo, por meio do 
Ministério de Minas e Energia, providências 
necessárias para a revogação do Preço de 
Paridade de Importação (PPI), metodologia em 
que os preços internos dos combustíveis 
acompanham os preços internacionais somados 
aos custos de internação.   
Senhor Presidente: 
Nos termos do art. 113, inciso I e § 1º, do Regimento Interno da 
Câmara dos Deputados, requeiro a V. Exª. seja encaminhada ao Poder Executivo, 
por intermédio do Ministério de Minas e Energia, a Indicação anexa, que sugere 
sejam toma",0.5
71,1,Solicita proposição que proíba Petrobras de praticar PPI,INC 1447/2022,"Sugere ao Senhor Ministro de Estado de Minas e Energia, Adolfo Sachsida, a eliminação dos requisitos de dolarização no PPI, daquilo que for extraído, produzido e comercializado no País, a adoção de providências regulatórias e informações com o objetivo de reduzir os preços dos combustíveis junto ao consumidor brasileiro.","CÂMARA DOS DEPUTADOS 
INDICAÇÃO N°           , DE 2022 
(Do Sr. Léo Moraes) 
 
 
 
Sugere ao Senhor Ministro de Estado de Minas 
e Energia, Adolfo Sachsida, a eliminação dos 
requisitos de dolarização no PPI, daquilo que 
for extraído, produzido e comercializado no 
País, a adoção de providências regulatórias e 
informações com o objetivo de reduzir os 
preços dos combustíveis junto ao consumidor 
brasileiro.  
 
 
Senhor Ministro, 
Chamo a atenção de Vossa Excelência para a grave situação em que se 
encontra a população brasileira e a economia do País. A população não pode ser 
penalizada com",0.5
71,1,Solicita proposição que proíba Petrobras de praticar PPI,INC 2407/2016,"Indica-se ao Secretário Executivo do Programa de Parceria de Investimento - PPI - da Presidência da República, a criação de Comissão Especial a ser coordenada por essa Secretaria, com vistas à elaboração de mecanismos que possibilitem a conclusão da refinaria do Complexo Petroquímico do Rio de Janeiro - COMPERJ - com a substituição do polo petroquímico por um parque termoelétrico mediante Parcerias Públicas Privadas - PPP.","CÂMARA DOS DEPUTADOS 
   
 
 
 
 
REQUERIMENTO 
(Do Sr. JULIO LOPES) 
Requer o envio de Indicação ao 
Secretário Executivo do Programa de 
Parceria de Investimento – PPI - da 
Presidência da República, a fim de sugerir a 
criação de Comissão Especial a ser 
coordenada por essa Secretaria, com vistas 
à elaboração de mecanismos que 
possibilitem a conclusão da refinaria do 
Complexo Petroquímico do Rio de Janeiro – 
COMPERJ - com a substituição do polo 
petroquímico por um parque termoelétrico 
mediante Parcerias Públicas Privadas – 
PPP.  
Senhor Presidente: 
Nos termos do art. 113, inciso I e",0.0
71,1,Solicita proposição que proíba Petrobras de praticar PPI,PL 1566/2022,"Cria o Fundo de Compensação dos Combustíveis, dispõe sobre diretrizes de preços para diesel, gasolina e gás liquefeito de petróleo – GLP e dá outras providências.","PROJETO DE LEI Nº      , DE 2022 
(Do Sr. Léo Moraes) 
Cria o Fundo de Compensação dos 
Combustíveis, dispõe sobre 
diretrizes de preços para diesel, 
gasolina e gás liquefeito de petróleo 
– GLP e dá outras providências.  
O Congresso Nacional decreta: 
Art. 1º Esta Lei cria o Fundo de Compensação dos Combustíveis, 
dispõe sobre as diretrizes da política de preços de venda para distribuidores e 
comercializadores de gasolina, diesel e gás liquefeito de petróleo – GLP, produzidos 
no Brasil e importados. 
                          Art. 2º A política de preços de que trata o Art. 1º tem por dir",0.0
71,1,Solicita proposição que proíba Petrobras de praticar PPI,INC 1445/2022,"Sugere ao Senhor Ministro de Estado de Minas e Energia, Adolfo Sachsida, a adoção de providências regulatórias e informações com o objetivo de reduzir os preços dos combustíveis junto ao consumidor brasileiro.","CÂMARA DOS DEPUTADOS 
INDICAÇÃO N°           , DE 2022 
(Do Sr. Léo Moraes) 
 
 
 
Sugere ao Senhor Ministro de Estado de Minas 
e Energia, Adolfo Sachsida, a adoção de 
providências regulatórias e informações com o 
objetivo de reduzir os preços dos combustíveis 
junto ao consumidor brasileiro.  
 
 
Senhor Ministro, 
Chamo a atenção de Vossa Excelência para a grave situação em que se 
encontra a população brasileira e a economia do País. A população não pode ser 
penalizada com os preços abusivos e com o excesso de arrecadação com lucros 
históricos, derivados de uma política de preços adota",0.0
71,1,Solicita proposição que proíba Petrobras de praticar PPI,PDL 211/2022,"Susta a qualificação da Empresa Brasileira de Administração de Petróleo e Gás Natural S.A. - Pré-Sal Petróleo S.A. - PPSA no âmbito do Programa de Parcerias de Investimentos da Presidência da República - PPI e institui Comitê Interministerial, previstos no Decreto nº 11.085, de 27 de maio de 2022.","CÂMARA DOS DEPUTADOS
                Liderança do Partido Socialismo e Liberdade
                
PROJETO DE DECRETO LEGISLATIVO Nº          , DE 2022
(Da bancada do PSOL)
Susta  a  qualificação  da  Empresa
Brasileira  de  Administração  de
Petróleo e Gás Natural S.A. - Pré-
Sal Petróleo S.A. - PPSA no âmbito
do  Programa  de  Parcerias  de
Investimentos  da  Presidência  da
República  -  PPI  e  institui  Comitê
Interministerial,  previstos  no
Decreto nº 11.085, de 27 de maio
de 2022.
O CONGRESSO NACIONAL, no uso de suas atribuições e, com
fundamento no artigo 49, incisos V, X e XI, da Cons",0.5
71,1,Solicita proposição que proíba Petrobras de praticar PPI,PL 3421/2021,"Dispõe sobre as diretrizes da política de preços para gasolina, diesel e gás liquefeito de petróleo – GLP, aplicadas à Petróleo Brasileiro S/A – Petrobras.","CÂMARA DOS DEPUTADOS
                Liderança do Partido Socialismo e Liberdade
                Assessoria Técnica
PROJETO DE LEI Nº,    DE 2021
(Da bancada do PSOL)
Dispõe sobre as diretrizes da política
de preços para gasolina, diesel e gás
liquefeito  de  petróleo  –  GLP,
aplicadas à Petróleo Brasileiro S/A –
Petrobras.
O CONGRESSO NACIONAL decreta:
Art. 1º Esta Lei dispõe sobre as diretrizes da política de preços para
gasolina, diesel e gás liquefeito de petróleo – GLP a serem aplicadas pela
Petróleo Brasileiro S/A – Petrobras.
Art.  2º  Os  preços  de  realização  da  Petrobras  serão  ",0.5
71,1,Solicita proposição que proíba Petrobras de praticar PPI,PL 4014/2021,Dispõe sobre a política de reajustes de preços dos derivados de petróleo.,"PROJETO DE LEI Nº                DE 2021
(Do Sr. Odair Cunha)
 
Dispõe sobre a política de reajustes de
preços dos derivados de petróleo.
 
O Congresso Nacional decreta:
Art.  1º Esta  Lei  estabelece  normas  para  a  formulação  de  preços  de
venda  dos  combustíveis  líquidos  derivados  de  petróleo  a  serem  aplicados  por
produtores de derivados de petróleo para a comercialização com as distribuidoras
autorizadas pela Agência Nacional de Petróleo – ANP.
Art. 2º  A política de formação de preços de que trata esta Lei deverá
atender às seguintes diretrizes:
I  –  proteger  o  consumidor ",0.5
71,1,Solicita proposição que proíba Petrobras de praticar PPI,PL 4023/2021,Dispõe sobre o atendimento prioritário ao mercado interno pela empresa que detenha participação majoritária na produção nacional de petróleo e estabelece que as respectivas vendas serão realizadas com desconto mínimo de 30% (trinta por cento) sobre os preços de referência no mercado internacional.,"PROJETO DE LEI Nº          , DE 2021
(Do Sr. LUIS MIRANDA)
Dispõe sobre o atendimento prioritário
ao  mercado  interno  pela  empresa  que
detenha participação majoritária na produção
nacional  de  petróleo  e  estabelece  que  as
respectivas  vendas  serão  realizadas  com
desconto mínimo de 30% (trinta por cento)
sobre os preços de referência no mercado
internacional.
O Congresso Nacional decreta:
Art.  1º  A  empresa  que,  consideradas  suas  subsidiárias  e
controladas, detenha mais de 50% (cinquenta por cento) de participação na
produção  de  petróleo  em  território  nacional,  zona  ec",0.5
72,1,Conferir ao município de Luziânia o título de Capital Nacional do Café do Cerrado. ,PL 2447/2021,"Confere o Título de "" Belém do Pará, a Capital Pioneira do Café"".","PROJETO DE LEI Nº             , DE 2021 
(Do Sr. Paulo Bengtson) 
Confere o Título de "" Belém do Pará, 
a Capital Pioneira do Café"". 
O Congresso Nacional decreta: 
Art. 1º Fica conferido ao Município de Belém, no Estado do Pará, o 
título de Capital Pioneira do Café. 
Art. 2º - Esta lei entra em vigor na data da sua publicação. 
 
JUSTIFICAÇÃO 
O café chegou ao Brasil no ano de 1727, em Belém do Pará. Foi 
trazido da Guiana Francesa por Francisco de Mello Palheta (Sargento-Mor), a 
pedido do então governador do Maranhão e Grão Pará, que o enviara às 
Guianas com essa missão. Já naquela época ",0.0
72,1,Conferir ao município de Luziânia o título de Capital Nacional do Café do Cerrado. ,PL 5718/2019,"Confere ao Município de Brejetuba, no Estado do Espírito Santo, o título de Capital Nacional do Café Arábica.","Confere ao Município de Brejetuba,  no
Estado  do  Espírito  Santo,  o  título  de
Capital Nacional do Café Arábica.
O Congresso Nacional decreta:
Art. 1º É conferido ao Município de Brejetuba, no Estado do Espírito Santo, o
título de Capital Nacional do Café Arábica.
Art. 2º Esta Lei entra em vigor na data de sua publicação.
Senado Federal, em 1º de dezembro de 2021.
Senador Rodrigo Pacheco
Presidente do Senado Federal
gsl/pl-19-5718-t *C
D21
698
618
370
0*
Autenticado Eletronicamente, após conferência com o original.
PL
 n
.5
71
8/
20
19
Ap
re
se
nt
aç
ão
: 1
0/
12
/2
02
1 
16
:5
3 
- M
es
a",0.0
72,1,Conferir ao município de Luziânia o título de Capital Nacional do Café do Cerrado. ,PL 5517/2019,"Confere ao Município de Sooretama, no Estado do Espírito Santo, o título de Capital Nacional do Café Conilon.","Confere ao Município de Sooretama, no
Estado  do  Espírito  Santo,  o  título  de
Capital Nacional do Café Conilon.
O Congresso Nacional decreta:
Art. 1º É conferido ao Município de Sooretama, no Estado do Espírito Santo,
o título de Capital Nacional do Café Conilon.
Art. 2º Esta Lei entra em vigor na data de sua publicação.
Senado Federal, em 10 de novembro de 2021.
Senador Veneziano Vital do Rêgo
Primeiro Vice-Presidente do Senado Federal,
no exercício da Presidência
acg/pl-19-5517-t
*CD
217
254
333
100
*
Autenticado Eletronicamente, após conferência com o original.
PL
 n
.5
51
7/
20
19
Ap
r",0.0
72,1,Conferir ao município de Luziânia o título de Capital Nacional do Café do Cerrado. ,PL 2408/2021,"Confere ao Munici´pio de Sa~o Gabriel da Palha, no Estado do Espi´rito Santo, o ti´tulo de Capital Nacional do Cafe´ Conilon e institui o Dia Nacional do Café Conilon.","PROJETO DE LEI Nº     , DE 2021
(Da Sra. Dra. Soraya Manato)
Confere ao Município de 
São Gabriel da Palha, no 
Estado do Espírito Santo, o 
título de Capital Nacional do
Café Conilon e dá outras 
providências.
O Congresso Nacional decreta:
Art. 1º Fica conferido ao Município de São Gabriel da Palha, 
no Estado do Espírito Santo, o título de Capital Nacional do Café 
Conilon.
Art 2º Fica conferido o dia 14 de maio como o dia nacional do
Café Conilon
Art. 3º Esta lei entra em vigor na data de sua publicação.
JUSTIFICAÇÃO
O município de São Gabriel  da Palha localiza-se na Região
Noroeste do Est",0.0
72,1,Conferir ao município de Luziânia o título de Capital Nacional do Café do Cerrado. ,PL 9483/2018,"Confere ao Município de São Gabriel da Palha, no Estado do Espírito Santo, o título de Capital Nacional do Café Conilon.","PROJETO DE LEI Nº          , DE 2018 
(Do Sr. MARCUS VICENTE) 
Confere ao Município de São Gabriel 
da Palha, no Estado do Espírito Santo, o 
título de Capital Nacional do Café Conilon. 
O Congresso Nacional decreta: 
Art. 1º Fica conferido ao Município de São Gabriel da Palha, no 
Estado do Espírito Santo, o título de Capital Nacional do Café Conilon. 
Art. 2º Esta lei entra em vigor na data de sua publicação. 
JUSTIFICAÇÃO 
O município de São Gabriel da Palha localiza-se na Região 
Noroeste do Estado do Espírito Santo. Tem a população estimada em 36.328 
habitantes, segundo dados do IBGE do ",0.0
72,1,Conferir ao município de Luziânia o título de Capital Nacional do Café do Cerrado. ,PL 2229/2011,"Confere ao Município de Marília, no Estado de São Paulo, o título de ""Capital Nacional do Alimento"".","PROJETO DE LEI Nº,        DE 2011 
(Do Sr. Paulo Freire) 
 
 
Confere ao Município de 
Marília, no Estado de 
São Paulo, o título de 
“Capital Nacional do 
Alimento”. 
 
 
O Congresso Nacional decreta: 
Art. 1º É conferido ao Município de Marília, São Paulo, o título de Capital 
Nacional do Alimento. 
Art. 2º Esta Lei entrará em vigor na data de sua publicação, revogadas as 
disposições em contrário. 
 
 
JUSTIFICATIVA 
 
O presente Projeto de Lei tem por objetivo conferir ao Município de Marília, 
localizada no Estado de São Paulo, o título de Capital Nacional do Alimento. 
Marília, a Capital",0.0
72,1,Conferir ao município de Luziânia o título de Capital Nacional do Café do Cerrado. ,PL 8506/2017,"Confere ao Município de Marilândia, no Estado do Espírito Santo, o título de Capital Nacional da Pesquisa do Café Conilon.","PROJETO DE LEI Nº          , DE 2017 
(Do Sr. EVAIR VIEIRA DE MELO) 
Confere ao Município de Marilândia, no 
Estado do Espírito Santo, o título de Capital 
Nacional da Pesquisa do Café Conilon.  
O Congresso Nacional decreta: 
Art. 1º Fica conferido ao Município de Marilândia, no Estado do 
Espírito Santo, o título de Capital Nacional da Pesquisa do Café Conilon. 
Art. 2º Esta Lei entra em vigor na data de sua publicação. 
JUSTIFICAÇÃO 
O Espírito Santo é o segundo maior produtor brasileiro de café. 
É responsável por 22% da produção brasileira. De acordo com o Instituto 
Capixaba de Pesquisa,",0.0
72,1,Conferir ao município de Luziânia o título de Capital Nacional do Café do Cerrado. ,PL 2403/2021,"Confere ao Município de São Gabriel da Palha, no Estado do Espírito Santo, o título de Capital Nacional do Café Conilon.","1PROJETO DE LEI Nº , DE 2021
(Do Sr. EVAIR VIEIRA DE MELO)
Confere  ao  Município  de São
Gabriel da Palha, no Estado do
Espírito Santo, o título de Capital
Nacional do Café Conilon.
O Congresso Nacional decreta:
Art. 1º Fica conferido ao Município de São Gabriel da
Palha, no Estado do Espírito Santo, o título de Capital Nacional do
Café Conilon.
Art. 2º Esta lei entra em vigor na data de sua 
publicação.
JUSTIFICAÇÃO
O município de São Gabriel  da Palha localiza-se na
Região Noroeste  do  Estado  do  Espírito  Santo.  Tem a  população
estimada em 36.328 habitantes, segundo dados do IBGE do an",0.0
72,1,Conferir ao município de Luziânia o título de Capital Nacional do Café do Cerrado. ,PL 193/2021,"Confere ao município de Montes Claros, no Estado de Minas Gerais, o título de Capital Nacional do Pequi.","CÂMARA DOS DEPUTADOS 
Gabinete do Deputado DELEGADO MARCELO FREITAS – PSL/MG 
 
 
Câmara dos Deputados, Anexo IV – Gabinete 548, CEP: 70.160-900 – Brasília/DF 
Tels:(61) 3215-1548/2548  e-mail: dep.delegadomarcelofreitas@camara.leg.br 
 
 
 
PROJETO DE LEI Nº     DE 2021 
(Do Sr. DELEGADO MARCELO FREITAS) 
 
 
 
Confere ao município de Montes Claros, no 
Estado de Minas Gerais, o título de Capital 
Nacional do Pequi.                                      
 
 
 
O Congresso Nacional decreta:  
 
 
 
Art. 1º É conferido ao município de Montes Claros, no Estado de Minas 
Gerais, o título de Capita",0.0
72,1,Conferir ao município de Luziânia o título de Capital Nacional do Café do Cerrado. ,PL 7682/2010,"Confere   ao Município de Marília, no Estado de São Paulo, o título de ""Capital Nacional do Alimento"".","PROJETO DE LEI Nº                DE 2010
(Do Dep. Federal Dr. Nechar)
Confere   ao Município de
Marília, no Estado de São
Paulo, o título de “Capital
Nacional   do   Alimento”.
O Congresso Nacional decreta:
Art. 1º É conferido ao Município de Marília, São Paulo, o título de
Capital Nacional do Alimento.
Art. 2º Esta Lei entrará em vigor na data de sua publicação,
revogadas as disposições em contrário.
JUSTIFICATIVA
O presente Projeto de Lei tem por objetivo conferir ao Município
de Marília, localizada no Estado de São Paulo, o título de Capital Nacional do
Alimento.
Marília, a Capital Nacional",0.0
73,1,Conceder desconto para os agricultores que tomaram crédito rural em 2021 por conta da pandemia . ,PL 956/2007,"Dispõe sobre a renegociação de dívidas oriundas de operações de crédito rural, contratadas por mini e pequenos produtores e agricultores familiares, com recursos dos Fundos Constitucionais de Financiamento do Norte, do Nordeste e do Centro-Oeste.","PROJETO DE LEI Nº                   , DE 2007
(Do Sr. Beto Faro)
Dispõe sobre a renegociação de dívidas
oriundas de operações de crédito rural, contratadas
por mini e pequenos produtores e agricultores
familiares, com recursos dos Fundos Constitucionais
de Financiamento do Norte, do Nordeste e do
Centro-Oeste.
O Congresso Nacional decreta:
Art. 1º  Esta Lei trata da renegociação das dívidas, de
responsabilidade de mini e pequenos produtores e agricultores familiares, mutuários de
operações de crédito rural com recursos dos Fundos Constitucionais de Financiamento
do Norte, do Nordeste e do Cent",0.5
73,1,Conceder desconto para os agricultores que tomaram crédito rural em 2021 por conta da pandemia . ,INC 642/2003,Sugere ao Ministério do Desenvolvimento Agrário a adequação das regras de acesso ao financiamento rural para os assentados da Reforma Agrária.,"REQUERIMENTO
(Do Sr. Zezéu Ribeiro  e outros)
Requer o envio de Indicação ao Poder
Executivo, relativa a adequação das regras de
acesso ao financiamento rural para os
assentados da reforma agrária.
Senhor Presidente:
Nos termos do art. 113, inciso I e § 1o, do Regimento
Interno da Câmara dos Deputados, requeiro a V. Exª. seja encaminhada ao
Poder Executivo a Indicação em anexo, sugerindo a adequação das regras de
acesso ao financiamento rural para os assentados da reforma agrária .
Sala das Sessões, em       de                          de 2003.
Deputado Zezeu Ribeiro
INDICAÇÃO No              ",0.0
73,1,Conceder desconto para os agricultores que tomaram crédito rural em 2021 por conta da pandemia . ,PL 1401/2020,Dispões sobre a prorrogação dos empréstimos ou financiamento bancários contratados por pessoas físicas ou jurídicas  prejudicadas pelas medidas sanitárias para enfrentamento da emergência de saúde pública de importância internacional decorrente da pandemia provocada pelo coronavírus (Covid-19).,"PROJETO DE LEI Nº          , DE 2020 
(Do Sr. MARX BELTRÃO) 
Dispões sobre a prorrogação dos 
empréstimos ou financiamento bancários 
contratados por pessoas físicas ou jurídicas  
prejudicadas pelas medidas sanitárias para 
enfrentamento da emergência de saúde 
pública de importância internacional 
decorrente da pandemia provocada pelo 
coronavírus (Covid-19). 
O Congresso Nacional decreta: 
Art. 1º Esta Lei dispõe sobre a suspensão da cobrança de 
parcelas oriundas de contratos de empréstimo ou financiamento bancários 
contratados por pessoas físicas ou jurídicas prejudicadas pelas medidas 
",0.5
73,1,Conceder desconto para os agricultores que tomaram crédito rural em 2021 por conta da pandemia . ,INC 20/2022,Requer a adoção de medidas emergenciais de amparo aos produtores rurais para mitigar os prejuízos causados pelas fortes chuvas ocorridas entre os meses de dezembro de 2021 e janeiro de 2022.,"INDICAÇÃO Nº      , DE 2022
(Do Sr. ZÉ SILVA)
Requer  a  adoção  de  medidas
emergenciais  de  amparo  aos  produtores
rurais  para  mitigar  os  prejuízos  causados
pelas  fortes  chuvas  ocorridas  entre  os
meses de dezembro de 2021 e janeiro  de
2022.
Excelentíssima  Senhora  Ministra  da  Agricultura,  Pecuária  e
Abastecimento, Excelentíssimo Senhor Ministro da Economia e Excelentíssimo
Senhor Ministro do Desenvolvimento Regional.
O Brasil  vem acompanhando os efeitos e danos provocados
pelas fortes chuvas ocorridas entre os meses de dezembro de 2021 e janeiro
de 2022, tendo destaque na ",0.0
73,1,Conceder desconto para os agricultores que tomaram crédito rural em 2021 por conta da pandemia . ,PL 4367/2021,"Prorroga o prazo estabelecido pela Lei nº 
14.131, de 30 de março de 2021, para que o acréscimo de 5% (cinco por cento) ao 
percentual máximo para a contratação de
 operações de crédito com desconto
 automático em folha de pagamento seja 
concedido até 31 de dezembro de 2022.","CÂMARA DOS DEPUTADOS - 56º LEGISLATURA
DEPUTADO FEDERAL RICARDO SILVA
PROJETO DE LEI Nº          , DE 2021.
(Do Sr. RICARDO SILVA)
Prorroga o prazo  estabelecido pela  Lei  nº
14.031, de 30 de março de 2021, para que o
acréscimo  de  5%  (cinco  por  cento)  ao
percentual  máximo  para  a  contratação  de
operações  de  crédito  com  desconto
automático  em  folha  de  pagamento  seja
concedido até 31 de dezembro de 2022.
O CONGRESSO NACIONAL decreta:
Art. 1º. Os arts. 1º, 2º e 6º, da Lei nº 14.031, de 30 de março de 2021, passam a
vigorar com a seguinte redação:
Art. 1º  Até 31 de dezembro de",0.0
73,1,Conceder desconto para os agricultores que tomaram crédito rural em 2021 por conta da pandemia . ,PL 2373/2021,"Prorroga para 30/12/2021 o prazo de liquidação e renegociação das dívidas a que se referem a Lei nº 13.340, de 2016.","CÂMARA DOS DEPUTADOS 
 
 
PROJETO DE LEI Nº                  , DE 2021. 
(Do Sr. Sebastião Oliveira) 
 
 
Prorroga para 30/12/2021 o prazo de 
liquidação e renegociação das dívidas a que se 
referem a Lei nº 13.340, de 2016.  
 
 
O CONGRESSO NACIONAL decreta 
Art. 1º. A presente lei destina-se a prorrogar o prazo de 
liquidação e renegociação das dívidas a que se referem a Lei nº 13.340, de 28 
de setembro de 2016. 
 
Art. 2º. A Lei nº 13.340, de 28 de setembro de 2016, que autoriza 
a liquidação e a renegociação de dívidas de crédito rural; altera a Lei nº 10.177, 
de 12 de janeiro de 2001; ",0.5
73,1,Conceder desconto para os agricultores que tomaram crédito rural em 2021 por conta da pandemia . ,PL 1589/2003,Institui o Fundo de Aval para Garantia de Empréstimos a Agricultores Familiares - FUAF e dá outras providências.,"PROJETO DE LEI Nº        , DE 2003.
(Do Sr. Leandro Vilela)
Institui o Fundo de Aval para Garantia
de Empréstimos a Agricultores Familiares -
FUAF e dá outras providências.
O Congresso Nacional decreta:
Art. 1º  Esta Lei trata da instituição de Fundo de Aval
destinado a proporcionar garantias complementares para viabilizar a obtenção de
financiamentos de investimento por parte dos agricultores familiares.
Art. 2º  Fica instituído o Fundo de Aval para Garantia de
Empréstimos a Agricultores Familiares — FUAF, com o objetivo exclusivo de
conceder garantias complementares nos empréstimos concedido",0.0
73,1,Conceder desconto para os agricultores que tomaram crédito rural em 2021 por conta da pandemia . ,PL 823/2021,"Dispõe sobre medidas emergenciais de amparo aos agricultores familiares do Brasil para mitigar os impactos socioeconômicos da Covid–19; altera as Leis nºs 13.340, de 28 de setembro de 2016, e 13.606, de 9 de janeiro de 2018; e dá outras providências (Lei Assis Carvalho II).

NOVA EMENTA: Dispõe sobre medidas emergenciais de amparo à agricultura familiar, para mitigar os impactos socioeconômicos da Covid-19; altera as Leis nºs 13.340, de 28 de setembro de 2016, e 13.606, de 9 de janeiro de 2018; e dá outras providências (Lei Assis Carvalho II).","CÂMARA DOS DEPUTADOS DO BRASIL
Deputado Pedro Uczai – PT/SC
PROJETO DE LEI Nº                , DE 2021.
(Dos Srs. Deputados (as) Bohn Gass (PT-RS), João Daniel (PT-SE), Pedro Uczai
(PT-SC), Afonso Florence (PT-BA), Airton Faleiro (PT-PA), Beto Faro (PT-PA),
Carlos Veras (PT-PE), Célio Moura (PT-TO), Frei Anastácio (PT-PB), Marcon
(PT/RS), Natália Bonavides (PT-RN), Nilto Tatto (PT-SP), Padre João (PT-MG),
Patrus Ananias (PT-MG), Paulão (PT-AL), Valmir Assunção (PT/BA), Zé Carlo
(PT-MA), Zé Neto (PT-BA) e outros)
Dispõe  sobre  medidas  emergenciais  de
amparo  aos  agricultores  familiares  do",1.0
73,1,Conceder desconto para os agricultores que tomaram crédito rural em 2021 por conta da pandemia . ,PL 2700/2021,"Altera o § 4º do art. 1º da Lei nº 10.823, de 19 de dezembro de 2003, que dispõe sobre a subvenção econômica ao prêmio do Seguro Rural.","PROJETO DE LEI Nº          , DE 2021
(Do Sr. FELIPE RIGONI)
Altera o § 4º do art. 1º da Lei nº 10.823,
de  19  de  dezembro  de  2003,  que  dispõe
sobre a subvenção econômica ao prêmio do
Seguro Rural.
O Congresso Nacional decreta:
Art. 1º Esta Lei altera a Lei nº 10.823, de 19 de dezembro de
2003, para transferir às Operações Oficiais de Crédito a dotação orçamentária
destinada à subvenção econômica ao prêmio do seguro rural.
Art. 2º A Lei nº 10.823, de 19 de dezembro de 2003, passa a
vigorar com a seguinte alteração:
“Art.1º ..................................................................",0.0
73,1,Conceder desconto para os agricultores que tomaram crédito rural em 2021 por conta da pandemia . ,PL 7468/2014,"Equipara, para fins creditícios, os proprietários rurais que especifica aos agricultores familiares, estabelecendo as condições para a equiparação.","PROJETO DE LEI Nº      , DE 2014 
 (Da Sra.   Flávia Morais) 
Equipara, para fins creditícios, os 
proprietários rurais que especifica aos 
agricultores familiares, estabelecendo as 
condições para a equiparação. 
O Congresso Nacional decreta: 
Art. 1º Esta Lei assegura tratamento isonômico, para fins 
creditícios, entre o agricultor familiar e o proprietário rural que detenha área não 
superior a 15 módulos fiscais. 
Art. 2º Farão jus ao tratamento isonômico a que se refere 
o art. 1º os proprietários rurais que atenderem aos requisitos previstos no art. 
3º da Lei nº 11.326, de 24 de julho d",0.0
74,1,Elaborar projeto de lei adotando as seguintes providências: prorrogação de dívidas de crédito rural contratadas por agricultores familiares entre 2020 e 2021.,PL 60/2022,Dispõe sobre a remissão e a prorrogação de parcelas de dívidas originárias de operações de crédito rural de responsabilidade de produtores cuja produção da safra do ciclo agrícola 2021/2022 tenha sido prejudicada em razão de excesso hídrico.,"PROJETO DE LEI Nº          , DE 2022
(Do Sr. ZÉ SILVA)
Dispõe  sobre  a  remissão  e  a
prorrogação  de  parcelas  de  dívidas
originárias de operações de crédito rural de
responsabilidade  de  produtores  cuja
produção  da  safra  do  ciclo  agrícola
2021/2022 tenha sido prejudicada em razão
de excesso hídrico.
O Congresso Nacional decreta:
Art.  1º Esta  Lei  autoriza  e  estabelece  as  condições  para  a
remissão  ou  prorrogação  das  parcelas  vencidas  ou  vincendas  em  2022
relativas a dívidas decorrentes de operações de crédito rural contratadas até 31
de dezembro de 2021, renegociad",0.5
74,1,Elaborar projeto de lei adotando as seguintes providências: prorrogação de dívidas de crédito rural contratadas por agricultores familiares entre 2020 e 2021.,PL 823/2021,"Dispõe sobre medidas emergenciais de amparo aos agricultores familiares do Brasil para mitigar os impactos socioeconômicos da Covid–19; altera as Leis nºs 13.340, de 28 de setembro de 2016, e 13.606, de 9 de janeiro de 2018; e dá outras providências (Lei Assis Carvalho II).

NOVA EMENTA: Dispõe sobre medidas emergenciais de amparo à agricultura familiar, para mitigar os impactos socioeconômicos da Covid-19; altera as Leis nºs 13.340, de 28 de setembro de 2016, e 13.606, de 9 de janeiro de 2018; e dá outras providências (Lei Assis Carvalho II).","CÂMARA DOS DEPUTADOS DO BRASIL
Deputado Pedro Uczai – PT/SC
PROJETO DE LEI Nº                , DE 2021.
(Dos Srs. Deputados (as) Bohn Gass (PT-RS), João Daniel (PT-SE), Pedro Uczai
(PT-SC), Afonso Florence (PT-BA), Airton Faleiro (PT-PA), Beto Faro (PT-PA),
Carlos Veras (PT-PE), Célio Moura (PT-TO), Frei Anastácio (PT-PB), Marcon
(PT/RS), Natália Bonavides (PT-RN), Nilto Tatto (PT-SP), Padre João (PT-MG),
Patrus Ananias (PT-MG), Paulão (PT-AL), Valmir Assunção (PT/BA), Zé Carlo
(PT-MA), Zé Neto (PT-BA) e outros)
Dispõe  sobre  medidas  emergenciais  de
amparo  aos  agricultores  familiares  do",1.0
74,1,Elaborar projeto de lei adotando as seguintes providências: prorrogação de dívidas de crédito rural contratadas por agricultores familiares entre 2020 e 2021.,PL 5202/2019,"Altera o Artigo 36, da Lei nº 13.606, de 09 de janeiro de 2018; os Artigos 1º, 2º e 3º, da Lei nº 13.340, de 28 de setembro de 2016, e dá outras providências.","CÂMARA DOS DEPUTADOS 
DEPUTADO FEDERAL JOÃO DANIEL PT/SE 
 
 
Câmara dos Deputados │Anexo IV – 6° andar - Gabinete 60 │70160900 Brasília DF 
Tel: (61) 3215-5605 - Fax: (61) 3215-2605│E-mail: dep.joaodaniel@camara.gov.br 
1 
 
 
PROJETO DE LEI Nº          DE 2019 
(Do Sr. João Daniel) 
 
Altera o Artigo 36, da Lei nº 13.606, 
de 09 de janeiro de 2018; os Artigos 
1º, 2º e 3º, da Lei nº 13.340, de 28 
de setembro de 2016, e dá outras 
providências.  
 
O Congresso Nacional Decreta: 
Art. 1º O Art. 36, da Lei nº da 13.606, de 09 de janeiro de 2018, 
passa a vigorar com as seguintes alterações: 
“",0.0
74,1,Elaborar projeto de lei adotando as seguintes providências: prorrogação de dívidas de crédito rural contratadas por agricultores familiares entre 2020 e 2021.,PL 10622/2018,"Altera a Lei nº 13.606, de 9 de janeiro de 2018, para estender o alcance das medidas de estímulo à liquidação das operações contratadas no âmbito do Pronaf.","PROJETO DE LEI Nº          , DE 2018 
(Dos Srs. JERÔNIMO GOERGEN, e outros) 
Altera a Lei nº 13.606, de 9 de janeiro 
de 2018, para estender o alcance das 
medidas de estímulo à liquidação das 
operações contratadas no âmbito do Pronaf.  
O Congresso Nacional decreta: 
Art. 1º A Lei nº 13.606, de 9 de janeiro de 2018, passa a vigorar 
com a seguinte redação: 
“Art. 31. Fica autorizada a concessão de rebate para 
liquidação, até 30 de junho de 2019, das operações de crédito 
rural contratadas até 31 de dezembro de 2017 no âmbito do 
Pronaf, observadas as seguintes condições: 
..................",0.5
74,1,Elaborar projeto de lei adotando as seguintes providências: prorrogação de dívidas de crédito rural contratadas por agricultores familiares entre 2020 e 2021.,PL 1723/2020,"Altera a Lei nº 13.340, de 28 de setembro de 2016 e dá outras providências","C Â M A R A    D O S    D E P U T A D O S 
PROJETO DE LEI Nº         , DE 2020. 
(Do Sr. Nivaldo Albuquerque) 
 
Altera a Lei nº 13.340, de 28 de setembro de 
2016 e dá outras providências. 
 
 
 O Congresso Nacional decreta: 
 
 Art. 1º Esta lei visa alterar os prazos de renegociação 
de dívidas de crédito rural e incluir a suspensão temporária das penhoras 
judiciais sobre bens para satisfação de execuções referentes aos créditos 
rurais de que tratam a Lei nº 13.340, de 28 de setembro de 2016. 
 
 Art. 2º A Lei nº 13.503, de 23 de setembro de 1997, 
passa a vigorar com as seguintes alteraçõ",1.0
74,1,Elaborar projeto de lei adotando as seguintes providências: prorrogação de dívidas de crédito rural contratadas por agricultores familiares entre 2020 e 2021.,PL 956/2007,"Dispõe sobre a renegociação de dívidas oriundas de operações de crédito rural, contratadas por mini e pequenos produtores e agricultores familiares, com recursos dos Fundos Constitucionais de Financiamento do Norte, do Nordeste e do Centro-Oeste.","PROJETO DE LEI Nº                   , DE 2007
(Do Sr. Beto Faro)
Dispõe sobre a renegociação de dívidas
oriundas de operações de crédito rural, contratadas
por mini e pequenos produtores e agricultores
familiares, com recursos dos Fundos Constitucionais
de Financiamento do Norte, do Nordeste e do
Centro-Oeste.
O Congresso Nacional decreta:
Art. 1º  Esta Lei trata da renegociação das dívidas, de
responsabilidade de mini e pequenos produtores e agricultores familiares, mutuários de
operações de crédito rural com recursos dos Fundos Constitucionais de Financiamento
do Norte, do Nordeste e do Cent",0.5
74,1,Elaborar projeto de lei adotando as seguintes providências: prorrogação de dívidas de crédito rural contratadas por agricultores familiares entre 2020 e 2021.,PL 6276/2019,"Altera a Lei nº 13.340, de 28 de setembro de 2016, para conceder rebate para liquidação de operações de crédito rural do Programa Nacional de Fortalecimento da Agricultura Familiar e dá outras providências.","Câmara dos Deputados 
        Deputado Federal Heitor Freire - PSL/CE. 
 
 
 
                          
Câmara dos Deputados | Anexo III - Gabinete 367 | CEP 70.160-900 Brasília DF 
Tel (61) 3215-5367     -    Fax: (61) 3215-2367   |  dep.heitorfreire@camara.gov.br 
 
PROJETO DE LEI Nº      , DE 2019 
(Do Sr. Heitor Freire) 
 
Altera a Lei nº 13.340, de 28 de 
setembro de 2016, para conceder rebate 
para liquidação de operações de crédito 
rural do Programa Nacional de 
Fortalecimento da Agricultura Familiar e dá 
outras providências.  
O Congresso Nacional decreta: 
 
Art. 1º   A Lei nº 13.3",0.5
74,1,Elaborar projeto de lei adotando as seguintes providências: prorrogação de dívidas de crédito rural contratadas por agricultores familiares entre 2020 e 2021.,PL 3570/2004,"Altera a Lei nº 10.696, de 2 de julho de 2003, estabelecendo novos prazos para regularização de débitos de crédito rural e dá outras providências.","PROJETO DE LEI Nº            , DE 2004
(do Sr. FERNANDO DE FABINHO)
Altera a Lei nº 10.696, de 2 de julho de
2003, estabelecendo novos prazos para
regularização de débitos de crédito rural e dá
outras providências.
O Congresso Nacional decreta:
Art. 1º A Lei nº 10.696, de 2 de julho de 2003, passa a vigorar
com as seguintes alterações:
“Art. 1º Ficam autorizados a repactuação e o alongamento de
dívidas oriundas de operações de crédito rural contratadas ao abrigo do
Programa Especial de Crédito para a Reforma Agrária – PROCERA, cujos
mutuários estejam adimplentes com suas obrigações ou as regul",0.5
74,1,Elaborar projeto de lei adotando as seguintes providências: prorrogação de dívidas de crédito rural contratadas por agricultores familiares entre 2020 e 2021.,PL 3590/2004,"Altera a Lei nº 10.696, de 2 de julho de 2003, estabelecendo novos prazos para regularização de débitos de crédito rural e dá outras providências.","PROJETO DE LEI Nº            , DE 2004
(do Sr. ROBERTO PESSOA)
Altera a Lei nº 10.696, de 2 de julho de
2003, estabelecendo novos prazos para
regularização de débitos de crédito rural e dá
outras providências.
O Congresso Nacional decreta:
Art. 1º A Lei nº 10.696, de 2 de julho de 2003, passa a vigorar
com as seguintes alterações:
“Art. 1º Ficam autorizados a repactuação e o alongamento de
dívidas oriundas de operações de crédito rural contratadas ao abrigo do
Programa Especial de Crédito para a Reforma Agrária – PROCERA, cujos
mutuários estejam adimplentes com suas obrigações ou as regularize",0.5
74,1,Elaborar projeto de lei adotando as seguintes providências: prorrogação de dívidas de crédito rural contratadas por agricultores familiares entre 2020 e 2021.,PL 1543/2020,Autoriza a prorrogação de dívidas rurais em decorrência da pandemia do novo coronavírus (Covid-19).,"Autoriza a prorrogação de dívidas rurais
em  decorrência  da  pandemia  do  novo
coronavírus (Covid-19).
O Congresso Nacional decreta:
Art. 1º  Esta Lei autoriza a prorrogação de dívidas rurais em decorrência do
estado de calamidade pública relacionado à pandemia do novo coronavírus (Covid-19).
Art.  2º  Ficam  autorizadas  as  instituições  financeiras  a  prorrogarem  o
vencimento das parcelas vencidas ou com vencimento no período de 1º de janeiro de
2020 a  31  de dezembro de 2020 das  operações  de  crédito  rural  nas  modalidades  de
custeio, comercialização e investimento, pelo perí",1.0
75,1,Elaboração de proposição que institua o voto facultativo.,PEC 356/2013,"Dá nova redação ao §1º, do art. 14 da Constituição Federal para tornar facultativo o voto e o alistamento eleitoral.","CÂMARA DOS DEPUTADOS 
 
 
1 
 
  
  
 *
0
4
A
7
B
4
F
D
1
6
*
 
  
  
 0
4
A
7
B
4
F
D
1
6
 
PROPOSTA DE EMENDA À CONSTITUIÇÃO No , DE 2013 
(Do Sr. João Campos e outros) 
 
 
Dá nova redação ao §1º, do 
artigo 14 da Constituição 
Federal para tornar facultativo 
o voto e o alistamento 
eleitoral. 
 
 
As Mesas da Câmara dos Deputados e do 
Senado Federal, nos termos do § 3º do art. 60 da Constituição 
Federal, promulgam a seguinte emenda ao texto constitucional: 
Art. 1º. O §1º, art. 14 da Constituição Federal, 
passa a vigorar com a seguinte redação: 
 “Art. 14...............................",1.0
75,1,Elaboração de proposição que institua o voto facultativo.,PEC 314/2013,"Altera o § 1º e os incisos I e II, do art. 14, da Constituição Federal, instituindo o Voto Facultativo.","CÂMARA DOS DEPUTADOS 
DEPUTADO FEDERAL  MENDONÇA PRADO (DEMOCRATAS/SE) 
  
  
  
 *
3
3
0
1
0
1
B
D
1
2
*
 
  
  
 3
3
0
1
0
1
B
D
1
2
 
PROPOSTA DE EMENDA À CONSTITUIÇÃO Nº         , DE 2013 
(Do Sr. Deputado Mendonça Prado) 
 
 
Altera o § 1º e os incisos I e II, do art. 
14, da Constituição Federal, 
instituindo o Voto Facultativo. 
 
 
As Mesas da Câmara dos Deputados e do Senado Federal, nos termos do § 
3º do art. 60 da Constituição Federal, promulgam a seguinte emenda ao 
texto constitucional: 
 
Art. 1º. O § 1º e os incisos I e II, do art. 14º, da Constituição Federal, passam 
a vigora",1.0
75,1,Elaboração de proposição que institua o voto facultativo.,PEC 322/2013,"Altera o § 1º e os incisos I e II, do art. 14, da Constituição Federal, instituindo o Voto Facultativo.","CÂMARA DOS DEPUTADOS 
DEPUTADO FEDERAL  MENDONÇA PRADO (DEMOCRATAS/SE) 
  
PROPOSTA DE EMENDA À CONSTITUIÇÃO Nº         , DE 2013 
(Do Sr. Deputado Mendonça Prado) 
 
 
Altera o § 1º e os incisos I e II, do art. 
14, da Constituição Federal, 
instituindo o Voto Facultativo. 
 
 
As Mesas da Câmara dos Deputados e do Senado Federal, nos termos do § 
3º do art. 60 da Constituição Federal, promulgam a seguinte emenda ao 
texto constitucional: 
 
Art. 1º. O § 1º e os incisos I e II, do art. 14º, da Constituição Federal, passam 
a vigorar com a seguinte redação: 
“Art. 14º .........................",1.0
75,1,Elaboração de proposição que institua o voto facultativo.,PEC 159/2012,Dá nova redação ao art. 14 da Constituição Federal para tornar facultativo o voto e o alistamento eleitoral.,"PROPOSTA DE EMENDA À CONSTITUIÇÃO Nº      , DE 2012. 
 
 
 
Dá nova redação ao artigo 14 da 
Constituição Federal para tornar facultativo o 
voto e o alistamento eleitoral. 
 
 
As Mesas da Câmara dos Deputados e do Senado 
Federal, nos termos do art. 60 da Constituição Federal, promulgam a seguinte 
Emenda ao texto Constitucional: 
Art. 1º. O art. 14 da Constituição Federal passa a vigorar 
com a seguinte redação: 
“Art. 14. ............................................................................... 
§ 1º O alistamento eleitoral e o voto são facultativos para 
os maiores de 16 anos. (NR) ",1.0
75,1,Elaboração de proposição que institua o voto facultativo.,PEC 546/2006,Altera o § 1º e seu inciso I do art. 14 da Constituição Federal.,"ePROPOSTA DE EMENDA À CONSTITUIÇÃO Nº ____, DE  2006
(Do Sr. Mendonça Prado e outros)
Altera o § 1º e seu inciso I do art. 14 da
Constituição Federal.
As Mesas da Câmara dos Deputados e do Senado Federal, nos
termos do § 3º do art. 60 da Constituição Federal,  promulgam  a seguinte
emenda constitucional:
Artigo 1º. Dê-se ao § 1º e seu inciso I do art. 14º da Constituição
Federal   a seguinte redação.
“Art. 14º  .................................................................................................
§ 1º o alistamento eleitoral é obrigatório e o voto facultativo.
I – o alistamento elei",1.0
75,1,Elaboração de proposição que institua o voto facultativo.,PEC 396/2017,"Altera o § 1º e os incisos I e II, do art. 14, da Constituição Federal, instituindo o Voto Facultativo.","PROPOSTA DE EMENDA À CONSTITUIÇÃO N.º            , DE 2017 
(Do Sr. Cabo Sabino) 
 
 
Altera o § 1º e os incisos I e II, do art. 14, da 
Constituição Federal, instituindo o Voto 
Facultativo. 
 
 
As Mesas da Câmara dos Deputados e do Senado Federal, 
nos termos do art. 60 da Constituição Federal, promulgam a seguinte emenda 
ao texto constitucional: 
Art.  1º  O § 1º e os incisos I e II, do art. 14º, da Constituição 
Federal, passam a vigorar com a seguinte redação:  
Art. 14º. ....................................................................... 
 
.........................................",1.0
75,1,Elaboração de proposição que institua o voto facultativo.,PDC 640/2017,Convoca plebiscito para consultar a população acerca do seu interesse em manter o voto obrigatório no País ou em adotar o voto facultativo.,"PROJETO DE DECRETO LEGISLATIVO Nº      , DE 2017 
(Do Sr. CELSO PANSERA) 
Convoca plebiscito para consultar a 
população acerca do seu interesse em 
manter o voto obrigatório no País ou em 
adotar o voto facultativo. 
O Congresso Nacional decreta: 
Art. 1º Fica convocado, nos termos do art. 49, XV, da 
Constituição Federal, e da Lei nº 9.709, de 18 de novembro de 1998, plebiscito 
para consultar a população acerca do seu interesse em manter o voto 
obrigatório no País ou em adotar o voto facultativo. 
Parágrafo único. A consulta será feita por meio da seguinte 
indagação: “Você é a favor da ad",1.0
75,1,Elaboração de proposição que institua o voto facultativo.,PEC 271/2016,"Dá nova redação ao caput e ao § 1º do art. 14 da Constituição Federal, tornando facultativo o exercício do direito de voto.","PROPOSTA DE EMENDA À CONSTITUIÇÃO Nº      , DE 2016  
(Do Sr. CELSO PANSERA e outros) 
Dá nova redação ao caput e ao § 1º do 
art. 14 da Constituição Federal, tornando 
facultativo o exercício do direito de voto. 
As Mesas da Câmara dos Deputados e do Senado Federal, 
nos termos do § 3º do art. 60 da Constituição Federal, promulgam a seguinte 
emenda ao texto constitucional: 
Art. 1º O caput e o § 1º do art. 14 da Constituição Federal 
passam a vigorar com a seguinte redação: 
“Art. 14. A soberania popular será exercida pelo 
sufrágio universal e pelo voto facultativo, direto e secreto, 
com v",1.0
75,1,Elaboração de proposição que institua o voto facultativo.,PEC 430/2005,"Dá nova redação ao § 1º do art. 14, da Constituição Federal, tornando facultativo o exercício do direito de voto e o alistamento eleitoral.","PROPOSTA DE EMENDA À CONSTITUIÇÃO No      , DE 2005
(Do Sr.  Moreira Franco e outros)
Dá nova redação ao § 1º do art. 14, da
Constituição Federal, tornando facultativo o
exercício do direito de voto e o alistamento
eleitoral.
As Mesas da Câmara dos Deputados e do Senado Federal,
nos termos do art. 60 da Constituição Federal, promulgam a seguinte emenda ao
texto constitucional:
Art. 1º. O § 1º do art. 14, da Constituição Federal, passa a
vigorar com a seguinte redação:
""Art. 14. .......................................................................
...
§1º O alistamento eleitoral e o voto são ",1.0
75,1,Elaboração de proposição que institua o voto facultativo.,PEC 115/2003,"Dá nova redação ao art. 14, caput e  §1º, da Constituição Federal, tornando facultativo o exercício do direito de voto.","PROPOSTA DE EMENDA À CONSTITUIÇÃO Nº      , DE 200
(Do Sr. LEANDRO VILELA  e outros)
Dá nova redação ao art. 14, caput e
§1º, da Constituição Federal, tornando
facultativo o exercício do direito de voto.
As Mesas da Câmara dos Deputados e do Senado Federal,
nos termos do § 3º do art. 60 da Constituição Federal, promulgam a seguinte
emenda ao texto constitucional:
Art. 1º  O art. 14,  caput e § 1º, da Constituição Federal
passa a vigorar com as seguintes alterações:
 ""Art. 14.  A soberania popular será exercida pelo
voto direto, secreto e facultativo, com valor igual para
todos, e, nos termos d",1.0
76,1,Distribuição de pílula anticoncepcionais e outros contraceptivos pelo SUS.,INC 2370/2016,"Sugere a promoção de ações para que, ao oferecer opções de métodos contraceptivos, ofereça também, os métodos naturais de planejamento familiar, especificamente Método da Ovulação Billings, método da temperatura basal e fitas de ovulação.","Câmara dos Deputados Anexo III – Gabinete 379 – CEP 70.160-900 – Brasília –DF 
Telefones (61) 3215-5379/1379/3379 – Fax (61) 3215-2379 – dep.flavinho@camara.leg.br 
 
CÂMARA DOS DEPUTADOS 
Deputado Federal Flavinho – PSB - SP 
 
REQUERIMENTO 
(Do Sr. Flavinho) 
Requer o envio de Indicação ao 
Poder Executivo, relativa ao oferecimento 
dos Métodos Naturais de regulação da 
fertilidade como uma opção para os 
métodos de Planejamento Familiar. 
Senhor Presidente: 
Nos termos do art. 113, inciso I e § 1o, do Regimento 
Interno da Câmara dos Deputados, requeiro a V. Ex.ª os bons préstimos de 
que s",0.5
76,1,Distribuição de pílula anticoncepcionais e outros contraceptivos pelo SUS.,PL 10043/2018,Dispõe sobre a advertência quanto ao uso de anticoncepcionais.,"PROJETO DE LEI Nº             , DE 2018 
(Do Sr. FÁBIO TRAD) 
  
 
   
 
Dispõe sobre a advertência quanto ao uso de 
anticoncepcionais.  
 
O Congresso Nacional decreta: 
Art. 1º - Os fornecedores de anticoncepcionais femininos ficam obrigados a 
inserir na embalagem a seguinte advertência: “Não é recomendável o uso contínuo deste 
medicamento por pessoas com histórico familiar de trombofilia. Em raros casos existem 
riscos de tromboembolismo, embolia pulmonar, trombose cerebral, trombose venosa 
profunda e acidente vascular cerebral. ” 
Parágrafo único.  A advertência a que se refere o caput",0.5
76,1,Distribuição de pílula anticoncepcionais e outros contraceptivos pelo SUS.,INC 70/2019,Sugere a inclusão de chips subcutâneos e de Dispositivos Intrauterinos - DIU com progesterona entre os métodos contraceptivos disponibilizados à população pelo Sistema Único de Saúde.,"CÂMARA DOS DEPUTADOS 
   GABINETE DEPUTADO FEDERAL ALEXANDRE LEITE 
 
 
REQUERIMENTO Nº          , DE 2019 
(Do Senhor ALEXANDRE LEITE) 
 
 
 
Requer o envio de Indicação ao Poder Executivo, 
relativa à inclusão de chips subcutâneos e de 
Dispositivos Intrauterinos – DIU com progesterona 
entre os métodos contraceptivos disponibilizados à 
população pelo Sistema Único de Saúde. 
 
 
Senhor Presidente: 
 
Nos termos do artigo 113, inciso I e § 1º, do Regimento Interno da 
Câmara dos Deputados, requeiro, respeitosamente, a Vossa Excelência, seja 
encaminhada, ao Poder Executivo, a Indicação anex",1.0
76,1,Distribuição de pílula anticoncepcionais e outros contraceptivos pelo SUS.,INC 783/2015,Sugere ações relativas à prevenção e ao controle dos potenciais efeitos adversos decorrentes do uso de anticoncepcionais orais.,"REQUERIMENTO 
(Da Sra. MARA GABRILLI) 
Requer o envio de Indicação ao 
Poder Executivo, relativa à prevenção e ao 
controle dos potenciais efeitos adversos 
decorrentes do uso de anticoncepcionais 
orais. 
Senhor Presidente: 
Nos termos do art. 113, inciso I e § 1o, do Regimento 
Interno da Câmara dos Deputados, requeiro a V. Exª. seja encaminhada ao 
Poder Executivo a Indicação em anexo, relativa à prevenção e ao controle dos 
potenciais efeitos adversos decorrentes do uso de anticoncepcionais orais. 
Sala das Sessões, em       de                          de 2015. 
Deputada MARA GABRILLI 
 
 ",0.5
76,1,Distribuição de pílula anticoncepcionais e outros contraceptivos pelo SUS.,PL 261/2019,"Dispõe sobre a proibição do comércio, propaganda, distribuição e implantação pela Rede Pública de Saúde de Micro Abortivos e dá outras providências.","CÂMARA DOS DEPUTADOS 
 
 
PROJETO DE LEI Nº..................,2019 
(Do Sr. Márcio Labre) 
 
 Dispõe sobre a proibição do comércio, propaganda, 
distribuição e implantação pela Rede Pública de Saúde de 
Micro Abortivos e dá outras providências. 
 
O Congresso Nacional decreta: 
Art. 1º - Ficam proibidos o comércio, a propaganda, a distribuição ou a doação de todo e 
qualquer micro abortivo. 
§ 1º - Ficam proibidos também o uso, a implantação ou a prescrição pela Rede Pública de 
Saúde de micros abortivos. 
§ 2º - Consideram-se micro abortivos o dispositivo intrauterino (DIU), a pílula só de 
p",0.5
76,1,Distribuição de pílula anticoncepcionais e outros contraceptivos pelo SUS.,PL 6980/2013,Dispõe sobre a disponibilização de anticoncepcionais injetáveis pelo Sistema Único de Saúde (SUS).,"PROJETO DE LEI Nº      , DE 2013 
(Da Sra. Sueli Vidigal) 
Dispõe sobre a disponibilização de 
anticoncepcionais injetáveis pelo Sistema 
Único de Saúde (SUS). 
O Congresso Nacional decreta: 
Art. 1º Fica o Sistema Único de Saúde obrigado a 
disponibilizar anticoncepcionais injetáveis de duração prolongada às usuárias 
em idade fértil, na periodicidade adequada para não haver interrupção do 
efeito. 
Art.2º Esta lei entra em vigor sessenta dias após sua 
publicação. 
JUSTIFICAÇÃO 
O planejamento familiar encontra-se normatizado pela Lei 
nº 9.263, de 12 de janeiro de 1996. Segundo aquele instr",1.0
76,1,Distribuição de pílula anticoncepcionais e outros contraceptivos pelo SUS.,INC 5628/2009,Sugere ao Ministro da Saúde a instalação do Centro Integrado de Planejamento Familiar - CIPF nos municípios com mais de cem mil habitantes.,"REQUERIMENTO
(Do Sr. MAURÍCIO TRINDADE)
Requer o envio de Indicação ao
Ministério da Saúde, sugerindo a instalação
do Centro Integrado de Planejamento
Familiar – CIPF nos municípios com mais de
cem mil habitantes.
Senhor Presidente:
Nos termos do art. 113, inciso I e § 1o, do Regimento
Interno da Câmara dos Deputados, requeiro a V. Exª. seja encaminhada ao
Ministério da Saúde a Indicação anexa, sugerindo a instalação do Centro
Integrado de Planejamento Familiar – CIPF nos municípios com mais de cem
mil habitantes.
Sala das Sessões, em       de                          de 2009.
Deputado MAURÍCI",0.5
76,1,Distribuição de pílula anticoncepcionais e outros contraceptivos pelo SUS.,PL 3032/2020,"""Dispõe sobre política de proteção às mulheres em situação de vulnerabilidade; pela Rede Pública de Saúde com a utilização do Contraceptivo Reversível de Longa Duração de Etonogestrel, e dá outras providências"".","CÂMARA DOS DEPUTADOS
Gabinete do Deputado Alexandre Frota – PSDB/SP
PROJETO DE LEI Nº          , DE 2020
(Do Sr. ALEXANDRE FROTA)
 “Dispõe  sobre  política  de  proteção  às
mulheres em situação de vulnerabilidade; pela
Rede  Pública  de  Saúde  com a  utilização  do
Contraceptivo  Reversível  de  Longa  Duração
de Etonogestrel, e dá outras providências”.
O Congresso Nacional decreta:
Art. - 1º - As mulheres em situação de vulnerabilidade, atendidas na Rede
Pública de Saúde, por meio de instituições diretas ou conveniadas a qualquer título,
terão  direito  a  receber  gratuitamente,  implantes",1.0
76,1,Distribuição de pílula anticoncepcionais e outros contraceptivos pelo SUS.,INC 4126/2009,Sugere ao Ministério da Saúde que se aumente a ênfase no ensino de métodos contraceptivos naturais nas ações de planejamento familiar do Sistema Único de Saúde.,"CÂMARA DOS DEPUTADOS
Gabinete do Deputado Federal DR. TALMIR
REQUERIMENTO
(Do Sr. Dr. Talmir)
Requer o envio de Indicação ao
Poder Executivo, sugerindo o aumento da
ênfase no ensino de métodos contraceptivos
naturais nas ações de planejamento familiar
do Sistema Único de Saúde.
Senhor Presidente:
Nos termos do art. 113, inciso I e § 1º, do Regimento
Interno da Câmara dos Deputados, requeiro a V. Ex.a seja encaminhada ao
Poder Executivo, na pessoa do Sr. Ministro da Saúde, a Indicação anexa,
sugerindo que nas ações de orientação sobre planejamento familiar do Sistema
Único de Saúde seja aumenta",0.5
76,1,Distribuição de pílula anticoncepcionais e outros contraceptivos pelo SUS.,PL 2645/2021,Proíbe a comercialização de fármacos anticoncepcionais hormonais de uso veterinário para cadelas e gatas sem receita médico-veterinária.,"PROJETO DE LEI Nº          , DE 2021
(Do Sr. MARX BELTRÃO)
Proíbe a comercialização de fármacos
anticoncepcionais  hormonais  de  uso
veterinário para cadelas e gatas sem receita
médico-veterinária.
O Congresso Nacional decreta:
Art.  1º  A  comercialização  de  fármacos  anticoncepcionais
hormonais  de  uso  veterinário  para  cadelas  e  gatas  está  condicionada  à
apresentação de receita prescrita por médico veterinário.
Parágrafo único. A administração em ambiente comercial dos
fármacos  de  que  trata  esse  artigo  é  da  competência  privativa  do  médico
veterinário, nos termos do art",0.0
77,1,Limites de despesas da lei de responsabilidade fiscal,PLP 121/2007,"Altera o art. 19 da Lei Complementar nº 101, de 4 de maio de 2000 - Lei de Responsabilidade Fiscal.","PROJETO DE LEI COMPLEMENTAR Nº          , DE 2007    
(Do Sr. Severiano Alves) 
 
 
 
 
 
Altera o art. 19 da Lei 
Complementar nº 101, de 4 de maio de 
2000 – Lei de Responsabilidade Fiscal. 
 
 
 
O Congresso Nacional decreta: 
Art. 1º Esta Lei Complementar visa a alterar a Lei 
Complementar nº 101, de 4 de maio de 2000, acrescendo inciso VII ao § 1º do art. 
19, com a finalidade de excluir as despesas com educação do cômputo dos limites 
de despesas com pessoal definidos no mesmo artigo. 
Art. 2º O art. 19 da Lei Complementar nº 101, de 4 de maio de 
2000, passa a vigorar com a seguinte red",1.0
77,1,Limites de despesas da lei de responsabilidade fiscal,PLP 25/2011,"Altera a Lei de Responsabilidade Fiscal, para excluir do limite de despesas de pessoal os recursos destinados a ações e serviços públicos de saúde.","PROJETO DE LEI COMPLEMENTAR NO      , DE 2011 
(Do Sr. AMAURI TEIXEIRA) 
Altera a Lei de Responsabilidade Fiscal, 
para excluir do limite de despesas de pessoal os 
recursos destinados a ações e serviços públicos 
de saúde. 
O Congresso Nacional decreta: 
Art. 1º O art. 19, § 1º, da Lei Complementar Nº 101, de 04 de 
maio de 2000 passa a vigorar acrescido do inciso VII: 
“Art. 19. ...................................................................................... 
.................................................................................................... 
§ 1º .....................",1.0
77,1,Limites de despesas da lei de responsabilidade fiscal,PLP 75/2011,"Altera dispositivos da Lei Complementar nº 101, de 4 de maio de 2000, para excluir da receita corrente líquida e da despesa total com pessoal dos Municípios, os recursos provenientes da Emenda Constitucional nº 53, de 2006 que trata do Fundo de Manutenção e Desenvolvimento da Educação Básica e Valorização dos Profissionais da Educação.","PROJETO DE LEI COMPLEMENTAR No      ,  DE 06 DE JULHO DE  2011 
(Do Sr. José Nunes) 
 
 
 
 
 
 
Altera dispositivos da Lei Complementar nº 101, de 04 de 
maio de 2000, para excluir da receita corrente líquida e da 
despesa total com pessoal dos Municípios, os recursos 
provenientes da Emenda Constitucional nº 53/2006 que 
trata do Fundo de Manutenção e Desenvolvimento da 
Educação Básica e Valorização dos Profissionais da 
Educação.  
 
 
 
 
O Congresso Nacional decreta: 
 
 
 
Art. 1º – Acrescenta-se ao art. 2º, inciso IV, da Lei 
Complementar nº 101, de 4 de maio de 2000, o parágrafo 4º, c",1.0
77,1,Limites de despesas da lei de responsabilidade fiscal,PLP 90/2015,"Altera a Lei complementar nº 101 de 04 de maio de 2000, que estabelece normas de finanças públicas voltadas para responsabilidade na gestão fiscal. Insere o § 3º  e § 4 ao art. 19 e o § 7º ao art. 20, da lei nº 101 de 04 de maio de 2000.","PROJETO DE LEI COMPLEMENTAR Nº                     , DE 2015. 
(Do Sr. Afonso Florence) 
 
Altera a Lei complementar nº 101 de 04 de 
maio de 2000, que estabelece normas de 
finanças públicas voltadas para 
responsabilidade na gestão fiscal. Insere o § 
3º  e § 4 ao art. 19 e o § 7º ao art. 20, da lei 
nº 101 de 04 de maio de 2000. 
 
 O Congresso Nacional decreta: 
Art. 1º. O art. 19 acrescido dos § 3º e § 4, e o art. 20 acrescido do § 7º, 
da Lei Complementar nº 101, de 04 de maio de 2000, passam a vigorar com a 
seguinte redação: 
Art. 19.....................................................",1.0
77,1,Limites de despesas da lei de responsabilidade fiscal,PLP 92/2015,"Acrescenta dispositivo à Lei Complementar nº 101, de 04 de maio de 2000, para excluir do cômputo do limite de despesa total com pessoal, os gastos voltados à execução de programas federais e estaduais.","PROJETO DE LEI COMPLEMENTAR Nº        DE 2015. 
(Da Sra. Moema Gramacho) 
 
Acrescenta dispositivo à Lei Complementar 
nº 101, de 04 de maio de 2000, para excluir 
do cômputo do limite de despesa total com 
pessoal, os gastos voltados à execução de 
programas federais e estaduais. 
 
 O Congresso Nacional decreta: 
 
 Art. 1º O parágrafo primeiro do artigo 19 da Lei Complementar nº 101, de 04 de 
maio de 2000, passa a vigorar acrescido do inciso VII: 
                 
   “Art.19.....................................................................................  
   §1º......................",1.0
77,1,Limites de despesas da lei de responsabilidade fiscal,PLP 80/2020,"Altera a Lei Complementar nº 101, de 4
de maio de 2000, que estabelece normas de
finanças públicas voltadas à responsabilidade
na gestão fiscal, para condicionar o aumento 
de despesas com pessoal ao crescimento
real do Produto Interno Bruto (PIB) na forma 
que especifica.","PROJETO DE LEI COMPLEMENTAR Nº          , DE 2020 
(Do Sr. LUIZ PHILIPPE DE ORLEANS E BRAGANÇA) 
Altera a Lei Complementar nº 101, de 4 
de maio de 2000, que estabelece normas de 
finanças públicas voltadas à responsabilidade 
na gestão fiscal, para condicionar o aumento 
de despesas com pessoal ao crescimento 
real do Produto Interno Bruto (PIB) na forma 
que especifica. 
O Congresso Nacional decreta: 
Art. 1º O art. 21 da Lei Complementar nº 101, de 4 de maio de 
2000, passa a vigorar acrescido dos seguintes § § 2º e 3°, renumerando-se o 
parágrafo único como § 1º: 
""Art. 21.................",1.0
77,1,Limites de despesas da lei de responsabilidade fiscal,PLP 396/2017,"Altera lei complementar nº 101, de 04 de maio de 2000, que estabelece normas de finanças públicas voltadas para a responsabilidade na gestão fiscal e dá outras providências, para excluir do teto das despesas de pessoal as relativas aos professores das redes públicas estadual e municipal de ensino.","Câmara dos Deputados Anexo III – Gabinete 369 – CEP 70.160-900 – Brasília –DF 
Telefones (61) 3215-5369/1369/3369 – Fax (61) 3215-2369 – dep.flavinho@camara.leg.br 
 
CÂMARA DOS DEPUTADOS 
Deputado Federal Flavinho – PSB - SP 
 
PROJETO DE LEI COMPLEMENTAR N.º   , DE 2017 
(Do Sr. Flavinho) 
 
 
 
Altera lei complementar nº 101, de 04 de 
maio de 2000, que estabelece normas de finanças 
públicas voltadas para a responsabilidade na 
gestão fiscal e dá outras providências, para 
excluir do teto das despesas de pessoal as 
relativas aos professores das redes públicas 
estadual e municipal de ensi",1.0
77,1,Limites de despesas da lei de responsabilidade fiscal,PLP 276/2013,"Altera dispositivos da Lei Complementar nº 101, de 4 de maio de  2000, que estabelece ""normas de finanças públicas voltadas para a responsabilidade na gestão fiscal e dá outras providências - Lei de Responsabilidade Fiscal (LRF).""","1 
 
         
 PROJETO DE LEI COMPLEMENTAR Nº      , DE 2013 
( Do Sr. José Carlos Araújo) 
 
 
                             Altera dispositivos da Lei 
Complementar nº 101, de 4 de maio de  2000, que 
estabelece “normas de finanças públicas voltadas para a 
responsabilidade na gestão fiscal e dá outras 
providências- Lei de Responsabilidade Fiscal (LRF).” 
 
        O Congresso Nacional decreta: 
 
        Art. 1º. Esta lei altera artigos da Lei Complementar  nº 101, de 4 de 
maio de 2000, que estabelece “ normas de finanças públicas voltadas para a 
responsabilidade na gestão fiscal e dá ou",1.0
77,1,Limites de despesas da lei de responsabilidade fiscal,PLP 438/2017,"Altera a Lei Complementar nº 101, de 4 de maio de 2000, para os fins que estabelece.","PROJETO DE LEI COMPLEMENTAR Nº   , DE OUTUBRO DE 2017. 
(Do Sr. José Nunes) 
  
  
Altera a Lei Complementar nº 101, de 4 
de maio de 2000, para os fins que 
estabelece. 
 
 O Congresso Nacional decreta:  
  
Art. 1º Esta Lei acrescenta o inciso VII, ao §1º, do art. 19, da Lei 
Complementar nº 101, de 4 de maio de 2000, com a seguinte redação:  
 
""Art. 19 ….....................................................................  
§1º.............................................................................. 
VII – relativas às transferências de receitas destinadas 
ao Programa de Saude da Fam",1.0
77,1,Limites de despesas da lei de responsabilidade fiscal,PLP 411/2008,"Altera a Lei Complementar nº 101, de 4 de maio de 2000, para redefinir critérios relativos aos limites de despesas com pessoal e de endividamento dos entes da  Federação.","PROJETO DE LEI COMPLEMENTAR NO      , DE 2008 
(Dos Srs.  José Linhares, Inocêncio Oliveira, Ariosto Holanda, Félix Mendonça, Fernando 
Ferro, Humberto Souto, Jaime Martins, Mauro Benevides, Paulo Henrique Lustosa, Paulo 
Teixeira, Professora Raquel Teixeira e Severiano Alves)     
Altera a Lei Complementar nº 101, de 4 de 
maio de 2000, para redefinir critérios relativos aos 
limites de despesas com pessoal e de 
endividamento dos entes da  Federação. 
O Congresso Nacional decreta: 
Art. 1º Esta Lei trata da redefinição dos critérios aplicáveis aos 
limites das despesas com pessoal e de endiv",1.0
78,1,Reintroduzir período de carência de 18 meses para o Fundo Fies para os contratos atuais.,PL 10557/2018,"Dispõe sobre a reinserção de carência de 18 meses após a conclusão do curso superior e antes do período de amortização, tanto para o Fundo Fies como para o Programa Fies, bem como sobre a possibilidade de pagamento com trabalho dos financiamentos da Lei nº 10.260, de 12 de julho de 2001, que dispõe sobre o Fundo de Financiamento Estudantil (Fies).","PROJETO DE LEI Nº              , DE 2018 
(Do Sr. NILTO TATTO) 
Dispõe sobre a reinserção de carência 
de 18 meses após a conclusão do curso 
superior e antes do período de amortização, 
tanto para o Fundo Fies como para o 
Programa Fies, bem como sobre a 
possibilidade de pagamento com trabalho 
dos financiamentos da Lei nº 10.260, de 12 
de julho de 2001, que dispõe sobre o Fundo 
de Financiamento Estudantil (Fies). 
O Congresso Nacional decreta: 
Art. 1º Os arts. 5º-C, 6º-B e 15-F da Lei nº 10.260, de 12 de 
julho de 2001, passam a vigorar com a seguinte redação: 
“Art. 5º-C ...............",1.0
78,1,Reintroduzir período de carência de 18 meses para o Fundo Fies para os contratos atuais.,PL 7247/2017,"Altera o art. 5º da Lei nº 10.260, de 12 de julho de 2001, que dispõe sobre o Fundo de Financiamento ao estudante do Ensino Superior e dá outras providências.","PROJETO DE LEI N.º                , DE 2017 
(Do Sr. Luis Tibé) 
Altera o art. 5º da Lei nº 10.260, de 12 
de julho de 2001, que dispõe sobre o Fundo 
de Financiamento ao estudante do Ensino 
Superior e dá outras providências. 
O Congresso Nacional decreta: 
Art. 1º O art. 5º da Lei nº 10.260, de 12 de julho de 2001, passa 
a vigorar acrescido de inciso IX, nos seguintes termos: 
“Art. 5º 
.......................................................................................... 
..................................................................................................... 
IX - Após o ",0.5
78,1,Reintroduzir período de carência de 18 meses para o Fundo Fies para os contratos atuais.,PLP 350/2017,"Altera o art. 5º da Lei nº 10.260, de 12 de julho de 2001, que dispõe sobre o Fundo de Financiamento ao estudante do Ensino Superior e dá outras providências.","PROJETO DE LEI COMPLEMENTAR N.º                , DE 2017 
(Do Sr. Luis Tibé) 
Altera o art. 5º da Lei nº 10.260, de 12 
de julho de 2001, que dispõe sobre o Fundo 
de Financiamento ao estudante do Ensino 
Superior e dá outras providências. 
O Congresso Nacional decreta: 
Art. 1º O art. 5º da Lei nº 10.260, de 12 de julho de 2001, passa 
a vigorar acrescido de inciso IX, nos seguintes termos: 
“Art. 5º 
.......................................................................................... 
..................................................................................................... ",0.5
78,1,Reintroduzir período de carência de 18 meses para o Fundo Fies para os contratos atuais.,PL 10853/2018,"Altera o § 3º do art. 6º-B e acrescenta o § 2º-A ao art. 6º-F da Lei nº 10.260, de 2001, que dispõe sobre o Fundo de Financiamento Estudantil - Fies, para assegurar aos graduados em Medicina que ingressem os programas de Residência Médica, em todas as especialidades, a extensão do período de carência ou a suspensão da amortização do financiamento.","PROJETO DE LEI Nº          , DE 2018 
(Do Sr. VICENTINHO) 
Altera o § 3º do art. 6º-B e acrescenta o 
§ 2º-A ao art. 6º-F da Lei nº 10.260, de 2001, 
que dispõe sobre o Fundo de Financiamento 
Estudantil – Fies, para assegurar aos 
graduados em Medicina que ingressem os 
programas de Residência Médica, em todas 
as especialidades, a extensão do período de 
carência ou a suspensão da amortização do 
financiamento. 
                                    O Congresso Nacional decreta: 
Art. 1º A Lei nº 10.260, de 12 de julho de 2001, passa a vigorar 
com as seguintes alterações: 
“Art. 6º-B.........",0.5
78,1,Reintroduzir período de carência de 18 meses para o Fundo Fies para os contratos atuais.,PL 2284/2019,Dispõe sobre a carência de 24 meses após o fim do curso superior para início do pagamento do saldo devedor do Fies e previsão de multa caso os responsáveis pelo pagamento de valor vinculado à renda não honrem suas obrigações.,"PROJETO DE LEI Nº , DE 2019 
(Do Sr. MAURO NAZIF) 
 
Dispõe sobre a carência de 24 meses 
após o fim do curso superior para início do 
pagamento do saldo devedor do Fies e 
previsão de multa caso os responsáveis pelo 
pagamento de valor vinculado à renda não 
honrem suas obrigações.  
O Congresso Nacional decreta: 
Art. 1º Os arts. 5º, 5º-C e 15-D da Lei nº 10.260, de 12 de julho 
de 2001, passam a vigorar com a seguinte redação: 
“Art. 5º .......................................................................................... 
................................................................",0.5
78,1,Reintroduzir período de carência de 18 meses para o Fundo Fies para os contratos atuais.,PL 1132/2020,"Dispõe, na Lei nº 10.260, de 12 de julho de 2001, sobre a suspensão temporária de pagamentos referentes a obrigações financeiras e contagem de prazos por parte dos estudantes beneficiários e de instituições de ensino do Fundo de Financiamento Estudantil (Fies) enquanto perdurar a paralisação de atividades letivas em decorrência da pandemia do novo coronavírus (Covid-19).","PROJETO DE LEI Nº          , DE 2020 
(Do Sr. MARCELO CALERO) 
Dispõe, na Lei nº 10.260, de 12 de 
julho de 2001, sobre a suspensão temporária 
de pagamentos referentes a obrigações 
financeiras e contagem de prazos por parte 
dos estudantes beneficiários e de 
instituições de ensino do Fundo de 
Financiamento Estudantil (Fies) enquanto 
perdurar a paralisação de atividades letivas 
em decorrência da pandemia do novo 
coronavírus (Covid-19). 
O Congresso Nacional decreta: 
Art. 1º Acrescente-se art. 15-N e alterem-se os arts. 5º-A e 5º-C 
da Lei nº 10.260, de 12 de julho de 2001, com a seguint",0.5
78,1,Reintroduzir período de carência de 18 meses para o Fundo Fies para os contratos atuais.,PL 3447/2015,"Acrescenta o §4º ao art. 8º da Lei nº. 9.250/ 1995, dispondo sobre a dedução no Imposto de Renda Pessoa Física, para despesas com o pagamento de parcelas do Fundo e Financiamento Estudantil (FIES), na forma que indica.","PROJETO DE LEI  Nº. _____________/2015 
(Do Sr. Ronaldo Martins) 
 
 
 
Acrescenta o §4º ao art. 8º da Lei nº. 
9.250/ 1995, dispondo sobre a dedução 
no Imposto de Renda Pessoa Física, para 
despesas com o pagamento de parcelas 
do Fundo e Financiamento Estudantil 
(FIES), na forma que indica. 
 
 
 
O CONGRESSO NACIONAL DECRETA: 
 
 
Art. 1º. Fica acrescido o §4º ao artigo 8º da Lei nº. 9.250, de 26 de dezembro 
de 1995, com a seguinte redação: 
 
Art. 8º. ................................................................................ 
.......................................................",0.0
78,1,Reintroduzir período de carência de 18 meses para o Fundo Fies para os contratos atuais.,PL 4134/2008,"Altera a Lei nº 10.260, de 12 de julho de 2001, ""que dispõe sobre o Fundo de Financiamento ao Estudante do Ensino Superior - FIES"" e dá outras providências","PROJETO DE LEI Nº        , DE 2008. 
(Do Sr. Djalma Berger) 
 
 
 
Altera a Lei nº 10.260, de 12 de julho de 
2001, “que dispõe sobre o Fundo de 
Financiamento ao Estudante do Ensino 
Superior – FIES” e dá outras providências. 
 
 
 
O Congresso Nacional decreta: 
 
 
 
Art. 1º O inciso IV do art. 5º da Lei nº 10.260, de 12 de julho de 
2001, passa a vigorar com a seguinte redação: 
 
“Art. 5º................................................................................... 
............................................................................................  
IV – carência: de 12 (do",0.5
78,1,Reintroduzir período de carência de 18 meses para o Fundo Fies para os contratos atuais.,PL 3643/2020,"Dispõe sobre a ampliação valores do benefício de abatimento do saldo devedor dos arts. 6º-B e 6º-F da Lei nº 10.260, de 12 de julho de 2001, e sua extensão desse benefício a todos os profissionais de saúde que trabalhem durante o período de calamidade pública reconhecido pelo Decreto Legislativo nº 6, de 20 de março de 2020.","PROJETO DE LEI Nº          , DE 2020 
(Da Sra. ROSE MODESTO) 
Dispõe sobre a ampliação valores do 
benefício de abatimento do saldo devedor 
dos arts. 6º-B e 6º-F da Lei nº 10.260, de 12 
de julho de 2001, e sua extensão desse 
benefício a todos os profissionais de saúde 
que trabalhem durante o período de 
calamidade pública reconhecido pelo 
Decreto Legislativo nº 6, de 20 de março de 
2020. 
O Congresso Nacional decreta: 
“Art. 6º-B ................................................................................. 
.............................................................................",0.0
78,1,Reintroduzir período de carência de 18 meses para o Fundo Fies para os contratos atuais.,PL 7068/2014,"Altera a Lei nº 10.260, de 12 de julho de 2001, de forma a estender o prazo de carência do Fundo de Financiamento ao estudante do ensino Superior - FIES, para trinta e seis meses.","PROJETO DE LEI Nº              , DE 2014 
(Do Sr. NILSON LEITÃO) 
Altera a Lei nº 10.260, de 12 de julho 
de 2001, de forma a estender o prazo de 
carência do Fundo de Financiamento ao 
estudante do ensino Superior-FIES, para 
trinta e seis meses. 
O Congresso Nacional decreta: 
Art. 1º O inciso IV do art. 5º da Lei nº 10.260, de 12 de 
julho de 2001, passa a vigorar com a seguinte redação: 
“Art. 5º........................................................................ 
................................................................................... 
IV – carência: de trinta e seis meses ",0.5
79,1,Reconhece a cavalgada e o bumba-meu-boi como patrimônio cultural imaterial brasileiro.,PL 2696/2007,Institui o Dia Nacional do Bumba-Meu-Boi.,"PROJETO DE LEI N.º               , DE 2007  
              (Do Carlos Brandão) 
Institui o Dia Nacional do Bumba-
Meu-Boi. 
O Congresso Nacional decreta: 
Art. 1º Fica instituído, no calendário das efemérides 
nacionais, o Dia Nacional do Bumba-Meu-Boi, a ser comemorado, 
anualmente, no dia 30 de junho. 
Art. 2º Esta lei entra em vigor na data de sua 
publicação. 
 
JUSTIFICAÇÃO 
O bumba-meu-boi é um dos mais populares folguedos brasileiros. 
De características semelhantes às dos autos medievais, essa rica expressão da 
nossa cultura teve origem no ciclo econômico do gado e foi produto da misc",0.5
79,1,Reconhece a cavalgada e o bumba-meu-boi como patrimônio cultural imaterial brasileiro.,PL 4364/2016,"Denomina a cidade de São Luís, no Estado do Maranhão, Capital Nacional do Bumba Meu Boi.","PROJETO DE LEI Nº          , DE 2016 
(Do Sr. Hildo Rocha) 
Denomina a cidade de São Luís, no 
Estado do Maranhão, Capital Nacional do 
Bumba Meu Boi. 
O Congresso Nacional decreta: 
Art. 1º A cidade de São Luís, no Estado do maranhão, é 
denominada, nos termos desta lei, Capital nacional do Bumba Meu Boi. 
Art. 2º Esta lei entra em vigor após decorridos 30 (trinta) 
dias de sua publicação oficial. 
JUSTIFICAÇÃO 
Um dos elementos mais tradicionais do folclore brasileiro 
é comemorado há mais de duzentos anos em São Luís do Maranhão. 
A festa do Bumba Meu Boi, uma tradição que se mantém 
desde ",0.5
79,1,Reconhece a cavalgada e o bumba-meu-boi como patrimônio cultural imaterial brasileiro.,INC 1185/2019,"Sugere ao Ministério da Cidadania, por intermédio do Instituto do Patrimônio Histórico e Artístico Nacional (IPHAN), o registro do Arraial do Pavulagem como Patrimônio Cultural Imaterial Brasileiro, nos termos do Decreto nº 3.550, de 2000.","INDICAÇÃO Nº      , DE 2019 
(Do Sr. CÁSSIO ANDRADE) 
Sugere ao Ministério da Cidadania, 
por intermédio do Instituto do Patrimônio 
Histórico e Artístico Nacional (IPHAN), o 
registro do Arraial do Pavulagem como 
Patrimônio Cultural Imaterial Brasileiro, nos 
termos do Decreto nº 3.550, de 2000. 
Excelentíssimo Senhor Ministro de Estado da Cidadania, 
A Constituição Federal de 1988, em seu art. 216, ampliou o 
conceito de Patrimônio Cultural brasileiro ao incluir, além dos bens materiais, 
os bens de natureza imaterial ou intangível, portadores de referência à 
identidade, à ação, à memória ",0.0
79,1,Reconhece a cavalgada e o bumba-meu-boi como patrimônio cultural imaterial brasileiro.,PL 8240/2017,"Altera a Lei nº 13.364, de 29 de novembro de 2016, para incluir o laço, bem como as respectivas expressões artísticas e esportivas, como manifestação cultural nacional e elevar essas atividades à condição de bem de natureza imaterial integrante do patrimônio cultural brasileiro e para dispor sobre as modalidades esportivas equestres tradicionais e sobre a proteção ao bem-estar animal.","Ofício nº 829 (SF)                                                                 Brasília, em 9 de agosto de 2017. 
 
 
A Sua Excelência o Senhor 
Deputado Giacobo 
Primeiro-Secretário da Câmara dos Deputados 
 
 
Assunto: Projeto de Lei do Senado à revisão. 
 
 
 
Senhor Primeiro-Secretário, 
 
 
Encaminho a Vossa Excelência, a fim de ser submetido à revisão da Câmara 
dos Deputados, nos termos do art. 65 da Constituição Federal, o Projeto de Lei do Senado  
nº 377, de 2016, de autoria do Senador Raimundo Lira, constante dos autógrafos em anexo, 
que “Altera a Lei nº 13.364, de 29 de novemb",0.5
79,1,Reconhece a cavalgada e o bumba-meu-boi como patrimônio cultural imaterial brasileiro.,INC 791/2021,Sugere o reconhecimento da criação de animais como Patrimônio Cultural Imaterial do Brasil.,"INDICAÇÃO Nº   , DE 2021
(Do Sr. Deputado Federal LUIZ LIMA)
Sugere  o  reconhecimento  da  criação  de
animais  como Patrimônio  Cultural  Imaterial
do Brasil.
Excelentíssimo Senhor Ministro de Estado do Turismo:
Tramita na Câmara dos Deputados, por iniciativa do Deputado
Paulo  Bengston,  proposta  de  reconhecimento  da  criação  de  animais  como
Patrimônio Cultural Imaterial do Brasil. Por estarmos de acordo com a ideia, e
de maneira a nos alinharmos com as normas que regem o patrimônio cultural,
enviamos esta Indicação, em que sugerimos o reconhecimento da criação de
animais como Patrimô",0.0
79,1,Reconhece a cavalgada e o bumba-meu-boi como patrimônio cultural imaterial brasileiro.,PDC 622/2008,"Aprova o ato que autoriza a Associação Cultural e Folclórica Bumba Meu-Boi Estrela de Bequimão a executar, pelo prazo de dez anos, sem direito de exclusividade, serviço de radiodifusão comunitária no município de Bequimão, Estado do Maranhão.","COMISSÃO DE CIÊNCIA E TECNOLOGIA, COMUNICAÇÃO E INFORMÁTICA 
PROJETO DE DECRETO LEGISLATIVO Nº         , DE 2008 
Aprova o ato que autoriza a Associação 
Cultural e Folclórica Bumba Meu-Boi Estrela 
de Bequimão a executar, pelo prazo de dez 
anos, sem direito de exclusividade, serviço 
de radiodifusão comunitária no município de 
Bequimão, Estado do Maranhão. 
O CONGRESSO NACIONAL decreta: 
Art. 1º É aprovado o ato constante da Portaria nº 332, de 19 
de junho de 2007, que autoriza a Associação Cultural e Folclórica Bumba Meu-Boi 
Estrela de Bequimão a executar, pelo prazo de dez anos, sem dir",0.0
79,1,Reconhece a cavalgada e o bumba-meu-boi como patrimônio cultural imaterial brasileiro.,PL 4284/2019,Reconhece o Arraial do Pavulagem como manifestação da cultura nacional.,"PROJETO DE LEI Nº          , DE 2019 
(Do Sr. CÁSSIO ANDRADE) 
Reconhece o Arraial do Pavulagem como 
manifestação da cultura nacional. 
O Congresso Nacional decreta: 
Art. 1º Fica reconhecido o Arraial do Pavulagem como 
manifestação da cultura nacional. 
Art. 2º Esta Lei entra em vigor na data de sua publicação. 
JUSTIFICAÇÃO 
Este Projeto de Lei pretende reconhecer o Arraial do 
Pavulagem como manifestação da cultura nacional. 
As origens do Arraial do Pavulagem datam de 1987, quando 
músicos fizeram uma brincadeira na Praça da República, em Belém do Pará, 
com a finalidade de divulgar a ba",0.0
79,1,Reconhece a cavalgada e o bumba-meu-boi como patrimônio cultural imaterial brasileiro.,PL 1554/2015,Eleva a manifestação popular denominada Rodeio Crioulo à condição de patrimônio cultural imaterial do Brasil.,"Câmara dos Deputados 
PROJETO DE LEI N°                 , DE 2015 
(Do Sr. Pompeo de Mattos) 
 
 
 
Eleva a manifestação popular denominada 
Rodeio Crioulo à condição de patrimônio 
cultural imaterial do Brasil. 
 
 
O Congresso Nacional decreta: 
 
Art. 1º O Rodeio Crioulo, bem como suas manifestações artístico-culturais 
e campeiras, passam a ser consideradas integrantes do patrimônio cultural 
imaterial do Brasil. 
 
Art. 2º Para efeitos desta lei, consideram-se as seguintes manifestações:  
I – manifestações campeiras: 
a) provas de laço; 
b) gineteadas; 
c) pealo; 
d) provas de rédeas; 
e",0.0
79,1,Reconhece a cavalgada e o bumba-meu-boi como patrimônio cultural imaterial brasileiro.,PL 1355/2021,Veda que práticas cruéis contra animais sejam classificadas como Patrimônio Cultural Imaterial do Brasil.,"PROJETO DE LEI Nº       , DE 2021
(Do Sr. Fred Costa)
Veda  que  práticas  cruéis  contra
animais sejam classificadas como Patrimônio
Cultural Imaterial do Brasil.
O Congresso Nacional decreta:
Art.  1º  Esta  Lei  regulamenta  o  inciso  VII,  §º  1,  do  Art.  225  da
Constituição Federal de 1988, para vedar o reconhecimento de práticas cruéis
contra os animais Patrimônio Cultural Imaterial do Brasil.
Art. 2º  Veda que práticas cruéis, nos termos do Art. 225, §1º, VII da
Constituição  Federal,  e  as  relacionadas  à  criação  de  animais  sejam
classificadas como Patrimônio Cultural Imateri",0.5
79,1,Reconhece a cavalgada e o bumba-meu-boi como patrimônio cultural imaterial brasileiro.,PL 318/2021,Declara a criação de animais Patrimônio Cultural Imaterial do Brasil.,"CÂMARA DOS DEPUTADOS 
PROJETO DE LEI Nº          , DE 2021
(Do Sr. Paulo Bengtson)
Declara  a  criação  de  animais
Patrimônio Cultural Imaterial do Brasil.
O Congresso Nacional decreta: 
Art. 1º Esta Lei declara a criação de animais Patrimônio Cultural
Imaterial do Brasil.
Art.  2º Fica reconhecida como Patrimônio Cultural  Imaterial  do
Brasil  a  atividade  de  criação  e  reprodução  de  animais,  em  razão  da  sua
natureza intrínseca de preservação e desenvolvimento das espécies animais,
consideradas como patrimônios naturais e culturais, integrantes da identidade e
da memória da socieda",0.0
80,1,Aumenta o valor do Vale Cultura.,PL 4682/2012,"Institui o Programa de Cultura do Trabalhador; cria o vale-cultura; altera as Leis nºs 8.212, de 24 de julho de 1991, e 7.713, de 22 de dezembro de 1988, e a  Consolidação das Leis do Trabalho-CLT, aprovada pelo Decreto- Lei nº 5.452, de 1º de maio de 1943; e dá outras providências.","Câmara dos Deputados 
 
 
 
PROJETO DE LEI Nº  DE 2012 
Institui o Programa de Cultura do Trabalhador; cria 
o vale-cultura; altera as Leis nºs 8.212, de 24 de julho de 
1991, e 7.713, de 22 de dezembro de 1988, e a  
Consolidação das Leis do Trabalho-CLT, aprovada pelo 
Decreto- Lei nº 5.452, de 1º de maio de 1943; e dá outras 
providências. 
O CONGRESSO NACIONAL decreta: 
Art. 1º Fica instituído, sob a gestão do Ministério da Cultura, o Programa de 
Cultura do Trabalhador, destinado a fornecer aos trabalhadores meios para o 
exercício dos direitos culturais e acesso às fontes da cultura. 
Ar",0.5
80,1,Aumenta o valor do Vale Cultura.,PL 5798/2009,"Institui o Programa de Cultura do Trabalhador, cria o Vale-Cultura e dá outras providências.","PROJETO DE LEI
Institui o Programa de Cultura do
Trabalhador, cria o Vale-Cultura e dá
outras providências.
O CONGRESSO NACIONAL decreta:
Art. 1o  Fica instituído, sob a gestão do Ministério da Cultura, o Programa de
Cultura do Trabalhador, destinado a fornecer aos trabalhadores meios para o exercício dos
direitos culturais e acesso às fontes da cultura.
Art. 2o  O Programa de Cultura do Trabalhador tem os seguintes objetivos:
I - possibilitar o acesso e a fruição dos produtos e serviços culturais;
II - estimular a visitação a estabelecimentos culturais e artísticos; e
III - incentivar o acess",0.5
80,1,Aumenta o valor do Vale Cultura.,PL 6877/2006,Institui o Vale-Cultura.,"CÂMARA DOS DEPUTADOS
PROJETO DE LEI Nº                  , DE 2006.
(Do Sr. José Múcio Monteiro)
Institui o Vale-Cultura.
O Congresso Nacional decreta:
Art.1º Esta Lei institui o Vale-Cultura.
Art.2º A pessoa jurídica de direito público ou privado poderá adquirir o
Vale-Cultura para fornecer mensalmente a seus empregados ou servidores públicos,
com o fim de incentivar o acesso à cultura, promovendo a cidadania e o incremento
de produtividade no trabalho.
Parágrafo único. O custo para aquisição do Vale-Cultura é de inteira
responsabilidade do empregador, vedada a cobrança de qualquer contribuiçã",0.5
80,1,Aumenta o valor do Vale Cultura.,INC 5292/2013,"Sugere o envio de Indicação ao Ministério da Agricultura, relativa à inclusão da cultura do abacaxi no zoneamento agrícola dos municípios de Angelândia, Aricanduva,Capelinha, Berilo, Chapada do Norte,Carbonita, Congonhas do Norte, Diamantina, Francisco Badaró Itamarandiba, Jenipapo de Minas, José Gonçalves de Minas,Leme do Prado, e Minas Novas,no Estado de Minas Gerais","CÂMARA DOS DEPUTADOS 
Deputado Zé Silva 
 
REQUERIMENTO 
(Do Sr. Zé Silva) 
 
  
 
 
Requer o envio de Indicação ao 
Ministério da Agricultura, relativa à 
inclusão da cultura do abacaxi no 
zoneamento agrícola dos municípios de 
Angelândia, Aricanduva,Capelinha, Berilo, 
Chapada do Norte,Carbonita, Congonhas 
do Norte, Diamantina, Francisco Badaró 
Itamarandiba, Jenipapo de Minas, José 
Gonçalves de Minas,Leme do Prado, e 
Minas Novas,no Estado de Minas Gerais 
 
 
Senhor Presidente: 
 
Nos termos do art. 113, inciso I e § 1o, do Regimento Interno da Câmara dos 
Deputados, requeiro a V. Exª. ",0.0
80,1,Aumenta o valor do Vale Cultura.,PL 6138/2016,"Altera a Lei nº 12.761, de 27 de dezembro de 2012, que institui o Programa de Cultura do Trabalhador; cria o vale-cultura; altera as Leis nos 8.212, de 24 de julho de 1991, e 7.713, de 22 de dezembro de 1988, e a Consolidação das Leis do Trabalho - CLT, aprovada pelo Decreto-Lei nº 5.452, de 1º de maio de 1943; e dá outras providências.","PROJETO DE LEI Nº________, DE 2016 
(Da Sra. ERIKA KOKAY) 
Altera a Lei nº 12.761, de 27 de 
dezembro de 2012, que institui o Programa 
de Cultura do Trabalhador; cria o vale-
cultura; altera as Leis nos 8.212, de 24 de 
julho de 1991, e 7.713, de 22 de dezembro 
de 1988, e a Consolidação das Leis do 
Trabalho - CLT, aprovada pelo Decreto-Lei 
nº 5.452, de 1º de maio de 1943; e dá 
outras providências. 
O Congresso Nacional decreta: 
Art. 1º O art. 5º, IV, da Lei nº 12.761, de 27 de dezembro 
de 2012, passa a vigorar com a seguinte redação: 
“Art. 5º ...........................................",0.5
80,1,Aumenta o valor do Vale Cultura.,PL 6233/2016,"Altera a Lei nº 12.761 de 27 de dezembro de 2012, que instituiu o Programa de Cultura do Trabalhador -Vale Cultura.","PROJETO DE LEI Nº           2016 
( DA Sra. MARA GABRILLI)  
Altera a Lei nº 12.761 de 27 de 
dezembro de 2012, que instituiu o 
Programa de Cultura do Trabalhador –Vale 
Cultura. 
O Congresso Nacional Decreta:  
Art. 1º O caput do art. 10 da Lei no 12.761, de 27 de 
dezembro de 2012, passa a vigorar com a seguinte redação: 
“Art. 10 Até o exercício de 2021, ano-calendário de 
2020, o valor despendido a título de aquisição do Vale-
Cultura poderá ser deduzido do imposto sobre a renda 
devido pela pessoa jurídica beneficiária tributada com 
base no lucro real. 
.................................",0.5
80,1,Aumenta o valor do Vale Cultura.,PL 699/2022,"Altera a Lei 12.761, de 27 de dezembro de 2012, que institui o Programa de Cultura do Trabalhador; cria o vale-cultura; altera as Leis nº s 8.212, de 24 de julho de 1991, e 7.713, de 22 de dezembro de 1988, e a Consolidação das Leis do Trabalho - CLT, aprovada pelo Decreto-Lei nº 5.452, de 1º de maio de 1943; e dá outras providências.","PROJETO DE LEI Nº          , DE 2022
( Da Sra. Lídice da Mata)
Altera  a  Lei  12.761,  de 27 de
dezembro  de  2012,  que  institui  o
Programa de Cultura do Trabalhador;
cria o vale-cultura; altera as Leis nº s
8.212,  de  24  de  julho  de  1991,  e
7.713, de 22 de dezembro de 1988,
e  a  Consolidação  das  Leis  do
Trabalho  -  CLT,  aprovada  pelo
Decreto-Lei nº 5.452, de 1º de maio
de 1943; e dá outras providências.
O Congresso Nacional decreta:
Art.1º  Esta Lei tem por objetivo alterar a Lei 12.761, de
27 de dezembro de 2012, que institui o Programa de Cultura do
Trabalhador; cria o vale",0.5
80,1,Aumenta o valor do Vale Cultura.,PL 2515/2019,"Altera a Lei nº 7.418, de 16 de dezembro de 1985, que ""institui o Vale-Transporte e dá outras providências"", para prever outras modalidades de transporte.","PROJETO DE LEI Nº             , DE 2019. 
(Do Sr. Felipe Carreras) 
 
 
Altera a Lei nº 7.418, de 16 de dezembro 
de 1985, que “institui o Vale-Transporte e 
dá outras providências”, para prever outras 
modalidades de transporte. 
 
O CONGRESSO NACIONAL decreta: 
 
 
Art. 1º Inclua-se o parágrafo único ao artigo 1º da Lei nº 7.418, 
de 16 de dezembro de 1985 com a seguinte redação: 
 
“Art. 1º ......................... 
Parágrafo único: mediante acordo ou 
convecção coletiva, conforme disciplinado no 
artigo 661 do Decreto-Lei nº 5.452, de 1º de 
maio de 1943, poderá o trabalhador optar pelo 
",0.0
80,1,Aumenta o valor do Vale Cultura.,PRC 252/2014,"Institui o Selo ""Jorge Amado"" de Empresa Amiga da Cultura.","CÂMARA DOS DEPUTADOS    
      DEPUTADA FEDERAL ALICE PORTUGAL  -  PCdoB/BA 
 
 
PROJETO DE RESOLUÇÃO No      , DE 2014 
(Da Sra. ALICE PORTUGAL) 
Institui o Selo “Jorge Amado” de 
Empresa Amiga da Cultura. 
A Câmara dos Deputados resolve: 
Art. 1o Fica criado o Selo Jorge Amado de Empresa 
Amiga da Cultura, conferido por meio de certificado, na forma de 
regulamento, anualmente, a três empresas de cada região político-
administrativa do País, que se destacarem no apoio e promoção da cultura 
no Brasil, escolhidas dentre aquelas que: 
a) forem beneficiárias, optantes pelo Programa de 
Cultura ",0.0
80,1,Aumenta o valor do Vale Cultura.,PL 4152/2001,Dispõe sobre a criação do vale-cultura para os profissionais da educação do sistema público de ensino.,"807646484849461001119923552 
 
 
   PROJETO DE LEI N°        , DE 2001 
                  (Do Sr. LUIZ  BITTENCOURT) 
 
 
        Dispõe sobre a criação do vale-cultura para os 
profissionais da educação do sistema público de ensino. 
 
 
 
 
  O Congresso Nacional decreta: 
 
  Art. 1°. Fica o Poder Executivo autorizado a instituir o vale-cultura, a 
ser usado pelos profissionais da educação do sistema público de ensino. 
  § 1°. Para  efeito  de  efetivação do que dispõe  o caput  deste  artigo, 
criar-se-á um sistema de parceria com redes de cinemas, teatros, editoras, livrarias e 
empresas",0.5
81,1,Meia-entrada nos cinemas para autistas.,PL 1863/2007,Institui a meia-entrada para professores da rede pública e privada em estabelecimentos que promovam lazer e cultura e dá outras providências.,"PROJETO DE LEI Nº                        , DE 2007 
      (Do Sr. Jurandy Loureiro) 
 
 
Institui a meia- entrada para professores da 
rede pública e privada em estabelecimentos 
que promovam lazer e cultura e dá outras 
providências. 
 
 
 
 
O Congresso Nacional decreta: 
 
 Art. 1º - Fica assegurado o pagamento de 50%(cinqüenta por cento) do valor 
realmente cobrado para o ingresso em cinemas, cineclubes, teatros, espetáculos musicais, 
artísticos, circenses  e eventos esportivos em todo território nacional, aos professores da 
rede pública e privada de todos os níveis de ensino. 
 
 § 1º -",0.5
81,1,Meia-entrada nos cinemas para autistas.,PL 932/2011,Institui a meia-entrada para professores da rede pública e privada em estabelecimentos que promovam lazer e cultura e dá outras providências.,"CÂMARA DOS DEPUTADOS 
 
 
PROJETO DE LEI nº         , de 2011 
(Do Sr. Marcelo Matos) 
 
 
Institui a meia-entrada para 
professores da rede pública e privada 
em estabelecimentos que promovam 
lazer e cultura e dá outras 
providências. 
 
 
O Congresso Nacional decreta: 
 
Art. 1º - Fica assegurado aos professores da rede pública e 
privada de todos os níveis de ensino o pagamento de 50%(cinqüenta por cento) 
do valor efetivamente cobrado para o ingresso em cinemas, cineclubes, teatros, 
espetáculos musicais, artísticos, circenses e eventos esportivos em todo território 
nacional. 
§ 1º - O b",0.5
81,1,Meia-entrada nos cinemas para autistas.,PL 505/2019,"Institui a meia-entrada para professores da rede pública e privada em estabelecimentos que promovam cultura e lazer, e dá outras providências.","PROJETO DE LEI Nº      , DE 2019 
(Da Sra. Professora Dayane Pimentel) 
Institui a meia-entrada para professores 
da rede pública e privada em 
estabelecimentos que promovam cultura e 
lazer, e dá outras providências. 
O Congresso Nacional decreta: 
Art. 1º Fica assegurado o pagamento de 50% (cinquenta 
por cento) do valor realmente cobrado para o ingresso em cinemas, cineclubes, 
teatros, espetáculos musicais, artísticos, circenses e eventos esportivos em 
todo território nacional, aos professores da rede pública e privada de todos os 
níveis de ensino. 
§ 1º - O benefício de que trata o capu",0.0
81,1,Meia-entrada nos cinemas para autistas.,PL 1007/2007,Dispõe sobre a criação em âmbito federal do direito à meia-entrada para estudantes e dá outras providências.,"Projeto de Lei Nº       , de 2007
(Da Sra. Manuela d’Ávila)
Dispõe  sobre  a  criação  em 
âmbito  federal  do  direito  à 
meia-entrada  para  estudantes  e 
dá outras providências.
O Congresso Nacional decreta:
Art. 1º Fica assegurado aos estudantes, o acesso aos cinemas, cineclubes, teatros, 
espetáculos  musicais,  circenses,  e  eventos  educativos  e  extracurriculares,  bem  como 
esportivos e de entretenimento, em todo território nacional, mediante pagamento da metade 
do preço do ingresso efetivamente cobrado do público em geral, para todas as áreas, ainda 
que praticado a título prom",0.0
81,1,Meia-entrada nos cinemas para autistas.,PL 3699/2008,"Institui a meia-entrada aos professores da rede pública: municipal, estadual e federal a eventos, teatros,  exposições, cinema, espetáculos circenses, musicais.","Projeto de Lei nº     de 2008
( Do Sr.Hermes Parcianello)
 Institui  a  meia-entrada  aos 
professores  da  rede  pública:  municipal,  
estadual  e  federal  a  eventos,  teatros,  
exposições, cinema, espetáculos circenses, 
musicais. 
O Congresso Nacional decreta:
Art.  1°  Fica  assegurado  o  pagamento  de  50% 
(cinqüenta  por  cento)  do  valor  cobrado para  o  ingresso  em cinemas,  teatros, 
espetáculos  musicais,  artísticos,  circenses  em  todo  território  nacional,  aos 
professores da rede pública: municipal, estadual, federal e privada. 
 
§ 1º A concessão de meia-entrada de q",0.0
81,1,Meia-entrada nos cinemas para autistas.,PL 100/2020,Estabelece normas de compensação de benefícios públicos voltados aos cidadãos que onerem a iniciativa privada.,"CÂMARA DOS DEPUTADOS
PROJETO DE LEI   Nº       DE 2020
(Do Sr. Felipe Carreras)
Estabelece normas de compensação
de  benefícios  públicos  voltados  aos
cidadãos  que  onerem  a  iniciativa
privada.
O Congresso Nacional decreta:
Art.  1º  Esta  Lei  estabelece  normas  de  compensação  de
benefícios públicos voltados aos cidadãos que onerem a iniciativa privada.
Art. 2º A concessão ou ampliação de novo benefício a população
que  venha  a  onerar  a  operação  de  qualquer  ente  privado  deverá  estar
acompanhada de estimativa do impacto para o setor impactado no exercício
em que deva iniciar ",0.0
81,1,Meia-entrada nos cinemas para autistas.,PL 2378/2011,Dispõe sobre o benefício do  pagamento de meia-entrada para estudantes em espetáculos artístico-culturais e esportivos.,"PROJETO DE LEI Nº     , DE 2011 
(do Sr. André Moura) 
 
 
Dispõe sobre o benefício do  
pagamento de meia-entrada para 
estudantes em espetáculos artístico-
culturais e esportivos. 
 
 
Art. 1º Fica assegurado aos estudantes o acesso a salas de cinemas, 
cineclubes, teatros, espetáculos musicais e circenses, eventos educativos, 
esportivos, de lazer,  entretenimento e eventos internacionais, em todo o 
território nacional, promovidos por quaisquer entidades e realizados em 
estabelecimentos públicos ou particulares, mediante pagamento da metade 
do preço do ingresso efetivamente cobrado do pú",0.5
81,1,Meia-entrada nos cinemas para autistas.,PL 160/2020,"Revoga a Lei nº 12.933, de 23 de dezembro de 2013, que dispõe sobre o benefício do pagamento de meia-entrada para estudantes, idosos, pessoas com deficiência e jovens de 15 a 29 anos comprovadamente carentes em espetáculos artístico-culturais e esportivos, e revoga a Medida Provisória nº 2.208, de 17 de agosto de 2001.","PROJETO DE LEI Nº ______/2020 
 
 
Revoga a Lei nº 12.933, de 23 de dezembro de 2013, 
que dispõe sobre o benefício do pagamento de meia-
entrada para estudantes, idosos, pessoas com 
deficiência e jovens de 15 a 29 anos 
comprovadamente carentes em espetáculos artístico-
culturais e esportivos, e revoga a Medida Provisória 
nº 2.208, de 17 de agosto de 2001. 
 
 
O CONGRESSO NACIONAL decreta: 
 
Art. 1º. Fica revogada a Lei nº 12.933, de 26 de dezembro de 2013.  
Art. 2º Esta lei entra em vigor na data da sua publicação. 
 
 
JUSTIFICATIVA 
 
A Lei nº 12.933/2013, também conhecida como ―Lei d",1.0
81,1,Meia-entrada nos cinemas para autistas.,PL 3971/2004,"Institui a meia-entrada em locais públicos de cultura, esporte e lazer para doadores regulares de sangue e órgãos e dá outras providências.","PROJETO DE LEI N°                 DE 2004.
(Do Sr. Carlos Nader)
“Institui a meia-entrada em locais públicos
de cultura, esporte e lazer para doadores
regulares de sangue e órgãos e dá outras
providências.”
O Congresso Nacional decreta:
Art. 1° - Fica instituída a meia-entrada para doadores
regulares de sangue em todos os locais públicos de cultura, esporte e lazer
mantidos pelas Entidades e Órgãos da Administração Pública Direta e
Indireta do Poder Executivo Federal, Estadual e Municipal.
 Art. 2° - A meia-entrada corresponde a 50% (cinqüenta
por cento) do valor do ingresso cobrado, sem restr",0.0
81,1,Meia-entrada nos cinemas para autistas.,PL 6173/2019,"Altera a Lei nº 12.933, de 26 de dezembro de 2013, que dispõe sobre o benefício do pagamento de meia-entrada para estudantes, idosos, pessoas com deficiência e jovens de 15 a 29 anos comprovadamente carentes em espetáculos artístico-culturais e esportivos, e revoga a Medida Provisória nº 2.208, de 17 de agosto de 2001, para gerar redução tributária à concedente.","PROJETO DE LEI Nº             , DE 2019.
(Do Sr. Felipe Carreras)
Altera a Lei nº 12.933, de 26 de dezembro
de 2013, que dispõe sobre o benefício do
pagamento  de  meia-entrada  para
estudantes,  idosos,  pessoas  com
deficiência  e  jovens  de  15  a  29  anos
comprovadamente  carentes  em
espetáculos artístico-culturais e esportivos,
e revoga a Medida Provisória nº 2.208, de
17 de agosto de 2001, para gerar redução
tributária à concedente.
O CONGRESSO NACIONAL decreta:
“Art. 1º O art. 1º da Lei nº 12.933, de 26 de dezembro de 2013,
que dispõe sobre o benefício  do pagamento de meia-entrada p",1.0
82,1,Inscreve o imperador d. Pedro II no livro de heróis e heroínas da pátria.,PL 8259/2017,"Inscreve o nome de Pedro de Alcântara João Carlos Leopoldo Salvador Bibiano Francisco Xavier de Paula Leocádio Miguel Gabriel Rafael Gonzaga, o imperador D. Pedro II, no Livro dos Heróis e Heroínas da Pátria.","PROJETO DE LEI Nº         , DE 2017 
(Do Sr. ANDRÉ AMARAL) 
Inscreve o nome de Pedro de Alcântara 
João Carlos Leopoldo Salvador Bibiano 
Francisco Xavier de Paula Leocádio Miguel 
Gabriel Rafael Gonzaga, o imperador D. 
Pedro II, no Livro dos Heróis e Heroínas da 
Pátria. 
O Congresso Nacional decreta: 
Art. 1º Inscreva-se o nome de Pedro de Alcântara João Carlos 
Leopoldo Salvador Bibiano Francisco Xavier de Paula Leocádio Miguel Gabriel 
Rafael Gonzaga, o imperador D. Pedro II, no Livro dos Heróis e Heroínas da 
Pátria, depositado no Panteão da Pátria e da Liberdade Tancredo Neves, em 
Bras",1.0
82,1,Inscreve o imperador d. Pedro II no livro de heróis e heroínas da pátria.,PL 3350/2021,Inscreve o nome de Maria Tomásia Figueira Lima no Livro dos Heróis e Heroínas da Pátria.,"PROJETO DE LEI Nº          , DE 2020 
(Do Sr. DR. JAZIEL) 
Inscreve o nome de Maria Tomásia 
Figueira Lima no Livro dos Heróis e 
Heroínas da Pátria. 
O Congresso Nacional decreta: 
Art. 1º Inscreve o nome de Maria Tomásia Figueira Lima no 
Livro dos Heróis e Heroínas da Pátria.   
Art. 2º Esta lei entra em vigor na data da sua publicação. 
 
JUSTIFICAÇÃO 
Maria Tomásia Figueira Lima foi uma aristocrata que lutou para 
que a abolição da escravatura no Ceará fosse adiantada. Nascida em 1826, em 
um município do interior do Ceará, ela se mudou para Fortaleza após se casar 
com o abolicionista Fr",0.0
82,1,Inscreve o imperador d. Pedro II no livro de heróis e heroínas da pátria.,PL 1927/2019,Inscreve o nome de Luiz Gonzaga do Nascimento no Livro dos Heróis e Heroínas da Pátria.,"Ofício nº 952 (SF) 
Brasília, em 18 de novembro de 2019. 
A Sua Excelência a Senhora 
Deputada Soraya Santos 
Primeira-Secretária da Câmara dos Deputados 
Assunto: Projeto de Lei à revisão. 
Senhora Primeira-Secretária, 
Encaminho a Vossa Excelência, a fim de ser submetido à revisão da 
Câmara dos Deputados, nos termos do art. 65 da Constituição Federal, o Projeto de Lei nº 
1.927, de 2019, de autoria do Senador Jarbas Vasconcelos, constante dos autógrafos em 
anexo, que “Inscreve o nome de Luiz Gonzaga do Nascimento no Livro dos Heróis e 
Heroínas da Pátria”. 
Atenciosamente, 
 
 
 
 
 
 
 
 ",0.0
82,1,Inscreve o imperador d. Pedro II no livro de heróis e heroínas da pátria.,PL 1397/2019,"Inscreve o nome de Dionísia Gonçalves Pinto, Nísia Floresta, no Livro dos Heróis e Heroínas da Pátria.","Ofício nº 945 (SF) 
Brasília, em 18 de novembro de 2019. 
A Sua Excelência a Senhora 
Deputada Soraya Santos 
Primeira-Secretária da Câmara dos Deputados 
Assunto: Projeto de Lei à revisão. 
Senhora Primeira-Secretária, 
Encaminho a Vossa Excelência, a fim de ser submetido à revisão da 
Câmara dos Deputados, nos termos do art. 65 da Constituição Federal, o Projeto de Lei nº 
1.397, de 2019, de autoria do Senador Styvenson Valentim, constante dos autógrafos em 
anexo, que “Inscreve o nome de Dionísia Gonçalves Pinto, Nísia Floresta, no Livro dos 
Heróis e Heroínas da Pátria”. 
Atenciosamente, 
",0.0
82,1,Inscreve o imperador d. Pedro II no livro de heróis e heroínas da pátria.,PL 10390/2018,Inscreve no Livro de Heróis e Heroínas da Pátria o nome de André Pinto Rebouças - André Rebouças.,"PROJETO DE LEI Nº          , DE 2018 
(Do Sr. ALESSANDRO MOLON) 
Inscreve no Livro de Heróis e Heroínas 
da Pátria o nome de André Pinto Rebouças – 
André Rebouças. 
O Congresso Nacional decreta: 
Art. 1º Fica inscrito o nome de André Pinto Rebouças — André 
Rebouças — no Livro dos Heróis da Pátria, depositado no Panteão da Pátria e 
da Liberdade Tancredo Neves, em Brasília. 
Art. 2º Esta Lei entra em vigor na data de sua publicação. 
JUSTIFICAÇÃO 
Esta proposição busca registrar o nome de André Rebouças no 
Livro de Heróis e Heroínas da Pátria. As informações reunidas nesta Justificação 
base",0.0
82,1,Inscreve o imperador d. Pedro II no livro de heróis e heroínas da pátria.,PL 3282/2008,"Inscreve o nome de Maria Quitéria de Jesus no Livro dos Heróis da Pátria e dá a este nova denominação, de forma a incluir a expressão ""e Heroínas"".","Inscreve o nome de Maria Quitéria de Jesus no 
Livro dos Heróis da Pátria e dá a este nova 
denominação, de forma a incluir a expressão “e 
Heroínas”. 
 
 
 
 
 
 
O Congresso Nacional decreta: 
 
Art. 1º Acrescente-se a expressão “e Heroínas” ao nome do Livro dos Heróis da 
Pátria, que passa a se denominar “Livro dos Heróis e Heroínas da Pátria”. 
Art. 2º Será inscrito o nome de Maria Quitéria de Jesus, Heroína da 
Independência, no Livro dos Heróis da Pátria, depositado no Panteão da Liberdade e da 
Democracia, em Brasília. 
Parágrafo único. O disposto neste artigo dar-se-á em 21 de agosto d",0.0
82,1,Inscreve o imperador d. Pedro II no livro de heróis e heroínas da pátria.,PL 5169/2019,"Inscreve o nome do Marechal Antônio Maria Coelho, primeiro e único Barão Amambahy no Livro dos Heróis e Heroínas da Pátria.","PROJETO DE LEI Nº               , DE 2019 
(Da Sra. BIA CAVASSA) 
 
Inscreve o nome do Marechal Antônio 
Maria Coelho, primeiro e único Barão 
Amambahy no Livro dos Heróis e 
Heroínas da Pátria.  
O Congresso Nacional decreta:  
Art. 1º Fica inscrito o nome do Marechal Antônio Maria Coelho, 
primeiro e único Barão Amambahy, no Livro dos Heróis e Heroínas da Pátria, que se 
encontra no Panteão da Pátria e da Liberdade Tancredo Neves, localizado na Praça 
dos Três Poderes, em Brasília. 
Art. 2º Esta lei entra em vigor na data de sua publicação. 
 
 
JUSTIFICAÇÃO 
 
O presente Projeto de Lei, que",0.0
82,1,Inscreve o imperador d. Pedro II no livro de heróis e heroínas da pátria.,PL 7282/2006,"Inscreve o nome de Antônio de Sampaio, o Brigadeiro Sampaio, no livro dos Heróis da Pátria.","PROJETO DE LEI DA CÂMARA DOS DEPUTADOS N.º         , DE 2006
Inscreve o nome de Antônio de Sampaio,    o
Brigadeiro Sampaio, no Livro dos Heróis da
Pátria.
O CRONGRESSO NACIONAL decreta:
Art. 1º Inscreva-se o nome de Antônio de Sampaio, o Brigadeiro
Sampaio, no Livro dos Heróis da Pátria, depositando no Panteão da Liberdade e democracia, em
Brasília.
Art. 2º Esta Lei entra em vigor na data de sua publicação.
JUSTIFICAÇÃO
O propósito deste projeto é promover a justa e oportuna incrição do
nome do Brigadeiro Sampaio no Livro dos Heróis da Pátria, permanentemente depositado no
Panteão da Liberdad",0.0
82,1,Inscreve o imperador d. Pedro II no livro de heróis e heroínas da pátria.,PL 8408/2017,Inscreve no Livro dos Heróis e Heroínas da Pátria o nome de Francisco de Paula Cândido Xavier.,"PROJETO DE LEI Nº         , DE 2017 
(Do Sr. GIOVANI CHERINI) 
Inscreve no Livro dos Heróis e 
Heroínas da Pátria o nome de Francisco de 
Paula Cândido Xavier.  
O Congresso Nacional decreta: 
Art. 1º Fica inscrito no Livro dos Heróis e Heroínas da Pátria, 
que se encontra no Panteão da Pátria e da Liberdade Tancredo Neves, em 
Brasília, Distrito Federal, o nome de Francisco de Paula Cândido Xavier. 
Art. 2º Esta lei entra em vigor na data de sua publicação. 
JUSTIFICAÇÃO 
O presente Projeto de Lei, que visa inscrever o nome de Francisco de 
Paula Cândido Xavier no Livro dos Heróis e Heroínas ",0.0
82,1,Inscreve o imperador d. Pedro II no livro de heróis e heroínas da pátria.,PL 10440/2018,"Inscreve o nome de Mariana Claudina Barroso Pereira, a Condessa do Rio Novo, no Livro dos Heróis da Pátria.","PROJETO DE LEI Nº       , DE 2018 
 
(Do Sr. Celso Jacob) 
 
Inscreve o nome de Mariana  Claudina  
Barroso Pereira, a Condessa do Rio Novo, no Livro 
dos Heróis e Heroínas da Pátria. 
 
 
 
O Congresso Nacional decreta: 
 
 
Art. 1º Inscreva-se o nome de Mariana Claudina Barroso Pereira, a 
Condessa do Rio Novo, no Livro dos Heróis e Heroínas da Pátria, depositado no 
Panteão da Pátria e da Liberdade Tancredo Neves, em Brasília-DF. 
 
Art. 2º Esta lei entra em vigor na data de sua publicação.  
 
 
 
 
JUSTIFICAÇÃO 
 
 
 O presente Projeto de Lei, que visa inscrever o nome de Mariana 
Claudin",0.0
83,1,Estabelece o Dia Nacional do Contador.,PL 2645/2003,Institui o Dia do Contador.,"PROJETO DE LEI N°        , DE 2003
         (Do Sr. AUGUSTO NARDES))
Institui o Dia do Contador.
O Congresso Nacional decreta:
Art. 1° Fica instituído o Dia do Contador, a ser comemorado
anualmente em todo o território nacional no dia 22 de setembro.
Art. 2° Esta lei entra em vigor na data de sua publicação.
JUSTIFICAÇÃO
Com a criação dos Cursos de Ciências Contábeis no Brasil, o
País entrou numa era da moderna administração empresarial.
De fato, a administração das contas de uma empresa, por meio
do registro e do controle de suas receitas, despesas e lucros - objeto das Ciências
Contábeis -, ",1.0
83,1,Estabelece o Dia Nacional do Contador.,PL 7232/2017,Dispõe sobre a regulamentação da profissão de contador de histórias e dá outras providências.,"PROJETO DE LEI N°________, DE 2017 
(Da Sra. Erika Kokay) 
 
Dispõe sobre a regulamentação da 
profissão de contador de histórias e 
dá outras providências. 
 
O CONGRESSO NACIONAL decreta: 
 
Art. 1º - Fica criada a profissão de Contador de História, nos termos desta Lei. 
 
Parágrafo único: São considerados Contadores de Histórias os profissionais 
cuja construção do saber seja desenvolvida no cotidiano de suas comunidades, 
em que a oralidade exerça papel fundamental na preservação e transmissão do 
saber e das manifestações da cultura popular.  
Art. 2°   Para o exercício da profissão de q",0.0
83,1,Estabelece o Dia Nacional do Contador.,PL 2485/2003,"Dá nova redação ao art.12 do Decreto-Lei nº 9.295, de 27 de maio de 1946, que ""cria o Conselho Federal de Contabilidade, define as atribuições do Contador e do Técnico em Contabilidade, e dá outras providências.""","PROJETO DE LEI Nº       , DE 2003
(Do Sr. Átila Lira)
Dá nova redação ao art.12 do Decreto-
Lei no 9.295, de 27 de maio de 1946, que “cria
o Conselho Federal de Contabilidade, define
as atribuições do Contador e do Técnico em
Contabilidade, e dá outras providências.”
O Congresso Nacional decreta:
Art. 1º  O art. 12 do Decreto-Lei n.º 9.295, de 27 de maio de
1946, passa a vigorar com a seguinte redação:
“Art. 12. O exercício das atividades compreendidas no campo da
Contabilidade é prerrogativa do Contador e do Técnico em Contabilidade
regularmente registrados e em dia com suas obrigações nos re",0.0
83,1,Estabelece o Dia Nacional do Contador.,PL 1645/2022,Dispõe sobre piso salarial nacional para os profissionais da contabilidade no serviço público.,"CÂMARA DOS DEPUTADOS
PROJETO DE LEI Nº          , DE 2022
(Do Sr. Paulo Foletto)
Dispõe  sobre  piso  salarial
nacional  para  os  profissionais  da
contabilidade no serviço público.
O Congresso Nacional decreta:
Art. 1º Esta Lei estabelece o piso salarial profissional nacional para os profissionais
da contabilidade na administração pública, direta e indireta, em âmbito municipal, estadual
e federal.
Art. 2º Para efeitos desta Lei, são considerados profissionais da contabilidade de que
trata o art. 1º, aqueles titulares de diploma em Ciências Contábeis conferido por instituição
de ensino nos t",0.0
83,1,Estabelece o Dia Nacional do Contador.,PL 2468/2021,"Altera o Decreto-Lei nº 9.295, de 27 de maio de 1946, para estabelecer a inviolabilidade do contador por seus atos e manifestações, no exercício da profissão.","CÂMARA DOS DEPUTADOS 
 Deputado FRANCO CARTAFINA 
 
 
Câmara dos Deputados, Anexo III, Gab. 283, Brasília/DF, CEP 70.160.900 
Fone: (61) 3215-5283 e-mail:dep.francocartafina@camara.leg.br   
 
 
 
PROJETO DE LEI Nº          , DE 2021 
(Do Sr. FRANCO CARTAFINA) 
Altera o Decreto-Lei nº 9.295, de 27 de maio de 1946, para 
estabelecer a inviolabilidade do contador por seus atos e 
manifestações, no exercício da profissão. 
O Congresso Nacional decreta: 
Art. 1º O art. 2º do Decreto- Lei nº 9.295, de 27 de maio de 1946, passa a vigorar acrescido do 
seguinte parágrafo único: 
“Art. 2º 
...........",0.0
83,1,Estabelece o Dia Nacional do Contador.,PEC 508/2006,"Acrescenta o § 6º ao artigo 173, da Constituição da República Federativa do Brasil, com redação alterada pela Emenda Constitucional nº 19, de 1998, para dispor sobre a indispensabilidade do Contador à administração da ordem contábil.","PROPOSTA DE EMENDA À CONSTITUIÇÃO Nº   , DE 2006
(Do Sr. Rubens Otoni e outros)
Acrescenta  o  §6º  ao  artigo  173,  da
Constituição  da  República  Federativa  do  Brasil,
com redação  alterada  pela  Emenda  Constitucional
nº 19/98, para dispor sobre a indispensabilidade do
contador à administração da ordem contábil
. 
As Mesas da Câmara dos Deputados e do Senado Federal, nos termos
do §3 º, do art. 60 da Constituição Federal, promulgam a seguinte emenda ao
texto constitucional:
Art. 1 º – O art. 173 da Constituição Federal passa a vigorar acrescido do
§6º, com a seguinte redação:
         ",0.5
83,1,Estabelece o Dia Nacional do Contador.,PL 5571/2019,Dispõe sobre a profissão de contador de histórias.,"PROJETO DE LEI Nº          , DE 2019 
(Do Sr. PEDRO UCZAI) 
Dispõe sobre a profissão de contador 
de histórias. 
O Congresso Nacional decreta: 
Art. 1º Esta Lei dispõe sobre a profissão de contador de 
histórias. 
Art. 2º O exercício da profissão de contador de histórias é 
assegurado: 
I – aos que tenham concluído curso de contador de histórias 
com fundamentação teórica e prática; 
II – aos que, na data da publicação desta Lei, estiverem no 
exercício da profissão há, no mínimo, 1 (um) ano. 
Art. 3º São objetivos do contador de histórias, entre outros: 
I – promover a valorização do patrimôn",0.0
83,1,Estabelece o Dia Nacional do Contador.,INC 3039/2012,"Sugere a adoção das providências necessárias à extensão, à categoria funcional de Contador, da estrutura remuneratória especial prevista no art. 19 da Lei nº 12.277, de 2010.","REQUERIMENTO 
(Do Deputado Izalci) 
Requer o envio de Indicação ao 
Poder Executivo, relativa à extensão, à 
categoria funcional de Contador, da 
estrutura remuneratória especial prevista no 
art. 19 da Lei nº 12.277, de 2010. 
Senhor Presidente: 
Nos termos do art. 113, inciso I e § 1o, do Regimento 
Interno da Câmara dos Deputados, requeiro a V. Exª. seja encaminhada ao 
Poder Executivo, por intermédio do Ministério do Planejamento, Orçamento e 
Gestão, a Indicação em anexo, sugerindo a adoção das providências 
necessárias à extensão, à categoria funcional de Contador, da estrutura 
remunera",0.0
83,1,Estabelece o Dia Nacional do Contador.,PL 5090/2005,Dispõe sobre a criação do Plano Especial de Cargos do Departamento Nacional de Infra-Estrutura de Transportes - DNIT e dá outras providências.,"PROJETO DE LEI  Nº                  , DE 2005
(Do Senhor João Caldas)
Dispõe sobre a criação do Plano
Especial de Cargos do Departamento
Nacional de Infra-Estrutura de
Transportes – DNIT e dá outras
providências.
Dê-se ao caput do art. 15, a seguinte redação.
“Art.15. Ficam instituídas a Gratificação de Desempenho de Atividades de
Infra-Estrutura de Transportes – GDAIT, devida aos ocupantes dos cargos das
carreiras de Infra-Estrutura de Transportes e de Suporte à Infra-Estrutura de
Transportes, e a Gratificação de Desempenho de Atividade de Transportes –
GDIT, devida aos servidores do Plano Es",0.0
83,1,Estabelece o Dia Nacional do Contador.,PL 4747/2019,"Torna obrigatórias a divulgação de relatório analítico, dos débitos, juros e multas, dos devedores da Secretaria Especial da Receita Federal do Brasil, e a citação do contador.","PROJETO DE LEI Nº ________, DE 2019, 
(Do Senhor Deputado Silas Câmara). 
 
Torna obrigatórias a divulgação de relatório 
analítico, dos débitos, juros e multas, dos 
devedores da Secretaria Especial da Receita 
Federal do Brasil, e a citação do contador. 
  
O Congresso Nacional decreta: 
Art. 1º Fica obrigado a Secretaria Especial da Receita Federal do Brasil, 
a disponibilizar em seus sistemas, relatório analítico dos débitos, juros e 
multas, dos devedores pessoas físicas e pessoas jurídicas. 
§ 1º Deverá constar neste relatório, os valores que o contribuinte já 
pagou, como juros e multa,",0.0
84,1,Contingenciamento de recursos,PEC 444/2018,"Acrescenta o §8º ao art. 218, e os arts. 218-A e 218-B à Constituição Federal, para instituir ações de pesquisa em todos os ministérios, a aplicação mínima de recursos em ações de pesquisa, desenvolvimento e inovação, e proibir o contingenciamento do orçamento de programas de pesquisa, desenvolvimento e inovação.","PROPOSTA DE EMENDA À CONSTITUIÇÃO Nº          , DE 2018 
(Do Sr Juscelino Filho) 
Acrescenta o §8º ao art. 218, e os arts. 
218-A e 218-B à Constituição Federal, para 
instituir ações de pesquisa em todos os 
ministérios, a aplicação mínima de recursos 
em ações de pesquisa, desenvolvimento e 
inovação, e proibir o contingenciamento do 
orçamento de programas de pesquisa, 
desenvolvimento e inovação. 
As Mesas da Câmara dos Deputados e do Senado Federal, 
nos termos do art. 60 da Constituição Federal, promulgam a seguinte emenda 
ao texto constitucional: 
Art. 1º A Constituição Federal passa a",1.0
84,1,Contingenciamento de recursos,PLP 109/2003,"Altera a Lei nº 4.320, de 1964, para proibir o contingenciamento de dotações orçamentárias nas condições que especifica.","Câmara dos Deputados
Projeto de Lei Complementar Nº         , de 2003
(Do Sr. Carlos Alberto Rosado)
Altera a Lei nº 4.320/64, para
proibir o contingenciamento de
dotações orçamentárias nas condições
que especifica.
O CONGRESSO NACIONAL decreta:
Art. 1º O art. 48 da Lei nº 4.320, de 17 de março de 1964,
passa a vigorar acrescido do seguinte parágrafo único:
“Art. 48. ...........................................
.........................................................
Parágrafo único. As dotações
orçamentárias destinadas aos gastos
nas áreas de saúde, saneamento,
habitação, educação e assistênc",1.0
84,1,Contingenciamento de recursos,PL 10004/2018,"Altera a Lei nº 10.201, de 14 de fevereiro de 2001, para vedar o contingenciamento de recursos do Fundo Nacional de Segurança Pública (FNSP).","Ofício nº 430 (SF)                                                                  Brasília, em 11 de abril de 2018. 
 
 
 
A Sua Excelência o Senhor 
Deputado Giacobo 
Primeiro-Secretário da Câmara dos Deputados 
 
 
 
Assunto: Projeto de Lei do Senado à revisão. 
 
 
 
Senhor Primeiro-Secretário, 
 
 
Encaminho a Vossa Excelência, a fim de ser submetido à revisão da Câmara 
dos Deputados, nos termos do art. 65 da Constituição Federal, o Projeto de Lei do Senado  
nº 90, de 2007, de autoria do Senador Flexa Ribeiro, constante dos autógrafos em anexo, que 
“Altera a Lei nº 10.201, de 14 de fe",1.0
84,1,Contingenciamento de recursos,INC 4087/2017,Requer o envio de indicação ao Poder Executivo para recomendar o descontingenciamento de recursos orçamentários destinados à Educação Superior.,"Câmara dos Deputados 
 
INDICAÇÃO Nº          DE 2017 
(Do Sr. Sérgio Vidigal) 
 
Requer o envio de indicação ao Poder 
Executivo para recomendar o 
descontingenciamento de recursos 
orçamentários destinados à Educação 
Superior. 
 
Excelentíssimo Senhor Ministro da Educação, 
 
A presente indicação tem por objetivo recomendar o 
descontingenciamento dos recursos orçamentários destinados às Universidades Federais. 
A situação das Instituições Federais de Ensino Superior é grave, com risco de falha nos 
serviços de manutenção e o consequente prejuízo ao patrimônio público. Do mesmo 
modo, fica ",1.0
84,1,Contingenciamento de recursos,INC 1440/2019,"Sugere o envio da indicação ao Ministro da Educação, Sr. Abraham Weintraub e ao Ministro da Ciência e Tecnologia, Sr. Marcos Pontes, sugerindo avaliar de forma criteriosa o contingenciamento anunciado nas universidades e institutos federais de todo o Brasil","REQUERIMENTO Nº            2019. 
(Do Sr. Enrico Misasi) 
Requer o envio de Indicação ao 
Ministro da Educação, Sr. Abraham 
Weintraub e ao Ministro da Ciência e 
Tecnologia, Sr. Marcos Pontes, sugerindo 
avaliar de forma criteriosa o 
contingenciamento anunciado nas 
universidades e institutos federais de todo 
o Brasil. 
Senhor Presidente: 
Nos termos do art. 113, inciso I e § 1º, do Regimento Interno da 
Câmara dos Deputados, requeiro a Vossa Excelência, seja encaminhada ao 
Ministro da Educação e ao Ministro de Ciência e Tecnologia a Indicação em 
anexo, sugerindo, avaliar de forma criteri",1.0
84,1,Contingenciamento de recursos,INC 1245/2003,Sugere medidas relativas a programas desenvolvidos no âmbito do Ministério do Meio Ambiente.,"REQUERIMENTO
(Do Sr. Sarney Filho)
Requer o envio de Indicação ao Poder
Executivo, relativa a programas desenvolvidos
no âmbito do Ministério do Meio Ambiente.
Senhor Presidente:
Nos termos do art. 113, inciso I e § 1o, do Regimento
Interno da Câmara dos Deputados, requeiro a V. Exª. seja encaminhada ao
Poder Executivo a Indicação anexa, sugerindo medidas relativas a programas
desenvolvidos no âmbito do Ministério do Meio Ambiente.
Sala das Sessões, em       27 de novembro de 2003
Deputado Sarney Filho
2003_6134_Sarney Filho.037
INDICAÇÃO No                      , DE 2003
(Do Sr. Sarney Filho)",0.0
84,1,Contingenciamento de recursos,INC 3692/2017,"Sugere ao Ministério do Planejamento, Desenvolvimento e Gestão que não efetue contingenciamento do orçamento destinado à área da saúde em 2017.","REQUERIMENTO Nº          , DE 2017 
(Do Sr. AFONSO HAMM) 
Requer o envio de Indicação ao 
Ministério do Planejamento, 
Desenvolvimento e Gestão para sugerir que 
não efetue contingenciamento do orçamento 
destinado à área da saúde em 2017. 
Senhor Presidente: 
Nos termos do art. 113, inciso I e § 1º, do Regimento Interno da 
Câmara dos Deputados, requeiro a V. Exª. seja encaminhada ao Poder 
Executivo a Indicação anexa, sugerindo que não efetue contingenciamento do 
orçamento destinado à área da saúde em 2017. 
Sala das Sessões, em        de                     de 2017. 
Deputado AFONSO HAMM 
",1.0
84,1,Contingenciamento de recursos,INC 2165/2011,"Sugere a Senhora Ministra do Meio Ambiente para que sejam adotadas providências quanto ao fortalecimento institucional dos órgãos que comporão o Plano Nacional de Contingência, com a montagem de ""Salas de Situação"", aquisição de equipamentos, contratação de pessoal qualificado, realização de programas de treinamento e capacitação e a garantia de um orçamento adequado, sem contingenciamento de recursos oriundos da Fonte 142, principalmente para fins de formar superávit primário.","REQUERIMENTO nº     , de     de dezembro 2011 
(Do Sr. SARNEY FILHO) 
 
   Requer o envio de Indicação a 
Senhora Ministra do Meio Ambiente 
para que sejam adotadas providências 
quanto ao fortalecimento institucional 
dos órgãos que comporão o Plano 
Nacional de Contingência, com a 
montagem de “Salas de Situação”, 
aquisição de equipamentos, 
contratação de pessoal qualificado, 
realização de programas de 
treinamento e capacitação e a garantia 
de um orçamento adequado, sem 
contingenciamento de recursos 
oriundos da Fonte 142, principalmente 
para fins de formar superávit primário. 
 
 
  ",1.0
84,1,Contingenciamento de recursos,INC 605/2015,"Requer o envio de Indicação ao Ministro do Planejamento, Orçamento e Gestão, sugerindo revisão do contingenciamento do orçamento do Ministério da Saúde.","CÂMARA DOS DEPUTADOS 
 
REQUERIMENTO DE INDICAÇÃO Nº         , DE 2015 
(Do Sr. RUBENS BUENO e Da Sra. CARMEM ZANOTTO) 
 
 
Requer o envio de Indicação ao Ministro 
do Planejamento, Orçamento e Gestão, 
sugerindo revisão do contingenciamento 
do orçamento do Ministério da Saúde. 
 
 
Senhor Presidente, 
  Requeiro a Vossa Excelência, com base no artigo 113, inciso I, § 1º, 
do Regimento Interno da Câmara dos Deputados, que seja encaminhada ao 
Ministro do Planejamento, Orçamento e Gestão, Senhor Nelson Barbosa, 
Indicação anexa, sugerindo revisão do contingenciamento do orçamento do 
Ministéri",1.0
84,1,Contingenciamento de recursos,PLP 510/2018,Veda o contingenciamento das dotações destinadas ao Fundo Nacional de Saúde - FNS,"PROJETO DE LEI COMPLEMENTAR Nº             , DE 2018 
(Da Srª. Deputada Federal LAURA CARNEIRO) 
Veda o contingenciamento das 
dotações destinadas ao Fundo Nacional de 
Saúde - FNS  
O Congresso Nacional decreta: 
Art. 1º Esta Lei altera a Lei de Responsabilidade Fiscal, para 
vedar o contingenciamento das dotações destinadas ao Fundo Nacional de 
Saúde – FNS. 
Art. 2º o § 2º do art. 9º da Lei Complementar nº 101, de 4 de 
maio de 2000 passa a vigorar com a seguinte redação: 
Art. 9º... 
... 
§ 2º Não serão objeto de limitação as despesas que constituam 
obrigações constitucionais e legais do ",1.0
85,1,Prestação de auxílio financeiro da União,PL 3089/2004,"Altera a Lei nº  8.742, de 7 de dezembro de 1993, para atribuir responsabilidade à União pelo pagamento do auxílio-funeral a famílias carentes.","PROJETO DE LEI Nº      , DE 2004
(Do Sr.   AIRTON ROVEDA)
Altera a Lei nº  8.742, de 7 de
dezembro de 1993, para atribuir
responsabilidade à União pelo pagamento do
auxílio-funeral a famílias carentes.
O Congresso Nacional decreta:
Art. 1º  O art. 12 da Lei nº 8.742, de 7 de dezembro de 1993,
passa a vigorar acrescido de inciso IV e os arts. 13, 14 e 15 ficam alterados, com
a seguinte redação:
“Art. 12. Compete à União:
.................................................................................................
IV – responder pela concessão de auxílio-funeral às famílias
carentes, cuja re",1.0
85,1,Prestação de auxílio financeiro da União,PL 8965/2017,"Dispõe sobre a prestação de auxílio financeiro pela União aos Estados, ao Distrito Federal e aos Municípios, relativo ao exercício de 2017, com o objetivo de fomentar as exportações do País.","PROJETO DE LEI 
 
 
Dispõe sobre a prestação de auxílio 
financeiro pela União aos Estados, ao 
Distrito Federal e aos Municípios, relativo ao 
exercício de 2017, com o objetivo de 
fomentar as exportações do País.  
 
 
O CONGRESSO NACIONAL decreta: 
 
Art. 1º  A União entregará aos Estados, ao Distrito Federal e aos Municípios o 
montante de R$ 1.910.415.896,00 (um bilhão, novecentos e dez milhões, quatrocentos e quinze 
mil, oitocentos e noventa e seis reais), com o objetivo de fomentar as exportações do País, de 
acordo com os critérios, prazos e condições previstos nesta Lei. 
 
§ 1º  O m",1.0
85,1,Prestação de auxílio financeiro da União,PL 2455/2015,"Dispõe sobre a prestação de auxílio financeiro pela União aos Estados, ao Distrito Federal e aos Municípios, relativo ao exercício de 2014, com o objetivo de fomentar as exportações do País.","PROJETO DE LEI 
 
Dispõe sobre a prestação de auxílio financeiro pela 
União aos Estados, ao Distrito Federal e aos 
Municípios, relativo ao exercício de 2014, com o 
objetivo de fomentar as exportações do País. 
  
O CONGRESSO NACIONAL decreta: 
 
Art. 1º  A União entregará aos Estados, ao Distrito Federal e aos Municípios o montante de 
R$ 1.950.000.000,00 (um bilhão e novecentos e cinquenta milhões de reais), com o objetivo de fomentar 
as exportações do País, de acordo com os critérios, prazos e condições previstos nesta Lei. 
 
§ 1º  O montante referido no caput será entregue aos Estados,",1.0
85,1,Prestação de auxílio financeiro da União,INC 366/2007,"Sugere à Ministra do Turismo auxílio financeiro da União para a construção de um Centro Regional de Convenções no Município de Ipatinga, no Estado de Minas Gerais.","REQUERIMENTO
(Do Sr. LEONARDO QUINTÃO)
Requer o envio de Indicação ao
Poder Executivo, solicitando à Ministra do
Turismo auxílio financeiro da União para a
construção de um Centro Regional de
Convenções no Município de Ipatinga, no
Estado de Minas Gerais.
Senhor Presidente:
Nos termos do art. 113, inciso I e § 1º, do Regimento
Interno da Câmara dos Deputados, requeiro a V. Exª. seja encaminhada ao
Poder Executivo a Indicação anexa, sugerindo à Ministra do Turismo que
conceda à Prefeitura Municipal de Ipatinga, no Estado de Minas Gerais, um
auxílio financeiro, à conta do orçamento do Ministério",1.0
85,1,Prestação de auxílio financeiro da União,PL 561/2011,Atribuir responsabilidade à União pelo pagamento do auxílio-funeral a famílias carentes.,"PROJETO DE LEI Nº   DE 2011 
(Do Sr. Lindomar Garçon) 
 
 
Atribuir responsabilidade à 
União pelo pagamento do auxílio-
funeral a famílias carentes. 
 
 
 
O Congresso Nacional decreta: 
 
 
Art. 1º O art. 12 da Lei nº 8.742, de 7 de dezembro de 1993, 
passa a vigorar acrescido de inciso IV, ficando alterado, com a seguinte 
redação: 
“Art. 12. Compete à União: 
................................................................................................. 
 
IV – responder pela concessão de auxílio-funeral às famílias 
carentes, cuja renda mensal per capita seja igual ou inferior a um salá",1.0
85,1,Prestação de auxílio financeiro da União,PL 6020/2013,"Dispõe sobre a prestação de auxílio financeiro pela União aos Municípios, nos exercícios de 2013 e 2014, com o objetivo de incentivar a melhoria da qualidade dos serviços públicos dos municípios.","PROJETO DE LEI 
 
 
 
 
Dispõe sobre a prestação de auxílio financeiro 
pela União aos Municípios, nos exercícios de 
2013 e 2014, com o objetivo de incentivar a 
melhoria da qualidade dos serviços públicos 
dos municípios. 
 
 
 
 
O CONGRESSO NACIONAL decreta: 
 
Art. 1º  A União prestará auxílio financeiro aos Municípios no montante de R$ 
3.000.000.000,00 (três bilhões de reais), com o objetivo de incentivar a melhoria da qualidade dos 
serviços públicos municipais, de acordo com critérios, prazos e condições previstos nesta Lei. 
 
§ 1º  O montante referido no caput será entregue aos Muni",1.0
85,1,Prestação de auxílio financeiro da União,PL 4056/2019,"Altera a Lei nº 8.069, de 13 de julho de 1990, e a Lei nº 13.756, de 12 de dezembro de 2018, para assegurar o auxílio financeiro da União para o funcionamento dos Conselhos Tutelares.","Projeto de Lei nº       , de 2019 
(do Sr. Juscelino Filho) 
 
 
 
Altera a Lei nº 8.069, de 13 de julho de 1990, e a 
Lei nº 13.756, de 12 de dezembro de 2018, para 
assegurar o auxílio financeiro da União para o 
funcionamento dos Conselhos Tutelares. 
 
 
 
 O CONGRESSO NACIONAL decreta: 
 
 
 Art. 1º Esta lei assegura o auxílio financeiro da União para os municípios e Distrito 
Federal para o funcionamento dos Conselhos Tutelares previstos na Lei nº 8.069, de 13 
de julho de 1990. 
 
 Art. 2º O art. 134 da Lei nº 8.069, de 13 de julho de 1990, passa a vigorar acrescido 
do seguinte § 2º: 
",1.0
85,1,Prestação de auxílio financeiro da União,PL 7781/2010,"Autoriza o Fundo de Compensação de Variações Salariais a assumir, na forma disciplinada em ato do Conselho Curador do FCVS - CCFCVS, direitos e obrigações do SH/SFH e a oferecer cobertura direta a contratos de financiamento habitacional averbados na Apólice do SH/SFH, dispõe sobre a prestação de auxílio financeiro pela União aos Estados, ao Distrito Federal e aos Municípios, no exercício de 2010, com o objetivo de fomentar as exportações do País, e dá outras providências.","PROJETO DE LEI
Autoriza o Fundo de Compensação de
Variações Salariais a assumir, na forma
disciplinada em ato do Conselho Curador
do FCVS - CCFCVS, direitos e obrigações
do SH/SFH e a oferecer cobertura direta a
contratos de financiamento habitacional
averbados na Apólice do SH/SFH, dispõe
sobre a prestação de auxílio financeiro pela
União aos Estados, ao Distrito Federal e aos
Municípios, no exercício de 2010, com o
objetivo de fomentar as exportações do
País, e dá outras providências.
O CONGRESSO NACIONAL decreta:
Art. 1o  Fica o Fundo de Compensação de Variações Salariais - FCVS autorizado,",1.0
85,1,Prestação de auxílio financeiro da União,PL 3118/2012,"Dispõe sobre a prestação de auxílio financeiro pela União aos Municípios, com o objetivo decompensar eventuais reduções dos repasses doFundo de Participação dos Municípios - FPM.","PROJETO DE LEI N.º , DE 2012 
Dispõe sobre a prestação de auxílio 
financeiro pela União aos Municípios, com o 
objetivo decompensar eventuais reduções 
dos repasses doFundo de Participação dos 
Municípios - FPM. 
O CONGRESSO NACIONAL decreta: 
Art. 1º A União prestará auxílio financeiro aos Municípios, 
deacordo com os prazos e condições previstos nesta Lei. 
Art. 2º O auxílio financeiro será concedido pela União aos 
Municípios em montante equivalente aos valores correspondentesà variação 
nominal negativa das respectivas quotas do Fundo de Participaçãodos 
Municípios - FPM, acumulada em cad",1.0
85,1,Prestação de auxílio financeiro da União,PL 1417/2021,"Dispõe sobre a prestação de auxílio financeiro emergencial pela União às santas casas e aos hospitais filantrópicos, sem fins lucrativos, que participam de forma complementar do Sistema Único de Saúde (SUS), no exercício de 2021, com o objetivo de permitir-lhes atuar de forma coordenada no combate à pandemia da covid-19.","Dispõe  sobre  a  prestação  de  auxílio
financeiro emergencial pela União às santas
casas e aos hospitais filantrópicos, sem fins
lucrativos,  que  participam  de  forma
complementar do Sistema Único de Saúde
(SUS),  no  exercício  de  2021,  com  o
objetivo  de  permitir-lhes  atuar  de  forma
coordenada  no  combate  à  pandemia  da
covid-19.
O Congresso Nacional decreta:
Art. 1º A União entregará às santas casas e aos hospitais filantrópicos, sem fins
lucrativos, que participam de forma complementar do Sistema Único de Saúde (SUS), por
meio  dos  fundos  de  saúde  estaduais,  distrital  o",1.0
86,1,Critérios para a realização de transferências voluntárias,PLP 344/2017,"Acrescenta dispositivo à Lei Complementar nº 101, de 4 de maio de 2000, para determinar a inexigibilidade temporária de preenchimento dos requisitos para transferências voluntárias para Municípios que estejam com situação de emergência ou estado de calamidade pública decretados.","PROJETO DE LEI COMPLEMENTAR Nº.          , DE 2017. 
(Do. Sr. FÁBIO MITIDIERI) 
 
Acrescenta dispositivo à Lei 
Complementar nº 101, de 4 de maio de 
2000, para determinar a inexigibilidade 
temporária de preenchimento dos 
requisitos para transferências 
voluntárias para Municípios que 
estejam com situação de emergência 
ou estado de calamidade pública 
decretados. 
 
O Congresso Nacional Decreta: 
Art. 1º Esta Lei acresce novo parágrafo ao artigo 25 da Lei 
Complementar nº 101, de 4 de maio de 2000, a fim de determinar a 
inexigibilidade temporária de preenchimento dos requisitos para trans",1.0
86,1,Critérios para a realização de transferências voluntárias,PL 9159/2017,"Dispõe sobre o repasse de transferências federais voluntárias, na área de educação, para os Estados, o Distrito Federal e os Municípios.","PROJETO DE LEI Nº          , DE 2017 
(Da Sra. Pollyana Gama) 
Dispõe sobre o repasse de 
transferências federais voluntárias, na área 
de educação, para os Estados, o Distrito 
Federal e os Municípios. 
O Congresso Nacional decreta: 
Art. 1º Os recursos federais destinados a transferências 
voluntárias, na área de educação, para os Estados, o Distrito Federal e os 
Municípios serão distribuídos, na forma do regulamento, de modo que: 
I – dez por cento do total dos recursos discricionários serão 
destinados aos Estados, ao Distrito Federal e aos Municípios que tenham 
aprovado lei específica: ",1.0
86,1,Critérios para a realização de transferências voluntárias,PLP 206/2021,Dispensa os Municípios com menos de cinquenta mil habitantes dos requisitos de adimplência ao CAUC para o recebimento de transferências voluntárias da União nos exercícios financeiros que especifica.,"PROJETO DE LEI COMPLEMENTAR Nº          , DE 2021 
(Do Sr. AFONSO HAMM) 
Dispensa os Municípios com menos de 
cinquenta mil habitantes dos requisitos de 
adimplência ao CAUC para o recebimento 
de transferências voluntárias da União nos 
exercícios financeiros que especifica. 
O Congresso Nacional decreta: 
Art. 1º Em caráter excepcional e exclusivamente nos exercícios 
financeiros de 2019, 2020, 2021, 2022 e 2023, é vedado à União deixar de 
realizar transferências voluntárias aos Municípios em decorrência de 
inadimplência registrada do Serviço Auxiliar de Informações para 
Transferências Vo",1.0
86,1,Critérios para a realização de transferências voluntárias,PLP 74/2020,"Suspende as comprovações de exigências estabelecidas no art. 25 da Lei Complementar nº 101, de 4 de maio de 2000, para a realização de transferências voluntárias no período que especifica.","C Â M A R A   D O S   D E P U T A D O S 
 
Não é possível exibir esta imagem.
 
PROJETO DE LEI COMPLEMENTAR Nº           , DE 2020 
(Do Sr. Hélio Leite) 
 
 
Suspende as comprovações de 
exigências estabelecidas no art. 25 da 
Lei Complementar nº 101, de 4 de 
maio de 2000, para a realização de 
transferências voluntárias no período 
que especifica. 
 
 
 
O Congresso Nacional decreta: 
 
Art. 1º Durante a vigência de calamidade pública nacional, reconhecida pelo 
Congresso Nacional, e decorrente de pandemia de saúde pública de importância 
internacional, ficam suspensas todos os limites e con",1.0
86,1,Critérios para a realização de transferências voluntárias,PL 1672/2019,"Dispõe sobre o repasse de transferências federais voluntárias, na área de educação, para os Estados, o Distrito Federal e os Municípios.","PROJETO DE LEI Nº          , DE 2019 
(Da Sra. TÁBATA AMARAL) 
Dispõe sobre o repasse de 
transferências federais voluntárias, na área 
de educação, para os Estados, o Distrito 
Federal e os Municípios. 
O Congresso Nacional decreta: 
Art. 1º Os recursos federais destinados a transferências 
voluntárias, na área de educação, para os Estados, o Distrito Federal e os 
Municípios, isoladamente ou reunidos em consórcio público, serão distribuídos, 
na forma do regulamento, de modo que: 
I – vinte por cento do total dos recursos discricionários, 
excluídos os referentes à produção, aquisição e dist",1.0
86,1,Critérios para a realização de transferências voluntárias,PLP 13/2007,"Acrescenta parágrafo ao art. 25 da Lei Complementar nº 101, de 04 de maio de 2000, para disciplinar o repasse de recursos do orçamento da União ou dos Estados para os Municípios com IDH inferior a 0,8.","1PROJETO DE LEI COMPLEMENTAR Nº       , DE 2007
(Do Sr.  José Rocha)
Acrescenta parágrafo ao art. 25 da
Lei Complementar nº 101, de 04 de maio de
2000, para disciplinar o repasse de recursos
do Orçamento da União ou dos Estados
para os Municípios com IDH inferior a 0,8.
O Congresso Nacional decreta:
Artigo 1º. Esta Lei Complementar tem o objetivo de
isentar os Municípios com o Índice de Desenvolvimento Humano inferior a 0,8
das exigências e contrapartidas estabelecidas pela União e pelos Estados nos
casos de transferências voluntárias a que se refere o art. 25 da Lei
Complementar nº 101 de 04 ",0.5
86,1,Critérios para a realização de transferências voluntárias,PLP 347/2006,"Acrescenta parágrafo ao art. 25 da Lei Complementar n.º 101, de 4 de maio de 2000, para disciplinar o repasse de recursos do Orçamento da União ou dos Estados para os Municípios com IDH inferior a 0,8.","PROJETO DE LEI COMPLEMENTAR No   , DE 2006
(Da Sra. LAURA CARNEIRO)
Acrescenta parágrafo ao art. 25 da
Lei Complementar n.º 101, de 4 de maio de
2000, para disciplinar o repasse de recursos
do Orçamento da União ou dos Estados
para os Municípios com IDH inferior a 0,8.
O Congresso Nacional decreta:
Art. 1o Esta Lei Complementar tem o objetivo de isentar
os Municípios com o Índice de Desenvolvimento Humano inferior a 0,6 das
exigências e contrapartidas estabelecidas pela União e pelos Estados nos
casos de transferências voluntárias a que se refere o art. 25 da Lei
Complementar n.º 101, de 4 de ",1.0
86,1,Critérios para a realização de transferências voluntárias,PLP 117/2015,"Regulamenta as transferências voluntárias de recursos federais, retirando as competências das Leis de Diretrizes Orçamentárias para fazê-lo anualmente.","PROJETO DE LEI COMPLEMENTAR NO      , DE 2015 
(Do Sr. João Gualberto) 
Regulamenta as transferências 
voluntárias de recursos federais, retirando 
as competências das Leis de Diretrizes 
Orçamentárias para fazê-lo anualmente. 
O Congresso Nacional decreta: 
Art. 1º Esta lei visa regulamentar continuamente as 
transferências voluntárias de recursos federais, retirando das Leis de Diretrizes 
Orçamentárias a competência para tratar do tema anualmente. 
Art. 2º Revoga-se o art. 25 da Lei Complementar nº 101, 
de 4 de maio de 2001. 
Art. 3º O art. 4º da Lei Complementar nº 101, de 4 de 
maio de 2",1.0
86,1,Critérios para a realização de transferências voluntárias,PLP 74/2011,"Dispõe sobre as exigências para a realização de transferências voluntárias, nos termos da Lei Complementar nº 101, de 4 de maio de 2000.","C Â M A R A  D O S  D E P U T AD O S  
   
 
 
PROJETO DE LEI COMPLEMENTAR Nº         , DE 2011 
(Do Sr. Audifax) 
Dispõe sobre as exigências para 
a realização de transferências 
voluntárias, nos termos da Lei 
Complementar nº 101, de 4 de maio de 
2000. 
O Congresso Nacional decreta: 
Art. 1º Esta Lei Complementar restringe, ao Poder do ente 
beneficiário que requerer a transferência voluntária, a comprovação de que trata o 
inciso IV do § 1º do art. 25 da Lei Complementar nº 101, de 4 de maio de 2000.  
Art. 2º O art. 25 da Lei Complementar nº 101, de 4 de maio de 
2000, passa a vigorar com",1.0
86,1,Critérios para a realização de transferências voluntárias,PLP 299/2016,"Altera a Lei Complementar n. 101, de 4 de maio de 2000, a fim de estabelecer tratamento simplificado a Municípios com menos de duzentos mil habitantes na obtenção e na prestação de contas de transferências voluntárias da União.","PROJETO DE LEI COMPLEMENTAR NO      , DE 2016 
(Do Sr. Carlos Henrique Gaguim) 
Altera a Lei Complementar n. 101, de 
4 de maio de 2000, a fim de estabelecer 
tratamento simplificado a Municípios com 
menos de duzentos mil habitantes na 
obtenção e na prestação de contas de 
transferências voluntárias da União. 
O Congresso Nacional decreta: 
Art. 1º O art. 25 da Lei Complementar n. 101, de 4 de 
maior de 2000, passa a vigorar acrescido do seguinte parágrafo: 
“Art. 25 ................................................................... 
.........................................................",1.0
87,1,"tributar as exportações
",PEC 8/2015,Acrescenta o § 7º ao art. 155 da Constituição Federal.,"PROPOSTA DE EMENDA À CONSTITUIÇÃO No      , DE 2015 
(Do Sr. ARNALDO JORDY e outros) 
Acrescenta o § 7o ao art. 155 da 
Constituição Federal. 
As Mesas da Câmara dos Deputados e do Senado 
Federal, nos termos do § 3o do art. 60 da Constituição Federal, promulgam a 
seguinte emenda ao texto constitucional: 
Art. 1o O art. 155 da Constituição Federal passa a vigorar 
acrescido do seguinte § 7o: 
""Art. 155. ................................................................... 
................................................................................... 
§ 7o O disposto nos incisos X, ‘a’ e X",1.0
87,1,"tributar as exportações
",PL 4349/2021,"Altera a Lei nº 12.546, de 14 de dezembro de 2011, para prorrogar a desoneração da folha o setor de fundição.","PROJETO DE LEI Nº 2541, DE 2021
Altera a Lei nº 12.546, de 14 de dezembro de
2011, para prorrogar a desoneração da folha o
setor de fundição.
Art. 1. A Lei nº 12.546, de 14 de dezembro de 2011, passa a viger com a seguinte redação:
“Art. 7º........................................................................................................................
....................................................................................................................................
XIV - as empresas dos setores de fundição, enquadradas nos grupos 245 da CNAE
2.0 (NR) ”.
JUSTIFICATIVA
Es",0.0
87,1,"tributar as exportações
",PFC 20/2019,"Propõe que a Comissão de Agricultura, Pecuária, Abastecimento e Desenvolvimento Rural realize ato de fiscalização e controle no Programa de Financiamento às Exportações - PROEX, a fim de esclarecer as questões oriundas da falta de pagamento dos recursos da linha do PROEX às agroindústrias brasileiras, referentes às exportações para Cuba.","COMISSÃO DE AGRICULTURA, PECUÁRIA, ABASTECIMENTO 
E DESENVOLVIMENTO RURAL  
PROPOSTA DE FISCALIZAÇÃO E CONTROLE Nº          , DE 2019 
(Do Sr. JERÔNIMO GOERGEN) 
Propõe que a Comissão de Agricultura, 
Pecuária, Abastecimento e Desenvolvimento 
Rural realize ato de fiscalização e controle 
no Programa de Financiamento às 
Exportações – PROEX, a fim de esclarecer 
as questões oriundas da falta de pagamento 
dos recursos da linha do PROEX às 
agroindústrias brasileiras, referentes às 
exportações para Cuba. 
Senhor Presidente: 
Nos termos do arts. 70 e 71 da Constituição Federal e dos arts. 
60 e",0.5
87,1,"tributar as exportações
",PL 10011/2018,Dispõe sobre o tratamento tributário conferido às exportações de mercadorias realizadas por meio de empresas comerciais exportadoras.,"CÂMARA DOS DEPUTADOS 
 
PROJETO DE LEI N.º                 , DE 2018. 
(do Sr. Nilson Leitão) 
 
 
 
Dispõe sobre o tratamento tributário conferido 
às exportações de mercadorias realizadas por 
meio de empresas comerciais exportadoras.  
 
 
 
 
O Congresso Nacional decreta: 
 
 
Art. 1º Esta Lei dispõe sobre o tratamento tributário conferido às 
exportações de mercadorias realizadas por meio de empresas comerciais 
exportadoras.  
 
Art. 2º Serão consideradas exportações as vendas no mercado 
interno para as empresas comerciais exportadoras, para o fim específico de 
exportação. 
  
Art. 3º ",1.0
87,1,"tributar as exportações
",PLP 508/2009,"Dispõe sobre a ampliação das ações do Banco Nacional de Desenvolvimento Econômico e Social - BNDES voltadas ao financiamento às exportações de bens e serviços brasileiros, estabelecendo as condições para que realize operações de seguro de crédito à exportação e contratações de resseguro e co-seguro em virtude dessa atividade.","CÂMARA DOS DEPUTADOS
1
PROJETO DE LEI COMPLEMENTAR No   , DE 2009
(Da Comissão Especial destinada ao exame e avaliação da Crise
Econômico-Financeira e, ao final, formular propostas ao Poder Executivo
e ao País, especificamente no que diz respeito à repercussão no
Comércio)
Dispõe sobre a ampliação das ações
do Banco Nacional de Desenvolvimento
Econômico e Social – BNDES voltadas ao
financiamento às exportações de bens e
serviços brasileiros, estabelecendo as
condições para que realize operações de
seguro de crédito à exportação e
contratações de resseguro e co-seguro em
virtude dessa atividade",0.5
87,1,"tributar as exportações
",PEC 169/2015,Altera o art. 159 da Constituição Federal para entregar recursos aos Estados e ao Distrito Federal para o fomento das exportações do País.,"PROPOSTA DE EMENDA À CONSTITUIÇÃO Nº        , DE 2015 
 (Do Sr. Luiz Lauro Filho e outros) 
Altera o art. 159 da Constituição 
Federal para entregar recursos aos Estados 
e ao Distrito Federal para o fomento das 
exportações do País. 
As Mesas da Câmara dos Deputados e do Senado 
Federal, nos termos do art. 60 da Constituição Federal, promulgam a seguinte 
emenda ao texto constitucional: 
Art. 1º O art. 159 da Constituição Federal passa a vigorar 
com a seguinte redação: 
“Art. 159.  ................................................................... 
I – do produto da arrecadação dos impostos",0.0
87,1,"tributar as exportações
",INC 1830/2007,"Sugere ao Ministro da Agricultura, Pecuária e Abastecimento sejam incentivadas as exportações de frutas brasileiras para a República Popular da China.","REQUERIMENTO
(Do Sr. Wlliam Woo)
Requer o envio de Indicação ao Poder 
Executivo, relativa ao incentivo às exportações 
de frutas brasileiras para a República Popular 
da China.
Senhor Presidente:
Nos termos do art. 113, inciso I e § 1o, do Regimento Interno 
da  Câmara  dos  Deputados,  requeiro  a  V.  Exª.  seja  encaminhada  ao  Poder 
Executivo a Indicação em anexo, sugerindo sejam enviadas à República Popular 
da China missões comerciais de empresários brasileiros do setor de fruticultura, 
com o objetivo de incentivar e aumentar as exportações de frutas brasileiras para 
aquele país.
Sa",0.0
87,1,"tributar as exportações
",INC 5220/2009,"Sugere ao Ministro da Pesca e Aquicultura a adoção de medidas de incentivo à aqüicultura no Brasil, que promovam a redução da carga tributária incidente sobre a indústria pesqueira nacional e o aumento das exportações brasileiras de pescado.","REQUERIMENTO
(Do Sr. Washington Luiz)
Requer o envio de Indicação ao
Poder Executivo, sugerindo a adoção de
medidas de incentivo à aquicultura.
Senhor Presidente:
Nos termos do art. 113, inciso I e § 1º, do Regimento
Interno da Câmara dos Deputados, requeiro a V. Exª. seja encaminhada ao
Poder Executivo a Indicação anexa, sugerindo a adoção de medidas de
incentivo à aquicultura no Brasil, que promovam a redução da carga tributária
incidente sobre a indústria pesqueira nacional e o aumento das exportações
brasileiras de pescado.
Sala das Sessões, em       de                          de 2009.
De",0.5
87,1,"tributar as exportações
",PEC 370/2001,Altera disposições relativas ao imposto sobre serviços de qualquer natureza.,"PROPOSTA DE EMENDA À CONSTITUIÇÃO Nº      , DE 2001 
(Do Sr. Ricardo Berzoini e outros) 
Altera disposições relativas ao imposto 
sobre serviços de qualquer natureza. 
As Mesas da Câmara dos Deputados e do Senado Federal, 
nos termos do § 3º do art. 60 da Constituição Federal, promulgam a seguinte 
emenda ao texto constitucional: 
Artigo único. O § 3º do art. 156 da Constituição Federal 
passa a vigorar com a seguinte redação: 
“Art. 156.......................................................................... 
...................................................................................",0.0
87,1,"tributar as exportações
",INC 173/2003,"Sugere ao Senhor Ministro do Desenvolvimento, Indústria e Comércio Exterior a criação de uma Zona de Processamento de Exportações no Distrito de Chaveslândia, Município de Santa Vitória, Estado de Minas Gerais.","REQUERIMENTO 
(Do Sr. Romel Anízio) 
 
Requer o envio de Indicação ao 
Ministério do Desenvolvimento, Indústria e 
Comércio Exterior, relativa à necessidade de 
criação de uma Zona de Processamento de 
Exportações no Distrito de Chaveslândia, 
Município de Santa Vitória, Estado de Minas 
Gerais. 
Senhor Presidente: 
Nos termos do art. 113, inciso I e § 1º, do Regimento 
Interno da Câmara dos Deputados, requeiro a V. Exª. seja encaminhada ao 
Poder Executivo a Indicação em anexo, sugerindo a criação de uma Zona de 
Processamento de Exportações no Distrito de Chaveslândia, Município de Santa 
Vi",0.0
88,1,dar isenção na compra de automóvel para corretores,PL 1702/2022,"Altera a Lei n.º 8.989, de 1995, para conceder a isenção do Imposto sobre Produtos Industrializados – IPI na aquisição de automóveis feita por corretores de imóveis.","CÂMARA DOS DEPUTADOS
Gabinete do Deputado Federal David Soares - União
Brasil/SP
PROJETO DE DE  LEI Nº          DE 2022
(Do Sr. DAVID SOARES)
Altera a Lei n.º 8.989, de 1995,
para conceder a isenção do
Imposto sobre Produtos
Industrializados – IPI na
aquisição de automóveis feita por
corretores de imóveis.
O Congresso Nacional decreta:
Art. 1º A ementa da Lei nº 8.989, de 24 de fevereiro de 1995, passa a
vigorar com a seguinte redação:
“Dispõe sobre a isenção do Imposto sobre Produtos Industrializados (IPI) na
aquisição de automóveis para utilização no transporte autônomo de passageiros, bem
c",1.0
88,1,dar isenção na compra de automóvel para corretores,PL 6225/2013,"Altera a Lei nº 8.989, de 24 de fevereiro de 1995, com redação dada pela Lei nº 10.690, de 16 de junho de 2003,  que ""dispõe sobre a isenção do Imposto sobre Produtos Industrializados - IPI, na aquisição de automóveis para utilização no transporte autônomo de passageiros, bem como por pessoas portadoras de deficiência e dá outras providências"".","PROJETO DE LEI Nº            , DE 2013 
(Do Sr. Edmar Arruda)  
 
 
 Altera a Lei nº 8.989 de 1995 com 
redação dada pela Lei nº 10.690 de 2003 
que “dispõe sobre a isenção do Imposto 
sobre Produtos Industrializados – IPI, na 
aquisição de automóveis para utilização no 
transporte autônomo de passageiros, bem 
como por pessoas portadoras de 
deficiência e dá outras providências. 
 
 
 
O Congresso Nacional decreta: 
 
Art. 1º A ementa da Lei nº 8.989, de 24 de fevereiro de 
1995, passa a vigorar com a seguinte redação: 
 
“Dispõe sobre a isenção do Imposto sobre Produtos 
Industrializados – I",0.0
88,1,dar isenção na compra de automóvel para corretores,PL 7214/2006,Concede isenção do Imposto sobre Produtos Industrializados - IPI na aquisição de automóveis feita por corretores de imóveis.,"PROJETO DE LEI No       , DE 2006
(Do Sr. Elimar Máximo Damasceno)
Concede isenção do Imposto sobre
Produtos Industrializados – IPI na aquisição
de automóveis feita por corretores de
imóveis.
O Congresso Nacional decreta:
                                  Art. 1o Ficam isentos do Imposto Sobre Produtos
Industrializados – IPI os automóveis de passageiros de fabricação nacional,
equipados com motor de cilindrada não superior a dois mil centímetros cúbicos,
movidos a combustíveis de origem renovável ou sistema reversível de
combustão, quando adquiridos por pessoas físicas que exerçam,
comprovadam",1.0
88,1,dar isenção na compra de automóvel para corretores,PL 4935/2020,"Altera a Lei n.º 8.989, de 24 de fevereiro de 1995 para conceder a isenção do Imposto sobre Produtos Industrializados - IPI na aquisição de automóveis realizada por corretores de imóveis.","CÂMARA DOS DEPUTADOS
PROJETO DE LEI Nº             , DE 2020 
Altera a Lei n.º 8,989, de 24 de fevereiro de
1995 para conceder a isenção do Imposto
sobre  Produtos  Industrializados  –  IPI  na
aquisição de automóveis  feita  por
corretores de imóveis.
O Congresso Nacional decreta:
Art.  1º O art.1 ,  da Lei  n.º  8.989, de 24 de fevereiro de 1995 passa a vigorar com a
seguinte redação:
 “Art.1º.....................................................................................................
....................................................................................................",1.0
88,1,dar isenção na compra de automóvel para corretores,PL 1359/2007,Dispõe sobre a isenção do Imposto sobre Produtos Industrializados (IPI) na aquisição de automóveis por corretores de imóveis.,"PROJETO DE LEI No     , DE 2007 
(Do Sr. LINCOLN PORTELA) 
Dispõe sobre a isenção do Imposto 
sobre Produtos Industrializados (IPI) na 
aquisição de automóveis por corretores de 
imóveis. 
O Congresso Nacional decreta: 
Art. 1º Ficam isentos do Imposto Sobre Produtos 
Industrializados – IPI os automóveis de passageiros de fabricação nacional, 
equipados com motor de cilindrada não superior a dois mil centímetros cúbicos, 
movidos a combustíveis de origem renovável ou sistema reversível de 
combustão, quando adquiridos por pessoas físicas que exerçam, 
comprovadamente, por meio de veículo de su",1.0
88,1,dar isenção na compra de automóvel para corretores,PL 852/2011,"Altera o art. 1º da Lei nº 8.989, de 1995, acrescentando dispositivo que isenta a categoria de representantes comerciais do pagamento de Imposto sobre Produtos Industrializados - IPI na compra de automóvel para o exercício da profissão.","CÂMARA DOS DEPUTADOS 
 
 
 
 
PROJETO DE LEI Nº           , DE 2011 
(Do Sr. Onofre Santo Agostini) 
 
 
 
Altera o artigo 1º, da Lei 8.989, de 1995, 
acrescentando dispositivo que isenta a categoria de 
representantes comerciais do pagamento de 
Imposto sobre Produtos Industrializados – IPI na 
compra de automóvel para o exercício da profissão. 
 
 
 
 O CONGRESSO NACIONAL decreta: 
 
 Art. 1º Esta Lei acrescenta o inciso VI ao artigo 1º, da Lei 8.989, de 1995, que 
dispõe sobre a Isenção do Imposto sobre Produtos Industrializados - IPI, na aquisição de 
automóveis para utilização no transpor",1.0
88,1,dar isenção na compra de automóvel para corretores,PL 4131/2012,Dispõe sobre a regulamentação da profissão de Corretor de Veículos Automotores.,"PROJETO DE LEI Nº           , DE 2012 
(Do Sr. Roberto de Lucena) 
 
Dispõe sobre a regulamentação da 
profissão de Corretor de Veículos 
Automotores. 
 
O Congresso Nacional decreta: 
 
Art. 1º O exercício da profissão de Corretor de Veículos 
Automotores será regido pela presente lei.  
Art. 2º O exercício da profissão de Corretor de Veículos 
Automotores será permitida ao possuidor de Curso Técnico de Veículos Automotores, 
a ser ministrado sob a supervisão e fiscalização do Conselho Federal dos Revendedores 
de Veículos Automotores. 
Parágrafo único. O exercício profissional fica 
condicio",0.0
88,1,dar isenção na compra de automóvel para corretores,PL 3417/2015,"Dispõe sobre a identificação do intermediário na compra e venda de imóveis, a título oneroso, na respectiva escritura pública, e dá outras providências.","Projeto de Lei nº    /2015 
(Do Sr. Giovani Cherini – PDT/RS) 
 
 
 
Dispõe sobre a identificação do intermediário 
na compra e venda de imóveis, a título 
oneroso, na respectiva escritura pública, e dá 
outras providências. 
 
Art. 1º  As escrituras públicas de compra e venda de bens imóveis, a título 
oneroso, deverão conter obrigatoriamente a identificação da pessoa física e/ou jurídica que 
intermediou a venda, com o número de sua inscrição no Conselho Regional de Corretores de 
Imóveis de sua respectiva região.  
Parágrafo único. Na identificação de que trata este artigo constará, além do",0.0
88,1,dar isenção na compra de automóvel para corretores,PL 9909/2018,"Acrescenta artigo a Lei 6.530/78, de 12 de Maio de 1978, que ""Dispõe sobre a regulamentação à profissão de Corretor de Imóveis, disciplina o funcionamento de seus órgãos de fiscalização e dá outras providências"", na forma que especifica:","PROJETO DE LEI Nº        , DE 2018 
(Do Sr. Cabo Sabino) 
 
Acrescenta artigo a Lei 6.530/78, 
de 12 de Maio de 1978, que 
“Dispõe sobre a regulamentação 
à profissão de Corretor de 
Imóveis, disciplina o 
funcionamento de seus órgãos de 
fiscalização e dá outras 
providências”, na forma que 
especifica:  
 
O Congresso Nacional decreta:  
 
Art. 1º Esta lei acrescenta artigo 17-A a Lei n. º 6.530, de 12 de 
Maio de 1978, que “Dispõe sobre a regulamentação à profissão de 
Corretor de Imóveis, disciplina o funcionamento de seus órgãos de 
fiscalização e dá outras providências”.  
Art. 2º Fica a",0.0
88,1,dar isenção na compra de automóvel para corretores,PL 2258/2015,"Altera a Lei nº 8.989, de 24 de fevereiro de 1995, que ""Dispõe sobre a Isenção do Imposto sobre Produtos Industrializados - IPI, na aquisição de automóveis para utilização no transporte autônomo de passageiros, bem como por pessoas portadoras de deficiência física, e dá outras providências"", e dá outras providências.","PROJETO DE LEI Nº       DE 2015. 
(Do Sr. Dep. Mário Heringer) 
 
Altera a Lei nº 8.989, de 24 de fevereiro 
de 1995, que “Dispõe sobre a Isenção 
do Imposto sobre Produtos 
Industrializados - IPI, na aquisição de 
automóveis para utilização no 
transporte autônomo de passageiros, 
bem como por pessoas portadoras de 
deficiência física, e dá outras 
providências”, e dá outras providências. 
 
O Congresso Nacional decreta: 
 
Art. 1º. A Lei nº 8.989, de 24 de fevereiro de 1995, passa a vigorar 
acrescida de art. 1º-A, com a seguinte redação: 
“Art. 1º-A. Ficam isentos do Imposto Sobre Produtos ",0.0
89,1,permitir a dedução de gastos com animais no imposto de renda,PL 948/2015,"Altera a Lei nº 9.250, de 26 de dezembro de 1995, que dispõe sobre o imposto de renda das pessoas físicas, para permitir a dedução de despesas  médicas veterinárias, cirurgias e internações de semoventes.","PROJETO DE LEI Nº       , DE 2015. 
(Do. Sr. FÁBIO MITIDIERI) 
 
 
Altera a Lei nº 9.250, de 26 de 
dezembro de 1995, que dispõe sobre o 
imposto de renda das pessoas físicas, 
para permitir a dedução de despesas  
médicas veterinárias, cirurgias e 
internações de semoventes. 
 
CONGRESSO NACIONAL decreta: 
 
Art. 1º O art. 8º da Lei nº 9.250, de 26 de dezembro de 1995, passa 
a vigorar com a seguinte redação: 
""Art. 8º .............................................................................................. 
................................................................................",1.0
89,1,permitir a dedução de gastos com animais no imposto de renda,PL 10289/2018,"Altera o art. 8º da Lei nº 9.250, de 26 de dezembro de 1995, para incluir os gastos veterinários entre aqueles dedutíveis da base de cálculo do Imposto de Renda.","PROJETO DE LEI Nº          , DE 2018 
(Do Sr. JEFFERSON CAMPOS) 
Altera o art. 8º da Lei nº 9.250, de 26 
de dezembro de 1995, para incluir os gastos 
veterinários entre aqueles dedutíveis da 
base de cálculo do Imposto de Renda. 
O Congresso Nacional decreta: 
Art. 1º A Lei nº 9.250, de 26 de dezembro de 1995, passa a 
vigorar com a seguinte redação: 
“Art. 8º.............................................................................. 
......................................................................................... 
II - .............................................................",1.0
89,1,permitir a dedução de gastos com animais no imposto de renda,PL 7554/2014,"Concede dedução de despesas veterinárias na apuração do Imposto de Renda das pessoas físicas, nas condições que fixa.","PROJETO DE LEI Nº      , DE 2014  
(Do Sr. JORGINHO MELLO) 
Concede dedução de despesas 
veterinárias na apuração do Imposto de 
Renda das pessoas físicas, nas condições 
que fixa. 
 
O Congresso Nacional decreta: 
Art. 1º Esta lei inclui hipótese de dedução de despesas 
veterinárias na apuração do Imposto de Renda das pessoas físicas. 
Art. 2º Alterem-se a alínea “a”, do inciso II, do art. 8º, e o 
inciso II do § 2º do mesmo artigo, todos da Lei n.º 9.250, de 1995, que passam 
a vigorar com as seguintes redações: 
 
“Art.8º .....................................................................",1.0
89,1,permitir a dedução de gastos com animais no imposto de renda,PL 1447/2022,"Altera a Lei 9.250, de 26 de dezembro de 1995, para incluir os pagamentos efetuados a médicos, clínicas e hospitais veterinários destinados à cobertura de despesas com tratamento de animais domésticos como dedutíveis da base de cálculo do imposto de renda das pessoas físicas","PROJETO DE LEI Nº                      , DE 2022.
(Do Sr. Rubens Pereira Junior)
Altera a Lei 9.250, de 26 de dezembro
de  1995,  para  incluir  os  pagamentos
efetuados  a  médicos,  clínicas  e
hospitais  veterinários  destinados  à
cobertura de despesas com tratamento
de animais domésticos como dedutíveis
da base de cálculo do imposto de renda
das pessoas físicas. 
O Congresso Nacional decreta:
Art. 1º - Esta Lei altera a Lei 9.250, de 26 de dezembro de 1995, para incluir os
pagamentos efetuados a médicos, clínicas e hospitais veterinários destinados à
cobertura de despesas com tratamento d",1.0
89,1,permitir a dedução de gastos com animais no imposto de renda,PL 1358/2019,"Altera a Lei nº 9.250, de 26 de dezembro de 1995, (Lei do Imposto de Renda de Pessoa Física) para incluir os gastos veterinários como dedutíveis da base de cálculo do imposto de renda.","PROJETO DE LEI Nº        , DE 2019 
(Do Sr. Célio Studart) 
 
Altera a Lei nº 9.250, de 26 de 
dezembro de 1995, (Lei do Imposto 
de Renda de Pessoa Física) para 
incluir os gastos veterinários como 
dedutíveis da base de cálculo do 
imposto de renda. 
O Congresso Nacional decreta:  
 
Art. 1º Esta lei estabelece a dedução do valor de gastos veterinários na 
apuração do imposto de renda das pessoas físicas. 
Art. 2º O inc. II do art. 8º Lei nº 9.250, de 26 de dezembro de 1995, passa a 
vigorar acrescido da alínea k:  
 
“Art. 8º .................................................................",1.0
89,1,permitir a dedução de gastos com animais no imposto de renda,PL 3591/2021,"Altera a Lei nº 9.250, de 26 de dezembro de 1995, para dispor sobre a dedução na Declaração do Imposto de Renda das Pessoas Físicas dos gastos veterinários com animais domésticos.","PROJETO DE LEI Nº          , DE 2021
(Do Sr. HILDO ROCHA)
Altera  a  Lei  nº  9.250,  de  26  de
dezembro  de  1995,  para  dispor  sobre  a
dedução  na  Declaração  do  Imposto  de
Renda  das  Pessoas  Físicas  dos  gastos
veterinários com animais domésticos.
O Congresso Nacional decreta:
Art. 1º O inciso II do art. 8º da Lei nº 9.250, de 26 de dezembro
de 1995, passa a vigorar acrescido da seguinte alínea:
“Art. 8º........................................................................................
...........................................................................................",1.0
89,1,permitir a dedução de gastos com animais no imposto de renda,PL 2169/2021,"Altera a Lei nº 9.250, de 26 de dezembro de 1995, para dispor sobre a dedução na Declaração do Imposto de Renda das Pessoas Físicas dos gastos veterinários com animais domésticos, realizados pelos proprietários ou adotantes de animais abandonados.","PROJETO DE LEI Nº          , DE 2021
(Do Sr. CAPITÃO ALBERTO NETO)
Altera  a  Lei  nº  9.250,  de  26  de
dezembro  de  1995,  para  dispor  sobre  a
dedução  na  Declaração  do  Imposto  de
Renda  das  Pessoas  Físicas  dos  gastos
veterinários  com  animais  domésticos,
realizados pelos  proprietários  ou adotantes
de animais abandonados.
O Congresso Nacional decreta:
Art. 1º O inciso II do art. 8º da Lei nº 9.250, de 26 de dezembro
de 1995, passa a vigorar acrescido da seguinte alínea:
“Art. 8º........................................................................................
.........",1.0
89,1,permitir a dedução de gastos com animais no imposto de renda,PL 1569/2022,"Altera o art. 8º da Lei nº 9.250, de 26 de dezembro de 1995, para permitir a dedução da base de cálculo do imposto de renda das pessoas físicas dos pagamentos efetuados, no ano-calendário, a médicos-veterinários, clínicas e hospitais veterinários destinados à cobertura das despesas com tratamento de animais domésticos, inclusive as necessárias ao custeio de exames laboratoriais, serviços radiológicos, planos de saúde e funerárias","C Â M A R A   D O S   D E P U T A D O S
PROJETO DE LEI Nº           , DE 2022
(Do Sr. Dep. Vinicius Farah – União Brasil/RJ)
Altera o art. 8º da Lei nº 9.250, de 26
de  dezembro  de  1995,  para  permitir  a
dedução da base de cálculo do imposto de
renda das pessoas físicas dos pagamentos
efetuados,  no  ano-calendário,  a  médicos-
veterinários, clínicas e hospitais veterinários
destinados à cobertura das despesas com
tratamento de animais domésticos, inclusive
as  necessárias  ao  custeio  de  exames
laboratoriais,  serviços  radiológicos,  planos
de saúde e funerárias.
O Congresso Nacional ",1.0
89,1,permitir a dedução de gastos com animais no imposto de renda,PL 1130/2022,"Altera a Lei nº 9.250, de 26 de dezembro de 1995, para permitir a dedução de despesas de internações e cirurgias realizadas em animais domésticos da base de cálculo do imposto de renda da pessoa física.","PROJETO DE LEI Nº          , DE 2022
(Do Sr. LUIZ ANTÔNIO CORRÊA)
Altera  a  Lei  nº  9.250,  de  26  de
dezembro de 1995, para permitir a dedução
de  despesas  de  internações  e  cirurgias
realizadas em animais domésticos da base
de cálculo do imposto de renda da pessoa
física.
O Congresso Nacional decreta:
Art. 1º A Lei nº 9.250, de 26 de dezembro de 1995, passa a
vigorar com a seguinte redação:
“Art. 8º........................................................................
................................................................................... 
II – ...........................",1.0
89,1,permitir a dedução de gastos com animais no imposto de renda,PL 603/2015,"Concede a dedução dos gastos com medicamentos na apuração do Imposto de Renda das pessoas físicas, como determina.","PROJETO DE LEI Nº      , DE 2015  
(Do Sr. MARCELO MATOS) 
Concede a dedução dos gastos com 
medicamentos na apuração do Imposto de 
Renda das pessoas físicas, como 
determina. 
O Congresso Nacional decreta: 
Art. 1º Esta lei permite a inclusão dos gastos com 
medicamentos na composição das despesas médicas na apuração do Imposto 
de Renda das pessoas físicas. 
Art. 2º Alterem-se a alínea “a”, do inciso II, e o inc. V do § 
2º, ambos do art. 8º, da Lei n.º 9.250, de 1995, que passam a viger com as 
seguintes redações: 
“Art.8º ...................................................................",0.0
90,1,"A sentença penal condenatória deve transitar em julgado após a decisão de 2ª instância, com a prisão do condenado.",PL 9169/2017,"Altera o Decreto-lei nº 2.848, de 7 de dezembro de 1940 (Código Penal), que dispõe sobre a prescrição penal.","CÂMARA DOS DEPUTADOS 
 Deputado Federal Antonio Carlos Mendes Thame 
 
 
 
 
PROJETO DE LEI No           , DE 2017 
(Do Sr. Antonio Carlos Mendes Thame) 
 
Altera o Decreto-lei nº 2.848, de 7 de dezembro de 
1940 (Código Penal), que dispõe sobre a prescrição 
penal. 
 
O Congresso Nacional decreta: 
 
Art. 1º. Os arts. 9º; 33, § 4º; 110; 112; 116; 117; do Decreto-lei nº 2.848, de 7 
de dezembro de 1940 (Código Penal), passam a vigorar com a seguinte redação: 
“Art. 9º - A sentença estrangeira, quando a aplicação da lei brasileira produz na 
espécie as mesmas consequências, pode ser homologada ",0.0
90,1,"A sentença penal condenatória deve transitar em julgado após a decisão de 2ª instância, com a prisão do condenado.",PL 6067/2019,Altera o artigo 283 do Código de Processo Penal.,"Projeto de Lei nº            de 2019 
(do Sr. Pompeo de Mattos) 
 
 
 
 
Altera o artigo 283 do Código de Processo 
Penal. 
O Congresso Nacional decreta: 
Art. 1º O artigo 283 do Decreto-Lei nº 3.689, de 3 de outubro de 
1941, passa a vigorar com a seguinte redação: 
“Art. 283 Ninguém poderá ser preso senão em flagrante delito ou por 
ordem escrita e fundamentada da autoridade judiciária competente, em 
decorrência de sentença condenatória transitada em julgado ou, no curso 
da investigação ou do processo, em virtude de prisão temporária ou prisão 
preventiva, ou para fins do cumprimento provi",1.0
90,1,"A sentença penal condenatória deve transitar em julgado após a decisão de 2ª instância, com a prisão do condenado.",PL 204/2020,"Acrescenta parágrafo ao artigo 6º do Decreto-lei nº 4.657, de 4 de setembro de 1942 - Lei de Introdução às Normas do Direito Brasileiro, e modifica a redação do caput do artigo 283 do Decreto-Lei nº 3.689, de 3 de outubro de 1941 - Código de Processo Penal, para prever a possibilidade de execução da pena após a condenação confirmada ou proferida por órgão colegiado.","PROJETO DE LEI Nº          , DE 2020 
(Do Sr. BIBO NUNES) 
Acrescenta parágrafo ao artigo 6º do 
Decreto-lei nº 4.657, de 4 de setembro de 
1942 – Lei de Introdução às Normas do 
Direito Brasileiro, e modifica a redação do 
caput do artigo 283 do Decreto-Lei nº 3.689, 
de 3 de outubro de 1941 – Código de 
Processo Penal, para prever a possibilidade 
de execução da pena após a condenação 
confirmada ou proferida por órgão colegiado. 
O Congresso Nacional decreta: 
Art. 1º Esta Lei acrescenta parágrafo ao artigo 6º do Decreto-lei 
nº 4.657, de 4 de setembro de 1942 – Lei de Introdução às Normas ",1.0
90,1,"A sentença penal condenatória deve transitar em julgado após a decisão de 2ª instância, com a prisão do condenado.",PL 5972/2019,"Altera o Decreto-lei nº 3.689, de 3 de outubro de 1941 (Código de Processo Penal), para autorizar a prisão após sentença penal condenatória em segundo grau de jurisdição.","PROJETO DE LEI  Nº          , DE 2019 
(Do Sr. DR. JAZIEL) 
Altera o Decreto-lei nº 3.689, de 3 de 
outubro de 1941 (Código de Processo Penal), 
para autorizar a prisão após sentença penal 
condenatória em segundo grau de jurisdição. 
O Congresso Nacional decreta:  
Art. 1º O art. 283 do Decreto-lei nº 3.689, de 3 de outubro de 
1941 (Código de Processo Penal), passa a vigorar com a seguinte redação: 
“Art. 283. Ninguém poderá ser preso senão em flagrante 
delito ou por ordem escrita e fundamentada da autoridade 
judiciária competente, em decorrência de sentença 
condenatória ou, no curso da i",1.0
90,1,"A sentença penal condenatória deve transitar em julgado após a decisão de 2ª instância, com a prisão do condenado.",PL 5936/2019,"Altera o artigo 283 do Decreto Lei nº 3.689/1941, o Código de Processo Penal, para permitir a prisão após a segunda instância no caso de decisão condenatória proferida por órgão colegiado","Câmara dos Deputados 
PROJETO DE LEI nº              de 2019 
(Do Sr. Eli Borges) 
 
 
Altera o artigo 283 do Decreto Lei nº 
3.689/1941, o Código de Processo 
Penal, para permitir a prisão após a 
segunda instância no caso de decisão 
condenatória proferida por órgão 
colegiado. 
 
 
O Congresso Nacional decreta: 
Art. 1º O artigo 283 do Decreto Lei nº 3.689/1941, o Código de 
Processo Penal, passa a vigorar com a redação: 
“Art. 283 Ninguém poderá ser preso senão em flagrante delito ou 
por ordem escrita e fundamentada da autoridade judiciária 
competente, em decorrência de sentença condenat",1.0
90,1,"A sentença penal condenatória deve transitar em julgado após a decisão de 2ª instância, com a prisão do condenado.",PL 5973/2019,Dispõe sobre prisão decorrente de sentença penal condenatória em segundo grau de jurisdição.,"CÂMARA DOS DEPUTADOS 
 
PROJETO DE LEI N.º               DE 2019 
 (Do Senhor Pastor Eurico)  
Dispõe sobre prisão decorrente de 
sentença penal condenatória em 
segundo grau de jurisdição. 
O Congresso Nacional decreta: 
Art. 1º O art. 283 do Decreto-lei nº 3.689, de 3 de outubro de 1941 - 
Código de Processo Penal, passa a vigorar com a seguinte redação: 
“Art. 283. Ninguém poderá ser preso senão em flagrante delito ou 
por ordem escrita e fundamentada da autoridade judiciária 
competente, em decorrência de condenação criminal transitada 
em julgado ou exarada por órgão colegiado, na forma d",1.0
90,1,"A sentença penal condenatória deve transitar em julgado após a decisão de 2ª instância, com a prisão do condenado.",PEC 410/2018,Altera o inciso LVII do art. 5º da Constituição Federal para prever que ninguém será considerado culpado até a confirmação de sentença penal condenatória em grau de recurso.,"CÂMARA DOS DEPUTADOS 
 
PROPOSTA DE EMENDA À CONSTITUIÇÃO N.º           , DE 2018 
(Do Sr. Alex Manente e outros) 
 
 
 
 
As Mesas da Câmara dos Deputados e do Senado Federal, nos termos do § 3º 
do art. 60 da Constituição Federal, promulgam a seguinte Emenda ao texto constitucional: 
 
 
 
 
Altera o inciso LVII do art. 5º da 
Constituição Federal para prever que 
ninguém será considerado culpado até a 
confirmação de sentença penal 
condenatória em grau de recurso. 
 
 
 
 
 
Art. 1º O inciso LVII do art. 5º da Constituição Federal passa a vigorar com 
a seguinte redação: 
 
“Art. 5º. .....",1.0
90,1,"A sentença penal condenatória deve transitar em julgado após a decisão de 2ª instância, com a prisão do condenado.",PL 4658/2009,"Altera a Lei nº 7.210, de 1984, Lei de Execução Penal, para permitir a execução da decisão condenatória de segundo grau de jurisdição que aplicar pena privativa de liberdade da qual não caiba recurso com efeito suspensivo.","PROJETO DE LEI Nº              , de 2009.
(Do Sr. Dr. Marcelo Itagiba)
Altera a Lei nº 7.210, de 1984, Lei de
Execução Penal, para permitir a execução
da decisão condenatória de segundo grau de
jurisdição que aplicar pena privativa de
liberdade da qual não caiba recurso com
efeito suspensivo.
O Congresso Nacional decreta:
Art. 1º Esta Lei tem por finalidade alterar a Lei nº 7.210, de 1984, Lei de
Execução Penal, para permitir a execução da decisão condenatória de segundo grau de
jurisdição que aplicar pena privativa de liberdade da qual não caiba recurso com efeito
suspensivo.
Art. 2º A Lei nº",1.0
90,1,"A sentença penal condenatória deve transitar em julgado após a decisão de 2ª instância, com a prisão do condenado.",PL 6061/2019,"Inclui artigo 6º-A ao Decreto-Lei n. 4.657, de 4 de setembro de 1942 para definir o conceito de trânsito em julgado para fins de execução da pena.","CÂMARA DOS DEPUTADOS 
Gabinete do Deputado SUBTENENTE GONZAGA – PDT/MG  
 
 
1 
 
PROJETO DE LEI Nº      , DE 2019 
(Do Sr. Subtenente Gonzaga) 
Inclui artigo 6º-A ao Decreto-Lei n. 4.657, 
de 4 de setembro de 1942 para definir o 
conceito de trânsito em julgado para fins de 
execução da pena. 
O Congresso Nacional decreta: 
Art. 1º. O Decreto-Lei n. 4.657, de 4 de setembro de 1942, passa a 
vigorar acrescido do seguinte artigo 6º-A: 
 
Art. 6º-A. Para fins de execução da pena, transita em julgado a 
decisão judicial de mérito proferida em segundo grau de 
jurisdição. (NR) 
Art. 2º Esta lei en",0.5
90,1,"A sentença penal condenatória deve transitar em julgado após a decisão de 2ª instância, com a prisão do condenado.",PL 4577/2016,"Altera o art. 27, § 2º da Lei 8.038, de 28 de maio de 1990, que institui normas procedimentais para os processos que especifica, perante o Superior Tribunal de Justiça e o Supremo Tribunal Federal e o art. 637 do Decreto-Lei nº 3.689, de 3 de outubro de 1941 - Código de Processo Penal.","PROJETO DE LEI 
Altera o art. 27, § 2º da Lei 8.038, de 28 de maio de 
1990, que institui normas procedimentais para os 
processos que especifica, perante o Superior Tribunal 
de Justiça e o Supremo Tribunal Federal e o art. 637 
do Decreto-Lei nº 3.689, de 3 de outubro de 1941 – 
Código de Processo Penal.   
O Congresso Nacional decreta: 
Art. 1º. O artigo 27, § 2º da Lei 8.038, de 28 de maio de 1990, passa 
a vigorar com a seguinte redação: 
Art. 27............................................................................................... 
................................................",0.5
91,1,Instituir o trabalho obrigatório e forçado do preso.,PL 9646/2018,"Altera a Lei nº 7.210, de 11 de julho de 1984, que ""Institui a Lei de Execução Penal"", para prever nova regulamentação do trabalho obrigatório prestado pelo preso, bem como destinar 25% do salário do apenado para fins de ressarcimento do Estado pelas despesas realizadas com sua manutenção e dá outras providências.","PROJETO DE LEI Nº             , DE 2018. 
(Do Sr. Fábio Trad) 
  
Altera a Lei nº 7.210, de 11 de julho de 1984, que 
“Institui a Lei de Execução Penal”, para prever nova 
regulamentação do trabalho obrigatório prestado 
pelo preso, bem como destinar 25% do salário do 
apenado para fins de ressarcimento do Estado pelas 
despesas realizadas com sua manutenção e dá 
outras providências. 
 
O CONGRESSO NACIONAL decreta: 
Art. 1º Esta Lei tem o objetivo de alterar a Lei nº 7.210, de 11 de julho de 1984, 
que “institui a Lei de Execução Penal”, para prever nova regulamentação do trabalho 
obrigatór",1.0
91,1,Instituir o trabalho obrigatório e forçado do preso.,PEC 311/2017,"Altera  o Art 5º, alínea C, Inciso XLVII da Constitutição Federal, suprimindo a expressão ""trabalhos forçados"" e dá outras providências.","Câmara dos Deputados 
1 
 
 
 
 
PROPOSTA DE EMENDA À CONSTITUIÇÃO Nº         DE 2017. 
(Do Sr. Aelton Freitas e outros) 
 
 
 
Altera  o Art 5º, alínea C, Inciso XLVII da 
Constitutição Federal, suprimindo a 
expressão “trabalhos forçados” e dá outras 
providências. 
 
 
 
As Mesas da Câmara dos Deputados e do Senado Federal, nos termos  do  §  3º  
do  art.  60  da  Constituição  Federal,  promulgam  a seguinte emenda ao texto 
constitucional: 
 
Art. 1º O art. 5º da Constituição Federal passa a vigorar com a supressão da 
expressão trabalhos forçados disposto na alínea ""C"" inciso XLVII, que",0.5
91,1,Instituir o trabalho obrigatório e forçado do preso.,PEC 374/2017,Acrescenta o art. 144-A na Constituição Federal para estabelecer a obrigatoriedade de trabalho nos estabelecimentos penais.,"CÂMARA DOS DEPUTADOS 
PROPOSTA DE EMENDA À CONSTITUIÇÃO Nº          , DE 2017 
(Do Sr. JULIO LOPES e outros) 
Acrescenta o art. 144-A na Constituição 
Federal para estabelecer a obrigatoriedade de 
trabalho nos estabelecimentos penais. 
As Mesas da Câmara dos Deputados e do Senado Federal, nos 
termos do art. 60 da Constituição Federal, promulgam a seguinte emenda ao texto 
constitucional: 
Art. 1º A Constituição Federal de 1988 passa a vigorar acrescida do 
art. 144-A, com a seguinte redação: 
  “Art. 144-A O preso, de acordo com suas capacidades e 
aptidões, deverá trabalhar no interior dos ",1.0
91,1,Instituir o trabalho obrigatório e forçado do preso.,PDC 816/2017,"Susta a Portaria nº 1.129, de 13 de outubro de 2017, do Ministério do Trabalho, que dispõe sobre os conceitos de trabalho forçado, jornada exaustiva e condições análogas à de escravo.","1 
 
PROJETO DE DECRETO LEGISLATIVO Nº , DE 2017 
(Do Sr. Valadares Filho) 
 
Susta a Portaria nº 1.129, de 13 de outubro 
de 2017, do Ministério do Trabalho, que 
dispõe sobre os conceitos de trabalho 
forçado, jornada exaustiva e condições 
análogas à de escravo. 
 
 
O CONGRESSO NACIONAL resolve: 
 
 
Art. 1º Fica sustada, nos termos do art. 49, V e X, da 
Constituição Federal a aplicação, a Portaria nº 1.129, de 13 de outubro de 
2017, do Ministério do Trabalho, que dispõe sobre os conceitos de 
trabalho forçado, jornada exaustiva e condições análogas à de escravo 
para fins de concessão d",0.5
91,1,Instituir o trabalho obrigatório e forçado do preso.,PL 4530/2016,"Altera a Lei nº 7.210, de 11 de julho de 1984, Lei de Execuções Penais, estabelecendo a obrigatoriedade do trabalho ao preso condenado, bem como especifica as condições para sua execução.","1 
 
                                      
PROJETO DE LEI Nº           , DE 2016 
(DO SR. WILLIAM WOO ) 
 
 
Altera a Lei nº 7.210, de 11 de julho de 1984, Lei de 
Execuções Penais, estabelecendo a obrigatoriedade 
do trabalho ao preso condenado, bem como 
especifica as condições para sua execução. 
 
  
O Congresso Nacional decreta:  
Art. 1º Esta Lei altera a Lei nº 7.210, de 11 de julho de 1984, Lei de 
execuções penais, estabelecendo a obrigatoriedade do trabalho ao preso 
condenado, bem como especifica as condições para a sua execução. 
Art. 2º O caput e o § 1º, do art. 28, da Lei nº 7.2",1.0
91,1,Instituir o trabalho obrigatório e forçado do preso.,PL 5072/2016,Dispõe sobre a vedação a empresas brasileiras ou estrangeiras que atuem no país da importação de amêndoas de cacau e produtos derivados provenientes de países e territórios aduaneiros cujos setores produtivos utilizem trabalho assemelhado ao escravo.,"PROJETO DE LEI N.º                , DE 2016 
(Do Sr. Félix Mendonça Júnior) 
 
 
Dispõe sobre a vedação a empresas 
brasileiras ou estrangeiras que atuem no 
país da importação de amêndoas de cacau e 
produtos derivados provenientes de países e 
territórios aduaneiros cujos setores 
produtivos utilizem trabalho assemelhado ao 
escravo. 
 
 
O Congresso Nacional decreta: 
Art. 1º Fica vedada às empresas brasileiras ou estrangeiras 
que atuem no país a importação de amêndoas de cacau e produtos derivados 
provenientes de países e territórios aduaneiros cujos setores produtivos 
utilizem trabalho",0.0
91,1,Instituir o trabalho obrigatório e forçado do preso.,PL 2210/2020,"Altera o art. 29 da Lei nº 7.210, de 11 de julho de 1984 (Lei de Execução Penal), a fim de fixar uma proporção na destinação da remuneração do trabalho realizado pelo preso.","CÂMARA DOS DEPUTADOS
 Deputada JAQUELINE CASSOL
PROJETO DE LEI Nº          , DE 2019
(Da Sra. JAQUELINE CASSOL)
Altera o art.  29 da Lei  nº 7.210,  de 11 de julho de 1984 (Lei  de
Execução Penal),  a  fim de  fixar  uma proporção na  destinação da
remuneração do trabalho realizado pelo preso. 
O Congresso Nacional decreta:
Art. 1º Esta Lei altera o art. 29 da Lei nº 7.210, de 11 de julho de 1984 – Lei de
Execução Penal, a fim de fixar uma proporção no rateio da remuneração do trabalho realizado pelo
preso. 
Art.  2º O art.  29 da Lei nº 7.210, de 11 de julho de 1984 (Lei de Execução
Penal), p",0.5
91,1,Instituir o trabalho obrigatório e forçado do preso.,PL 1165/2015,Dispõe sobre a indenização das despesas realizadas com a manutenção devida ao Estado pelo condenado à pena privativa de liberdade independentemente do valor da remuneração do trabalho por ele recebida durante a execução da pena.,"PROJETO DE LEI Nº      , DE 2015 
(Do Sr. Nelson Marchezan Junior) 
 
 
Dispõe sobre a indenização das despesas 
realizadas com a manutenção devida ao 
Estado pelo condenado à pena privativa 
de liberdade independentemente do valor 
da remuneração do trabalho por ele 
recebida durante a execução da pena. 
 
 
O Congresso Nacional decreta: 
 
Art. 1º Esta lei dispõe sobre a indenização das despesas 
realizadas com a manutenção do condenado à pena privativa de liberdade 
independentemente do valor da remuneração do trabalho por ele recebido 
durante a execução da pena.  
Art. 2º A Lei nº 7.210, ",0.0
91,1,Instituir o trabalho obrigatório e forçado do preso.,PL 66/2015,"Dá direito à remição a presos provisórios, e dá outras providências.","PROJETO DE LEI Nº           , de 2015 
(Do Sr. Pompeo de Mattos) 
 
 
Dá direito à remição a presos provisórios, 
e dá outras providências. 
 
 
O Congresso Nacional decreta: 
 
Art. 1º Altera parágrafo único ao artigo 31 da Lei nº 7.210 de 
11/07/1984 (LEP), que passa a ter a seguinte redação: 
 
“Art. 31 ........................................................................................... 
 
Parágrafo único. Para o preso provisório, o trabalho não é 
obrigatório e só poderá ser executado no interior do 
estabelecimento, fazendo o mesmo jus a remição de eventual 
pena. 
 
Art. 2º Esta l",0.5
91,1,Instituir o trabalho obrigatório e forçado do preso.,PL 7014/2017,"Instituir Cadastro de Empregadores que tenham submetido trabalhadores a condições análogas à de escravo, denominado CEmEsc.","CÂMARA DOS DEPUTADOS 
PROJETO DE LEI N°         , DE 2017 
(Do Sr. Aureo) 
Instituir Cadastro de 
Empregadores que tenham submetido 
trabalhadores a condições análogas à de 
escravo, denominado CEmEsc. 
O Congresso Nacional decreta: 
Art. 1º Esta Lei institui, no âmbito da Administração Pública Federal, 
Cadastro Nacional de Empregadores que tenham submetido trabalhadores a 
condições análogas à de escravo, denominado CEmEsc. 
Parágrafo único. O cadastro deverá ser divulgado em sítio eletrônico 
disponível na internet de amplo acesso, contendo, entre outros, os nomes das 
pessoas físicas ou ju",0.0
92,1,Estudo sobre racismo institucional e estrutural. ,PL 5875/2019,"Altera a Lei nº 12.288, de 20 de julho de 2010 (Estatuto da Igualdade Racial) para dispor sobre o conceito de racismo estrutural e sobre o combate desta modalidade de discriminação racial nas organizações públicas e privadas.","PROJETO DE LEI Nº          , DE 2019  
(Sra. CARMEN ZANOTTO)  
Altera a Lei nº 12.288, de 20 de julho 
de 2010 (Estatuto da Igualdade Racial) para 
dispor sobre o conceito de racismo 
estrutural e sobre o combate desta 
modalidade de discriminação racial nas 
organizações públicas e privadas.    
O Congresso Nacional decreta:  
Art. 1º Esta Lei altera a Lei nº 12.288, de 20 de julho de 2010 
(Estatuto da Igualdade Racial) para dispor sobre o conceito de racismo 
estrutural e sobre o combate desta modalidade de discriminação racial nas 
organizações públicas e privadas.   
Art. 2º A Lei nº 12.2",1.0
92,1,Estudo sobre racismo institucional e estrutural. ,PRC 78/2021,Cria no âmbito da Câmara dos Deputados o Observatório de Políticas Públicas de Combate ao Racismo.,"PROJETO DE RESOLUÇÃO Nº         , DE 2021 
(Do Sr. ORLANDO SILVA) 
 
Cria no âmbito da Câmara dos Deputados 
o Observatório de Políticas Públicas de 
Combate ao Racismo. 
 
A CÂMARA DOS DEPUTADOS resolve: 
 
Art. 1º Fica criado o Observatório de Políticas Públicas de Combate ao 
Racismo no âmbito da Câmara dos Deputados. 
Art. 2º O Observatório de Políticas Públicas de Combate ao Racismo, é órgão 
de caráter técnico-político e institucional, e atuará em benefício da população negra e 
indígena brasileira, tem por finalidade: 
I - tornar a Câmara dos Deputados um centro de debate das questões 
",1.0
92,1,Estudo sobre racismo institucional e estrutural. ,PL 5885/2019,"Dispõe sobre o enfrentamento ao racismo institucional e altera as Leis nº 8.112, de 11 de dezembro de 1990; 13.460, de 26 de junho de 2017; 13.675, de 11 de junho de 2018; e nº 7.102, de 20 de junho de 1983.","PROJETO DE LEI Nº       , DE 2019 
(Dos Srs. Áurea Carolina - PSOL, Benedita da Silva - PT, Bira do Pindaré - PSDB, 
David Miranda - PSOL, Dr. Damião - PDT, Orlando Silva - PCdoB, Talíria Petrone - 
PSOL)  
 
 
Dispõe sobre o enfrentamento ao racismo 
institucional e altera as Leis nº 8.112, de 11 de 
dezembro de 1990; 13.460, de 26 de junho de 
2017; 13.675, de 11 de junho de 2018; e nº 7.102, 
de 20 de junho de 1983. 
O Congresso Nacional decreta: 
Art. 1º Esta Lei dispõe sobre o enfrentamento ao racismo institucional e altera as Leis 
nº 8.112, de 11 de dezembro de 1990; 13.460, de 26 de ju",1.0
92,1,Estudo sobre racismo institucional e estrutural. ,PL 3873/2019,"Cria mecanismos para a redução da violência letal contra crianças, adolescentes e jovens.","PROJETO DE LEI Nº         /2019 
(Da Sra. Talíria Petrone) 
 
O Congresso Nacional decreta: 
 
Cria mecanismos para a   Cria mecanismos para a redução da violência letal contra crianças, adolescentes 
e jovens. 
 
Diretrizes Gerais 
Art. 1º Esta Lei cria mecanismos para coibir e prevenir a violência letal praticada contra 
crianças, adolescentes e jovens. 
§ 1º Consideram-se, para efeito desta lei, crianças as pessoas, nascidas, entre 0 e 12 
anos incompletos, adolescentes as pessoas entre 12 e 18 anos incompletos e jovens as 
pessoas entre 18 e 29 anos incompletos. 
§ 2º Permanecem aplicáveis",0.0
92,1,Estudo sobre racismo institucional e estrutural. ,PL 6066/2019,"Modifica a Lei 13.460, de 26 de junho de 2017, para estabelecer o direito dos usuários de serviços públicos à informação no que diz respeito aos serviços públicos de denúncia de racismo, injúria racial e outras violações de direitos humanos.","PROJETO DE LEI Nº          , DE 2019 
(Do Sr. DAVID MIRANDA) 
Modifica a Lei 13.460, de 26 de junho 
de 2017, para estabelecer o direito dos 
usuários de serviços públicos à informação 
no que diz respeito aos serviços públicos de 
denúncia de racismo, injúria racial, 
intolerância religiosa e outras violações de 
direitos humanos.  
O Congresso Nacional decreta: 
Art. 1º Esta Lei modifica a Lei 13.460, de 26 de junho de 2017, 
para estabelecer o direito dos usuários de serviços públicos à informação no 
que diz respeito aos serviços públicos de denúncia de racismo, injúria racial, 
intolerânc",1.0
92,1,Estudo sobre racismo institucional e estrutural. ,PL 1406/2021,"Acrescenta § 3º ao art. 26-A da Lei nº 9.394 de 20 de dezembro de 1996, a Lei de Diretrizes e Bases da Educação Nacional.","PROJETO DE LEI Nº          , DE 2021
(Do Sr. ALEX SANTANA)
Acrescenta  §  3º ao art. 26-A da Lei nº
9.394 de 20 de dezembro de 1996, a Lei de
Diretrizes e Bases da Educação Nacional.
O Congresso Nacional decreta:
Art. 1º O art. 26-A da Lei nº 9.394 de 20 de dezembro de 1996,
a  Lei  de  Diretrizes  e  Bases da Educação Nacional  passa a  vigorar  com a
seguinte redação:
“Art. 26-A  Nos estabelecimentos de ensino fundamental e de
ensino  médio,  públicos  e  privados,  torna-se  obrigatório  o
estudo da história e cultura afro-brasileira e indígena. (Redação
dada pela Lei nº 11.645, de 2008).
.",0.0
92,1,Estudo sobre racismo institucional e estrutural. ,PL 2819/2020,"Dispõe sobre medidas de garantia da equidade na atenção integral à saúde da população negra em casos de epidemias ou pandemias, surtos provocados por doenças contagiosas ou durante a decretação de Estado de Calamidade Pública.","PROJETO DE LEI N º                       , DE 2020 
(da Sra. Talíria Petrone e Outros) 
Dispõe sobre medidas de garantia da equidade na 
atenção integral à saúde da população negra em casos de 
epidemias ou pandemias, surtos provocados por doenças 
contagiosas ou durante a decretação de Estado de 
Calamidade Pública. 
 
O Congresso Nacional decreta: 
Artigo 1º - Cabe a União, aos estados e Município implementar medidas de garantia da equidade 
na atenção integral à saúde da população negra, nos casos de epidemias ou pandemias, de 
surtos provocados por doenças contagiosas, ou durante a decreta",1.0
92,1,Estudo sobre racismo institucional e estrutural. ,PRC 3/2022,"Altera o art. 32 do Regimento Interno da Câmara dos Deputados, para criar a Comissão de Combate ao Racismo, dispor sobre sua composição, organização e competências.","CONGRESSO NACIONAL
PROJETO DE RESOLUÇÃO Nº ______, de 2022 
(Do Sr. Bira do Pindaré)
Altera  o  art.  32  do
Regimento  Interno  da
Câmara dos Deputados, para
criar a Comissão de Combate
ao Racismo, dispor sobre sua
composição,  organização  e
competências.
O Congresso Nacional resolve:
CAPÍTULO I
DAS DISPOSIÇÕES GERAIS
Art.  1º  Esta  Resolução  modifica  o  art.  32  do
Regimento Interno da Câmara dos Deputados, aprovado pela
Resolução nº 17, de 1989, para criar a Comissão de Combate ao
Racismo,  dispor  sobre  sua  composição,  organização  e
competências.
Art. 2º O art. 32 do Regimento Int",0.5
92,1,Estudo sobre racismo institucional e estrutural. ,PL 548/2021,"Acrescenta § 3º ao art. 26-A da Lei nº 9.394 de 20 de dezembro de 1996, a Lei de Diretrizes e Bases da Educação Nacional.","PROJETO DE LEI Nº          , DE 2021
(Do Sr. ALEX SANTANA)
Acrescenta  §  3º ao art. 26-A da Lei nº
9.394 de 20 de dezembro de 1996, a Lei de
Diretrizes e Bases da Educação Nacional.
O Congresso Nacional decreta:
Art. 1º O art. 26-A da Lei nº 9.394 de 20 de dezembro de 1996,
a  Lei  de  Diretrizes  e  Bases da Educação Nacional  passa a  vigorar  com a
seguinte redação:
“Art. 26-A  Nos estabelecimentos de ensino fundamental e de
ensino  médio,  públicos  e  privados,  torna-se  obrigatório  o
estudo da história e cultura afro-brasileira e indígena. (Redação
dada pela Lei nº 11.645, de 2008).
.",0.0
92,1,Estudo sobre racismo institucional e estrutural. ,PL 4694/2020,"Altera a Lei nº 9.504, de 30 de setembro de 2017, para dispor sobre a aplicação de recursos na promoção da candidatura de afrodescendentes.","PROJETO DE LEI Nº          , DE 2020
(Da Sra. TEREZA NELMA)
Altera  a  Lei  nº  9.504,  de  30  de
setembro  de  2017,  para  dispor  sobre  a
aplicação  de  recursos  na  promoção  da
candidatura de afrodescendentes.
O Congresso Nacional decreta:
Art.  1º.  Esta Lei altera a redação da Lei nº 9.504, de 30 de
setembro  de 2017,  para  dispor  sobre  a  aplicação de  recursos oriundos do
Fundo Especial de Financiamento de Campanha na promoção da candidatura
de afrodescendentes.
Art. 2º. O art. 16-C da Lei nº 9.504, de 30 de setembro de 2017,
passa a vigorar acrescido de um parágrafo com a segui",0.5
93,1,Incluir motivação política no crime de terrorismo.,PL 5065/2016,"Altera o artigo 2º da Lei 13.260/2016, dando nova redação ao seu caput e ao seu § 1º, inciso V,  acrescendo os incisos VI, VII e VIII ao seu § 1º, e revogando o seu § 2º.","PROJETO DE LEI Nº  ______/2016 
(do Sr. Delegado Edson Moreira) 
 
 
Altera o artigo 2º da Lei 12.360/2016, dando 
nova redação ao seu caput e ao seu § 1º, 
inciso V,  acrescendo os incisos VI, VII e VIII ao 
seu § 1º, e revogando o seu § 2º.  
 
 
O PRESIDENTE DA REPÚBLICA Faço saber que o Congresso Nacional 
decreta e eu sanciono a seguinte Lei: 
 
Art. 1º O artigo 2º, caput, da Lei 12.360, de 16 de março de 2016, passa a 
vigorar com a seguinte redação: 
 
Art. 2º O terrorismo consiste na prática por um ou mais 
indivíduos dos atos previstos neste artigo, por razões de 
xenofobia, discrimin",0.5
93,1,Incluir motivação política no crime de terrorismo.,PL 5773/2013,"Altera o Decreto-Lei nº 2.848, de 7 de dezembro de 1940, acrescentando o art. 288 - B, tipificando o crime de terrorismo, e dá outras disposições.","*
1
6
C
8
6
9
F
6
4
0
*
 
  
  
 1
6
C
8
6
9
F
6
4
0
 
  CÂMARA DOS DEPUTADOS 
 
PROJETO DE LEI N° ______ DE 2013, 
(Do Deputado Federal Onyx Lorenzoni – DEM/RS). 
 
 
Altera o Decreto-Lei n° 2.848, de 7 de 
Dezembro de 1940, acrescentando o artigo 
288 - B, tipificando o crime de terrorismo, e 
dá outras disposições. 
 
  Artigo 1° - Acrescente-se ao Decreto-Lei n° 2.848, de 7 de 
Dezembro de 1940, em seu Título IX - Dos crimes contra a Paz Pública, 
o artigo 288 - B, §§ 1° a 4°: 
 
TÍTULO IX 
Dos Crimes contra a Paz Pública 
... 
Terrorismo 
Art. 288 - B. Saquear, incendiar, depredar bens 
p",0.5
93,1,Incluir motivação política no crime de terrorismo.,PL 4221/2020,"Enquadra como ato de terrorismo a emboscada de agentes públicos com uso de explosivos, granadas ou armas cuja energia seja superior a 1000 Joules.","PROJETO DE LEI Nº          , DE 2020 
(Do Sr. LOESTER TRUTIS) 
Enquadra como ato de terrorismo a 
emboscada de agentes públicos com uso de 
explosivos, granadas ou armas cuja energia seja 
superior a 1000 Joules. 
O Congresso Nacional decreta: 
Art. 1º Altera a Lei Antiterrorismo para enquadrar como ato de 
terrorismo a emboscada de agentes públicos com uso de explosivos, granadas ou armas 
cuja energia seja superior a 1000 Joules. 
Art. 2º O art. 2o da Lei no 13.260, de 16 de março de 2016 – Lei 
Antiterrorismo passa a vigorar acrescida do seguinte §3o: 
“Art. 2º..............................",0.0
93,1,Incluir motivação política no crime de terrorismo.,PL 1378/2015,"Insere dispositivos no Código Penal e no Código Penal Militar, para tipificar o crime de terrorismo.","PROJETO DE LEI No , DE 2015 
(Do Sr. Arthur Virgílio Bisneto) 
Insere dispositivos no Código Penal e 
no Código Penal Militar, para tipificar o 
crime de terrorismo. 
O Congresso Nacional decreta: 
Art. 1º O Título VIII do Decreto-Lei no 2.848, de 7 de 
dezembro de 1940 - Código Penal, passa a vigorar acrescido de um Capítulo 
IV, com a seguinte redação: 
 
“TÍTULO VIII 
DOS CRIMES CONTRA A INCOLUMIDADE 
PÚBLICA  
..................................................................................... 
CAPÍTULO IV 
FORMA QUALIFICADA DOS CRIMES CONTRA A 
INCOLUMIDADE PÚBLICA OU TERRORISMO 
Terrori",0.5
93,1,Incluir motivação política no crime de terrorismo.,PL 492/2019,"Altera a redação do art. 2º da Lei 13.260, de 16 de março de 2016, que para a atualização do crime de terrorismo.","PROJETO DE LEI Nº      , DE 2019 
(Do Sr. Heitor Freire) 
 
 
 
Altera a redação do art. 2º da Lei 13.260, 
de 16 de março de 2016, que para a 
atualização do crime de terrorismo. 
 
 
 
 
O Congresso Nacional decreta: 
 
Art. 1º. O caput do art. 2º da Lei nº 13.260, de 16 de março de 2016, 
passa a vigorar com a seguinte redação: 
 
“Art. 2º. O terrorismo consiste na prática por um ou mais indivíduos 
dos atos previstos neste artigo, por razões de xenofobia, 
discriminação ou preconceito de raça, cor, etnia e religião e aqueles 
praticados por integrantes de organização e/ou facção criminosa,",0.5
93,1,Incluir motivação política no crime de terrorismo.,PL 1594/2015,"Tipifica o crime de terrorismo, alterando o Decreto-Lei nº 2.848, de 7 de dezembro de 1940, Código Penal.","PROJETO DE LEI Nº            , DE 2015 
(Do Sr. Lincoln Portela) 
 
 
 
Tipifica o crime de terrorismo, alterando o 
Decreto-Lei nº 2.848, de 7 de dezembro de 
1940, Código Penal. 
 
 
 
 
O Congresso Nacional decreta: 
 
Art. 1º Esta lei tipifica o crime de terrorismo, alterando o 
Decreto-Lei nº 2.848, de 7 de dezembro de 1940, Código Penal. 
 
Art. 2º A Parte Especial do Decreto-Lei nº 2.848, de 7 de 
dezembro de 1940, Código Penal, passa a vigorar acrescida do seguinte Título 
VIII-A: 
“TÍTULO VIII-A DO TERRORISMO 
Terrorismo 
Art. 285-A. Causar terror na população, 
incendiando, depredand",0.5
93,1,Incluir motivação política no crime de terrorismo.,PL 3335/2021,"Altera o Decreto-Lei nº 2.848, de 07 de dezembro de 1940, que institui o Código Penal, para tipificar o crime de apoderamento ilícito de meios de transporte e de suas instalações.","PROJETO DE LEI N. , de 2021
Altera  o  Decreto-Lei  nº  2.848,  de  07  de
dezembro  de  1940,  que  institui  o  Código
Penal, para tipificar o crime de apoderamento
ilícito  de  meios  de  transporte  e  de  suas
instalações.
O Congresso Nacional decreta:
Art. 1º O Decreto-Lei n. 2.848, de 07 de dezembro de 1940, passa a vigorar
com a seguinte redação:
Apoderamento ilícito de meios de transporte e de suas instalações de
apoio
Art.  261-A Apoderar-se do controle  total  ou parcial,  ainda que de modo
temporário,  de  meio  de  transporte  aéreo,  espacial,  marítimo,  fluvial  e
ferroviário, ",0.0
93,1,Incluir motivação política no crime de terrorismo.,PL 3319/2020,"Revoga o § 2º do art. 2º e altera a redação do caput do art. 2º da Lei nº 13.260, de 16 de março de 2016, que regulamenta o disposto no inciso XLIII do art. 5º da Constituição Federal, disciplinando o terrorismo, tratando de disposições investigatórias e processuais e reformulando o conceito de organização terrorista; e altera as Leis nº 7.960, de 21 de dezembro de 1989, e 12.850, de 2 de agosto de 2013, para inserir o caráter político entre as razões motivadoras do terrorismo.","PROJETO DE LEI Nº          , DE 2020
(Do Sr VITOR HUGO)
Revoga o § 2º do art. 2º  e altera a redação
do  caput do art. 2º da Lei nº 13.260, de 16
de  março  de  2016,  que  regulamenta  o
disposto  no  inciso  XLIII  do  art.  5º  da
Constituição  Federal,  disciplinando  o
terrorismo,  tratando  de  disposições
investigatórias e processuais e reformulando
o conceito de organização terrorista; e altera
as  Leis  nº 7.960,  de  21  de  dezembro  de
1989,  e  12.850,  de  2  de  agosto  de  2013,
para inserir o caráter político entre as razões
motivadoras do terrorismo.
O Congresso Nacional decr",1.0
93,1,Incluir motivação política no crime de terrorismo.,PL 3714/2012,Tipifica o crime de terrorismo.,"PROJETO DE LEI No       , DE 2012 
 
Tipifica o crime de terrorismo.  
O Congresso Nacional decreta: 
Art. 1º Esta lei tipifica o crime de terrorismo e dá outras 
providências. 
Art. 2º Para fins desta lei, considera-se terrorismo 
qualquer ato praticado com uso de violência ou ameaça por pessoa ou grupo 
de pessoas com intuito de causar pânico, através de ações que envolvam 
explosivos ou armas de fogo, com vistas a desestabilizar instituições estatais. 
Ar. 3º A organização, o planejamento e o combate ao 
terrorismo têm a orientação e a execução descentralizada, na esfera federal, a 
cargo d",0.5
93,1,Incluir motivação política no crime de terrorismo.,PL 9331/2017,"Institui ""Lista Negra"" no âmbito da Aviação Civil e impede permanentemente a compra de passagens aéreas para pessoas que tentem ou cometam ato de terrorismo","PROJETO DE LEI Nº          , DE 2017 
(Do Sr. CABO SABINO) 
Institui “Lista Negra” no âmbito da 
Aviação Civil e impede permanentemente a 
compra de passagens aéreas para pessoas 
que tentem ou cometam ato de terrorismo. 
O Congresso Nacional decreta: 
Art. 1º Esta lei tem por finalidade inibir acesso e prever sanções 
àqueles que tentem ou cometam atos de terrorismo contra aviação. 
Art. 2º O terrorismo consiste na prática por um ou mais 
indivíduos dos atos previstos neste artigo, por razões de xenofobia, 
discriminação ou preconceito de raça, cor, etnia e religião, quando cometidos 
com a f",0.5
94,1,TECNOLOGIAS ASSISTIVAS PESSOA COM DEFICIÊNCIA,PL 5968/2016,"Altera a Lei nº 9.250, de 26 de dezembro de 1995, para facultar a dedução, da base de cálculo do IRPF, de despesas com próteses, órteses e tecnologias assistivas específicas para pessoas com deficiência.","PROJETO DE LEI Nº      , DE 2016 
(Da Sra. Mara Gabrilli) 
Altera a Lei nº 9.250, de 26 de 
dezembro de 1995, para facultar a dedução, 
da base de cálculo do IRPF, de despesas 
com próteses, órteses e tecnologias 
assistivas específicas para pessoas com 
deficiência. 
O Congresso Nacional decreta: 
Art. 1º O art. 8º da Lei nº 9.250, de 26 de dezembro de 
1995, passa a vigorar com a seguinte redação: 
“Art. 8º ...................................................................... 
................................................................................. 
II – ...........................",1.0
94,1,TECNOLOGIAS ASSISTIVAS PESSOA COM DEFICIÊNCIA,PL 1224/2019,"Altera a Lei nº 13.146, de 6 de julho de 2015 (Estatuto da Pessoa com Deficiência), para prever ações de monitoramento e acompanhamento que assegurem às crianças e adolescentes com deficiência acesso prioritário a órteses, próteses e tecnologias assistivas necessárias á frequência e á aprendizagem escolares.","Altera  a  Lei  nº  13.146,  de  6  de  julho  de
2015 (Estatuto da Pessoa com Deficiência),
para  prever  ações  de  monitoramento  e
acompanhamento  que  assegurem  às
crianças  e  adolescentes  com  deficiência
acesso  prioritário  a  órteses,  próteses  e
tecnologias  assistivas  necessárias  à
frequência e à aprendizagem escolares.
O Congresso Nacional decreta:
Art. 1º O art. 28 da Lei nº 13.146, de 6 de julho de 2015 (Estatuto da Pessoa com
Deficiência), passa a vigorar acrescido do seguinte § 3º:
“Art. 28. .................................................................................",1.0
94,1,TECNOLOGIAS ASSISTIVAS PESSOA COM DEFICIÊNCIA,PL 6674/2016,"Altera a Lei nº 8.069, de 13 de julho de 1990, que ""dispõe sobre o Estatuto da Criança e do Adolescente e dá outras providências"", para determinar que a pessoa com deficiência em idade escolar, notadamente na primeira infância, tenha prioridade no acesso a órteses, próteses e tecnologias assistivas.","PROJETO DE LEI Nº      , DE 2016 
(Da Sra. Mara Gabrilli) 
 
 
Altera a Lei nº 8.069, de 13 de julho de 
1990, que “dispõe sobre o Estatuto da 
Criança e do Adolescente e dá outras 
providências”, para determinar que a pessoa 
com deficiência em idade escolar, 
notadamente na primeira infância, tenha 
prioridade no acesso a órteses, próteses e 
tecnologias assistivas. 
 
 
O Congresso Nacional decreta: 
Art. 1º O art. 11 da Lei nº 8.069, de 13 de julho de 1990, passa 
a vigorar acrescido do seguinte § 4º: 
“Art. 11................................................................................",1.0
94,1,TECNOLOGIAS ASSISTIVAS PESSOA COM DEFICIÊNCIA,INC 379/2007,Sugere ao Ministro do Desenvolvimento Social e Combate à Fome a criação de Programa de fornecimento de órteses e próteses à pessoa com deficiência física.,"REQUERIMENTO 
(Do Sr. João Dado) 
Requer o envio de Indicação ao 
Poder Executivo, sugerindo a criação de 
programa de apoio a pessoas com 
deficiência para fornecimento de ajudas 
técnicas e tecnologias assistivas. 
Senhor Presidente: 
Nos termos do art. 113, inciso I e § 1º, do Regimento 
Interno da Câmara dos Deputados, requeiro a V. Exª. seja encaminhada ao 
Poder Executivo a Indicação anexa, sugerindo a  criação de Programa de apoio 
a pessoas com deficiência para fornecimento de ajudas técnicas e tecnologias 
assistivas. 
Sala das Sessões, em       de                          de 2007. 
D",1.0
94,1,TECNOLOGIAS ASSISTIVAS PESSOA COM DEFICIÊNCIA,PL 1695/2011,"Acrescenta inciso XVIII ao art. 20 da Lei nº 8.036, de 11 de maio de 1990, para permitir a movimentação da conta vinculada do Fundo de Garantia do Tempo de Serviço (FGTS) para a aquisição de órteses, próteses e demais tecnologias assistivas e ajudas técnicas necessárias à promoção da acessibilidade e à plena inclusão social do trabalhador com deficiência ou de seus dependentes.","PROJETO DE LEI N.º            , DE 2011 
(Da Sra. Rosinha da Adefal) 
 
 
Acrescenta inciso XVIII ao art. 20º da Lei nº 8.036, de 11 
de maio de 1990, para permitir a movimentação da conta 
vinculada do Fundo de Garantia do Tempo de Serviço 
(FGTS) para a aquisição de órteses, próteses e demais 
tecnologias assistivas e ajudas técnicas necessárias à 
promoção da acessibilidade e à plena inclusão social do 
trabalhador com deficiência ou de seus dependentes. 
 
 
 
O Congresso Nacional decreta:  
 
 
 
Art. 1º - O art. 20 da Lei nº 8.036, de 11 de maio de 1990, que dispõe sobre o Fundo de 
Gara",1.0
94,1,TECNOLOGIAS ASSISTIVAS PESSOA COM DEFICIÊNCIA,PL 388/2019,"Acrescenta inciso XVIII ao art. 20º da Lei nº 8.036, de 11 de maio de 1990, para permitir a movimentação da conta vinculada do Fundo de Garantia do Tempo de Serviço (FGTS) para a aquisição de órteses, próteses e demais tecnologias assistivas e ajudas técnicas necessárias à promoção da acessibilidade e à plena inclusão social do trabalhador com deficiência ou de seus dependentes.","PROJETO DE LEI Nº          , DE 2019 
(Do Sr. RAFAEL MOTTA) 
 
 
 
Acrescenta inciso XVIII ao art. 20º da Lei nº 
8.036, de 11 de maio de 1990, para permitir 
a movimentação da conta vinculada do 
Fundo de Garantia do Tempo de Serviço 
(FGTS) para a aquisição de órteses, 
próteses e demais tecnologias assistivas e 
ajudas técnicas necessárias à promoção da 
acessibilidade e à plena inclusão social do 
trabalhador com deficiência ou de seus 
dependentes. 
 
 
 
O Congresso Nacional decreta: 
 
Art. 1º - O art. 20 da Lei nº 8.036, de 11 de maio de 1990, que 
dispõe sobre o Fundo de Garantia do T",1.0
94,1,TECNOLOGIAS ASSISTIVAS PESSOA COM DEFICIÊNCIA,INC 6518/2010,Sugere ao Ministro do Desenvolvimento Social e Combate à Fome a criação de Programa de fornecimento de órteses e próteses à pessoa com deficiência física.,"REQUERIMENTO
(Do Sr. Anselmo de Jesus)
Requer o envio de Indicação ao
Poder Executivo, sugerindo a criação de
programa de apoio a pessoas com
deficiência para fornecimento de ajudas
técnicas e tecnologias assistivas.
Senhor Presidente:
Nos termos do art. 113, inciso I e § 1º, do Regimento
Interno da Câmara dos Deputados, requeiro a V. Exª. seja encaminhada ao
Poder Executivo a Indicação anexa, sugerindo a  criação de Programa de
Apoio a Pessoas com Deficiência para fornecimento de ajudas técnicas e
tecnologias assistivas.
Sala das Sessões, em       de                          de 2010.
Deputado",1.0
94,1,TECNOLOGIAS ASSISTIVAS PESSOA COM DEFICIÊNCIA,PL 3787/2021,"Altera a Lei nº 6.360, de 23 de setembro de 1976, para dispor sobre a exibição de códigos QR nas embalagens de medicamentos e produtos farmacêuticos.","PROJETO DE LEI Nº          , DE 2021
(Do Sr. BOSCO COSTA)
Altera  a  Lei  nº  6.360,  de  23  de
setembro  de  1976,  para  dispor  sobre  a
exibição de códigos QR nas embalagens de
medicamentos e produtos farmacêuticos.
O Congresso Nacional decreta:
Art.  1º A Lei nº 6.360, de 23 de setembro de 1976, passa a
vigorar com as seguintes alterações:
“Art. 3º .........................................................................................
......................................................................................................
XXVI – Código QR – código de barras bidimensional ",0.0
94,1,TECNOLOGIAS ASSISTIVAS PESSOA COM DEFICIÊNCIA,INC 136/2021,Sugere ao Ministro da Saúde a adoção de medida relativa à modificação de embalagens de medicamentos visando à promoção da acessibilidade a pessoas com deficiência visual.,"INDICAÇÃO Nº      , DE 2021
(Do Sr. BOSCO COSTA)
Sugere ao Ministro da Saúde a adoção 
de medida relativa à modificação de 
embalagens de medicamentos visando à 
promoção da acessibilidade a pessoas com 
deficiência visual. 
Excelentíssimo Senhor Ministro da Saúde,
O Brasil tem-se consolidado como um dos países mais 
empenhados na busca da inclusão das pessoas com deficiência, de que dá 
prova a aprovação da Lei nº 13.146, de 6 de julho de 2015, Estatuto da Pessoa
com Deficiência. Aquele importante instrumento legal traz em seu art. 3º 
definições de um número de termos concernentes ao tema, e",0.5
94,1,TECNOLOGIAS ASSISTIVAS PESSOA COM DEFICIÊNCIA,PL 11261/2018,Dispõe a respeito de conteúdos relacionados a acessibilidade de pessoas portadoras de deficiência ou com mobilidade reduzida nas programações veiculadas pela EBC - Empresa Brasil de Comunicação.,"PROJETO DE LEI Nº , DE 2018 
(Do Sr. Carlos Henrique Gaguim) 
 
Dispõe a respeito de conteúdos relacionados a 
acessibilidade de pessoas portadoras de 
deficiência ou com mobilidade reduzida nas 
programações veiculadas pela EBC – Empresa 
Brasil de Comunicação.  
 
O Congresso Nacional decreta:  
 
Art. 1º Esta lei complementar altera a Lei nº 11.652, de 7 de abril de 2008, para 
incluir a priorização de programação relacionada a acessibilidade de pessoas 
portadoras de deficiência ou com mobilidade reduzida na EBC – Empresa Brasil de 
Comunicação.  
Art. 2º O art. 3º da Lei nº 11.652, de 7 d",0.5
95,1,Proposição para submeter a demarcação de terras indígenas ao Congresso Nacional. ,PL 3358/2004,"Altera o art. 19, § 1º da Lei nº 6.001, de 19 de dezembro de 1973 - Estatuto do Índio, submetendo ao Congresso Nacional a demarcação de terras indígenas.","PROJETO DE LEI Nº      , DE 2004
(Do Sr. ZEQUINHA MARINHO)
Altera o art. 19, §1º da Lei n.º 6.001, de
19 de dezembro de 1973 – Estatuto do Índio,
submetendo ao Congresso Nacional a
demarcação de terras indígenas.
O Congresso Nacional decreta:
Art. 1º  O art. 19, §1º da Lei n.º 6.001, de 19 de
dezembro de 1973 – Estatuto do Índio, passa a vigorar com a seguinte redação.
“Art. 19 ............................................................
§ 1º. A demarcação promovida nos termos deste artigo,
homologada pelo Presidente da República, ad referendum
do Congresso Nacional, será registrada em livro p",1.0
95,1,Proposição para submeter a demarcação de terras indígenas ao Congresso Nacional. ,PL 5684/2005,"Dá nova redação ao inciso II, do parágrafo único do art. 5º da Lei nº 8.183, de 11 de abril de 1991.","PROJETO DE LEI Nº ...... , DE 2005.
(Do Sr. Fernando Lopes)
Dá nova redação ao inciso II, do
parágrafo único do art. 5º da Lei nº
8.183 de 11 de abril de 1991.
O Congresso Nacional Decreta:
Art. 1º  O inciso II,  do parágrafo único do art. 5º da Lei nº 8.183, de 11 de abril de
1991 passa ter a redação abaixo:
“Art. 5º  .......................................................................................................................
Parágrafo único ..........................................................................................................
....................................",0.0
95,1,Proposição para submeter a demarcação de terras indígenas ao Congresso Nacional. ,PEC 275/2004,"Dá nova redação aos arts. 49, XVI e 231, caput, da Constituição Federal, submetendo ao Congresso Nacional a demarcação  de  terras  indígenas.","PROPOSTA DE EMENDA À CONSTITUIÇÃO No      , DE 2004.
(Do Sr. LINDBERG FARIAS e outros)
Dá nova redação aos arts. 49, XVI e
231, caput, da Constituição Federal,
submetendo ao Congresso Nacional a
demarcação  de  terras  indígenas.
As Mesas da Câmara dos Deputados e do Senado Federal,
nos termos do art. 60 da Constituição Federal, promulgam a seguinte emenda ao
texto constitucional:
Artigo único. Os arts. arts. 49, XVI e 231, caput, da
Constituição Federal passam a vigorar com a seguinte redação:
""Art. 49.  ....................................................
XVI – autorizar a demarcação de terr",1.0
95,1,Proposição para submeter a demarcação de terras indígenas ao Congresso Nacional. ,PEC 260/2004,"Dá nova redação aos arts. 49, XVI e 231, caput, da Constituição Federal, submetendo ao Congresso Nacional a demarcação de terras indígenas.","PROPOSTA DE EMENDA À CONSTITUIÇÃO No      , DE 2004
(Do Sr. LINDBERG FARIAS e outros)
Dá nova redação aos arts. 49, XVI e 231,
caput, da Constituição Federal, submetendo ao
Congresso Nacional a demarcação de terras
indígenas.
As Mesas da Câmara dos Deputados e do Senado Federal,
nos termos do art. 60 da Constituição Federal, promulgam a seguinte emenda ao
texto constitucional:
Art. 1º Os arts. arts. 49, XVI e 231, caput, da Constituição
Federal passam a vigorar com a seguinte redação:
""Art. 49.  ....................................................
XVI – autorizar a demarcação de terras indígen",1.0
95,1,Proposição para submeter a demarcação de terras indígenas ao Congresso Nacional. ,PEC 319/2004,"Dá nova redação ao art. 231 da Constituição Federal, submetendo a demarcação de terras indígenas à aprovação do Congresso Nacional.","PROPOSTA DE EMENDA À CONSTITUIÇÃO No      , DE 2004
(Do Sr. ZEQUINHA MARINHO e outros)
Dá nova redação ao art. 231 da
Constituição Federal, submetendo a
demarcação de terras indígenas à
aprovação do Congresso Nacional.
As Mesas da Câmara dos Deputados e do Senado Federal,
nos termos do art. 60 da Constituição Federal, promulgam a seguinte emenda ao
texto constitucional:
Artigo único. Os arts. 49, XVI e 231 da Constituição Federal
passa a vigorar com a seguinte redação:
""Art.49.  .......................................................
XVI – aprovar a demarcação de terras indígenas, bem
como aut",1.0
95,1,Proposição para submeter a demarcação de terras indígenas ao Congresso Nacional. ,PEC 299/2004,"Dá nova redação ao art. 231 da Constituição Federal, submetendo a demarcação de terras indígenas à aprovação do Congresso Nacional.","PROPOSTA DE EMENDA À CONSTITUIÇÃO No      , DE 2004
(Do Sr. ZEQUINHA MARINHO e outros)
Dá nova redação ao art. 231 da
Constituição Federal, submetendo a
demarcação de terras indígenas à
aprovação do Congresso Nacional.
As Mesas da Câmara dos Deputados e do Senado Federal, nos
termos do art. 60 da Constituição Federal, promulgam a seguinte emenda ao texto
constitucional:
Artigo único. Os arts. 49, XVI e 231 da Constituição Federal
passa a vigorar com a seguinte redação:
""Art.49.  .......................................................
XVI – aprovar a demarcação de terras indígenas, bem
como aut",1.0
95,1,Proposição para submeter a demarcação de terras indígenas ao Congresso Nacional. ,PL 490/2007,"Altera a Lei n° 6.001, de 19 de dezembro de 1973, que dispõe sobre o Estatuto do Índio.","PROJETO DE LEI Nº      , DE 2007
(Do Sr. Homero Pereira)
Altera  a  Lei  n°  6.001,  de  19  de 
dezembro  de  1973,  que  dispõe  sobre  o 
Estatuto do Índio. 
O Congresso Nacional decreta:
Art. 1º Esta Lei dispõe sobre a competência da União nas 
demarcações das terras indígenas. 
Art. 2º  O art. 19 da Lei n° 6.001, de 19 de dezembro de 
1973, passa a ter a seguinte redação:
“Art. 19.  As terras indígenas serão demarcadas por lei. 
Parágrafo único. A demarcação promovida nos termos deste 
artigo será registrada no registro imobiliário competente.” (NR)
Art. 3º Esta lei entra em vigor na data",1.0
95,1,Proposição para submeter a demarcação de terras indígenas ao Congresso Nacional. ,PL 2311/2007,"Regulamenta a demarcação das terras indígenas, nos termos estabelecidos pelo art. 231, da Constituição Federal, e altera a Lei nº 6.001, de1973.","PROJETO DE LEI No     , DE 2007 
(Do Sr. Édio Lopes) 
Regulamenta a demarcação das 
terras indígenas, nos termos estabelecidos 
pelo art. 231, da Constituição Federal, e 
altera a Lei n° 6.001, de 1973.  
O Congresso Nacional decreta: 
Art. 1º  Esta Lei regulamenta a demarcação das terras 
indígenas, nos termos estabelecidos pelo art. 231, da Constituição Federal.   
Art. 2° O art. 19 da Lei n° 6.001, de 19 de dezembr o de 
1973, passa a vigorar com a seguinte redação: 
“Art. 19 As demarcações das terras indígenas, definidas 
nos termos do § 1° do art. 231 da Constituição Fede ral, serão demar",0.5
95,1,Proposição para submeter a demarcação de terras indígenas ao Congresso Nacional. ,PL 2479/2011,Submete ao Congresso Nacional a demarcação de terras tradicionalmente ocupadas pelos índios.,"PROJETO DE LEI Nº      , DE 2011 
(Do Sr. Alceu Moreira) 
“Submete ao Congresso Nacional a 
demarcação de terras tradicionalmente 
ocupadas pelos índios.” 
O Congresso Nacional decreta: 
Art. 1º. A demarcação de terras tradicionalmente 
ocupadas pelos índios será submetida à aprovação do Congresso Nacional, 
nos termos dos arts. 22, XIV, 49, X e 231 da Constituição Federal. 
§ 1º. Ao apreciar a demarcação, o Congresso Nacional 
verificará a existência dos requisitos a que se refere o art. 231 da Constituição 
Federal, podendo aprová-la, determinar diligências suplementares, realizar 
audiência",0.0
95,1,Proposição para submeter a demarcação de terras indígenas ao Congresso Nacional. ,PEC 37/2007,"Dá nova redação ao art. 231, caput, da Constituição Federal,  submetendo   ao Congresso  Nacional a demarcação de terras indígenas.","PROPOSTA DE EMENDA À CONSTITUIÇÃO Nº               , DE 2007
(Do Sr. Eliene Lima e outros)
Dá nova redação ao art.  231, 
caput, da  Constituição  Federal, 
submetendo    ao Congresso   Nacional  a 
demarcação de terras indígenas.
""Art. 231 São reconhecidos aos índios sua 
organização  social,  costumes,  línguas,  
crenças  e  tradições,  e  os  direitos  
originários  sobre  as  terras  que 
tradicionalmente  ocupam,  competindo  à 
União, demarcá-las, por meio de lei, bem 
como proteger e fazer respeitar todos os  
seus bens.
.....
§ 8° A criação de reservas indígenas será 
promovida por me",1.0
96,1,"Parecer Presidência da Câmara, compra de terras por estrangeiros. ",PL 1082/2011,"Altera os arts. 12, 23  e  24 da Lei nº 9.636, de 15 de maio de 1998, que Dispõe sobre a regularização, administração, aforamento e alienação de bens imóveis de domínio da União e dá outras providências.","PROJETO DE LEI N°   
(Do Sr Deputado CLEBER VERDE) 
 
  
 “Altera os Artigos. 12, 23  e  24 da Lei n° 
9.636, de 15 de maio de 1998, que Dispõe 
sobre a regularização, administração, 
aforamento e alienação de bens imóveis de 
domínio da União e dá outras providências.”    
 
 
O Congresso Nacional decreta: 
 
 
Art. 1° Os artigos 12, 23 e 24 da Lei n° 9.636, de 15 de maio de 1998, passam 
a vigorar com as seguintes alterações:  
“Art. 12 
Parágrafo 3° - Não serão aforados os bens da união, considerados terras de 
marinha ou seus acrescidos, para pessoa física ou jurídica de procedência 
estra",0.0
96,1,"Parecer Presidência da Câmara, compra de terras por estrangeiros. ",PL 7940/2010,"Altera os arts. 12, 23 e 24 da Lei nº 9.636, de 15 de maio de 1998, que ""Dispõe sobre a regularização, administração, aforamento e alienação de bens imóveis de domínio da União e dá outras providências.""","PROJETO DE LEI Nº , DE 2010 
(Do Sr. Deputado FLAVIO BEZERRA) 
  
Altera os arts. 12, 23 e 24 da Lei nº 9.636, de 
15 de maio de 1998, que “Dispõe sobre a 
regularização, administração, aforamento e 
alienação de bens imóveis de domínio da 
União e dá outras providências.” 
  
O Congresso Nacional decreta: 
  
Art. 1º  Os artigos 12, 23 e 24 da Lei nº 9.636, de 15 de maio de 1998, passam 
a vigorar com as seguintes alterações: 
“Art. 12 
Parágrafo 3º -  Não serão aforados os bens da união, considerados terras de 
marinha ou seus acrescidos, para pessoa física ou jurídica de procedência 
estran",0.0
96,1,"Parecer Presidência da Câmara, compra de terras por estrangeiros. ",INC 3087/2008,"Sugere ao Ministro do Desenvolvimento Agrário, a regulamentação e o controle sobre as terras compradas por ONGs estrangeiras e por pessoa física estrangeira em território amazônico.","REQUERIMENTO 
(Do Sr. Léo Vivas) 
Requer o envio de Indicação ao 
Poder Executivo, por meio do Ministério do 
Desenvolvimento Agrário, sugerindo a 
regulamentação e o controle sobre as terras 
compradas por ONGs estrangeiras e por 
pessoa física estrangeira em território 
amazônico.  
Senhor Presidente: 
Nos termos do art. 113, inciso I e § 1º, do Regimento 
Interno da Câmara dos Deputados, requeiro a V. Exª. seja encaminhada ao 
Poder Executivo a Indicação anexa, sugerindo a regulamentação e o controle 
sobre as terras compradas por ONGs estrangeiras e por pessoa física 
estrangeira em territ",1.0
96,1,"Parecer Presidência da Câmara, compra de terras por estrangeiros. ",INC 4354/2013,Sugere que se definam critérios de indenização nos casos de desapropriação em áreas reconhecidas como indígenas ou ocupadas por remanescentes das comunidades de quilombos.,"REQUERIMENTO 
(Do Sr.  Lira Maia   ) 
Requer o envio de Indicação à Casa 
Civil da Presidência da República, relativa à 
adoção de critérios de indenização nos 
casos de desapropriação em áreas 
reconhecidas como indígenas ou ocupadas 
por remanescentes das comunidades de 
quilombos. 
Senhor Presidente: 
Nos termos do art. 113, inciso I e § 1o, do Regimento 
Interno da Câmara dos Deputados, requeiro a V. Exª. seja encaminhada ao 
Poder executivo a Indicação em anexo, sugerindo à Casa Civil  da Presidência 
da República que se adote critérios de indenização nos casos de 
desapropriação em áreas",0.0
96,1,"Parecer Presidência da Câmara, compra de terras por estrangeiros. ",PL 2289/2007,"Regulamenta o art. 190 da Constituição Federal, altera o art. 1º da Lei nº 4.131, de 3 de setembro de 1962, e dá outras providências.","PROJETO DE LEI Nº                , DE 2007 
(Do Sr. Beto Faro) 
 
 . 
Regulamenta o art. 190 da Constituição Federal, 
altera o art. 1º da Lei nº 4.131, de 3 de setembro de 
1962 e dá outras Providências.  
 
 
O Congresso Nacional Decreta:  
 
Faço saber que o Congresso Nacional decreta e eu sanciono a seguinte 
Lei: 
  
Art. 1º Esta Lei regulamenta o art. 190 da Constituição Federal, altera o art. 
1º da Lei nº 4.131, de 3 de setembro de 1962 e fixa outras providências com o 
objetivo de disciplinar a aquisição e o arrendamento de imóvel rural em todo o 
território nacional por pessoas estra",1.0
96,1,"Parecer Presidência da Câmara, compra de terras por estrangeiros. ",PL 4240/2008,"Regulamenta o art. 190 da Constituição Federal, limitando a aquisição e o arrendamento de propriedade rural por pessoa física ou jurídica estrangeira.","PROJETO DE LEI N.º             , de 2008 
(do Sr. Antonio Carlos Mendes Thame) 
 
 
 
 
Regulamenta o artigo 190, da Constituição 
Federal, limitando a aquisição e o arrendamento 
de propriedade rural por pessoa física ou jurídica 
estrangeira. 
 
 
 
 
 
O Congresso Nacional decreta: 
Art. 1º. Esta lei regulamenta a aquisição, o arrendamento ou a posse 
de propriedade rural por pessoa física ou pessoa jurídica estrangeira em todo o 
território nacional, observadas as restrições que aqui se estabelecerem. 
Parágrafo único. Sujeita-se ao regime estabelecido por esta Lei a 
pessoa jurídica brasi",1.0
96,1,"Parecer Presidência da Câmara, compra de terras por estrangeiros. ",PLP 418/2008,"Regulamenta o art. 190, da Constituição Federal, limitando a aquisição e o arrendamento de propriedade rural por pessoa física ou jurídica estrangeira.","PROJETO DE LEI COMPLEMENTAR N.º            , de 2008 
(do Sr. Antonio Carlos Mendes Thame) 
 
 
 
 
Regulamenta o artigo 190, da Constituição 
Federal, limitando a aquisição e o arrendamento 
de propriedade rural por pessoa física ou jurídica 
estrangeira. 
 
 
 
 
 
O Congresso Nacional decreta: 
 
Art. 1º. Esta lei regulamenta a aquisição, o arrendamento ou a posse 
de propriedade rural por pessoa física ou pessoa jurídica estrangeira em todo o 
território nacional, observadas as restrições que aqui se estabelecerem. 
Parágrafo único. Sujeita-se ao regime estabelecido por esta Lei a 
pessoa ",1.0
96,1,"Parecer Presidência da Câmara, compra de terras por estrangeiros. ",PL 3483/2008,"Altera a Lei n º 5.709, de 07 de outubro de 1971, que regula a aquisição de imóvel rural por estrangeiro residente no País ou Pessoa Jurídica estrangeira autorizada a funcionar no Brasil e dá outras providências.","Projeto de Lei Nº _______ de 2008 
(Da Senhora Vanessa Grazziotin)
Altera a Lei N º 5.709, de 07 de 
outubro  de  1971,  que  regula  a 
aquisição  de  imóvel  rural  por 
estrangeiro  residente no  País  ou 
Pessoa  Jurídica  estrangeira 
autorizada a funcionar no Brasil e 
dá outras Providências. 
O Congresso Nacional decreta:
Art. 1º – Acrescente-se o § 2º ao art. 5º da Lei nº 5709, de 7 de outubro de 1971:
“Artigo 5º ....
§2º A extensão do imóvel a que se refere o caput não poderá ser superior a 50 
módulos fiscais ou 2,5 mil hectares. 
Art. 2º - Esta lei entra em vigor na data da sua publ",1.0
96,1,"Parecer Presidência da Câmara, compra de terras por estrangeiros. ",INC 2926/2012,"Sugere a Casa Civil da Presidência da República, que seja criado um Grupo Interministerial com o objetivo de realizar uma força tarefa para acompanhar a situação do Povo Indígena Cinta Larga nos Estados de Rondônia e Mato Grosso.","REQUERIMENTO 
(Da Sra. Marinha Raupp) 
 
 
 
        Requer o envio de Indicação ao Poder 
Executivo, sugerindo a Casa Civil da 
Presidência da República, que seja criado um 
Grupo Interministerial com o objetivo de 
realizar uma força tarefa para acompanhar a 
situação do Povo Indígena Cinta Larga no 
Estado de Rondônia.  
 
 
 
 
Senhor Presidente: 
Nos termos do art. 113, inciso I, § 1º, do Regimento Interno da 
Câmara dos Deputados, requeiro a Vossa Excelência que seja encaminhada ao Poder 
Executivo, por intermédio da Casa Civil da Presidência da República, a Indicação em 
anexo.   
 
Sal",0.0
96,1,"Parecer Presidência da Câmara, compra de terras por estrangeiros. ",INC 728/2015,"Sugere ao Ministro do Desenvolvimento Agrário, envidar todos os esforços junto à Casa Civil da Presidência da República no sentido de atualizar o valor do teto de financiamento pelo Conselho Monetário Nacional e edição de Decreto Presidencial, transferindo ao Conselho Monetário Nacional a competência para definir e atualizar o prazo de financiamento e carência e os valores do perfil de renda e patrimônio do agricultor, para enquadramento no PNCF, especificando que o programa atende ao público da agricultura familiar.","CÂMARA DOS DEPUTADOS 
 
 
REQUERIMENTO DE INDICAÇÃO Nº       , DE 2015 
(Do Sr. SANDRO ALEX) 
 
 
Requer o envio de Indicação ao 
Ministro do Desenvolvimento Agrário, 
sugerindo envidar todos os esforços 
junto à Casa Civil da Presidência da 
República no sentido de atualizar o 
valor do teto de financiamento pelo 
Conselho Monetário Nacional e edição 
de Decreto Presidencial, transferindo 
ao Conselho Monetário Nacional a 
competência para definir e atualizar o 
prazo de financiamento e carência e os 
valores do perfil de renda e patrimônio 
do agricultor, para enquadramento no 
PNCF, especif",0.0
97,1,AUXÍLIO DOENÇA A CARGO DA EMPRESA,PL 6670/2009,"Altera as Leis nºs 8.212 e 8.213, ambas de 24 de julho de 1991, para excluir da incidência da contribuição previdenciária valores relativos ao auxílio-doença e ao salário-maternidade.","PROJETO DE LEI Nº      , DE 2009
(Da Sra. Marinha Raupp)
Altera as Leis nºs 8.212 e
8.213, ambas de 24 de julho de
1991, para excluir da incidência da
contribuição previdenciária valores
relativos ao auxílio-doença e ao
salário-maternidade.
O Congresso Nacional decreta:
Art. 1º O § 9º do art. 28 da Lei nº 8.212, de 24 de
julho de 1991, passa a vigorar com a seguinte alteração:
“Art. 28.  ........................................................
.......................................................................
§ 9º  Não integram o salário-de-contribuição
para os fins desta lei, exclusivame",1.0
97,1,AUXÍLIO DOENÇA A CARGO DA EMPRESA,PL 7204/2010,"Acrescenta § 6º ao art. 22 da Lei nº 8.213, de 24 de julho de 1991, para dispor sobre a não exigência de Comunicação de Acidente de Trabalho - CAT na concessão de benefício de auxílio-doença decorrente de acidente de trabalho.","PROJETO DE LEI Nº      , DE 2010
(Dos Srs. Ricardo Berzoini, Pepe Vargas, Jô Moraes, Paulo Pereira da
Silva e Roberto Santiago)
Acrescenta § 6º ao art. 22 da Lei nº
8.213, de 24 de julho de 1991, para dispor
sobre a não exigência de Comunicação de
Acidente de Trabalho – CAT na concessão
de benefício de auxílio-doença decorrente
de acidente de trabalho.
O Congresso Nacional decreta:
Art. 1º O art. 22 da Lei nº 8.213, de 24 de julho de 1991,
passa a vigorar acrescido do seguinte § 6o:
“Art.22..................................................................................
...
..................",1.0
97,1,AUXÍLIO DOENÇA A CARGO DA EMPRESA,PL 2700/2007,"Altera a Consolidação das Leis do Trabalho, aprovada pelo Decreto-Lei nº 5.452, de 1º de maio de 1943, as Leis nºs 4.886, de 9 de dezembro de 1965, 8.212, de 24 de julho de 1991, 8.213, de 24 de julho de 1991, 8.541, de 23 de dezembro de 1992, e 10.666, de 8 de maio de 2003, para substituir o termo ""auxílio-doença"" por ""auxílio-incapacidade"".","PROJETO DE LEI No         , DE 2007 
(Do Sr. Ricardo Berzoini) 
Altera a Consolidação das Leis do 
Trabalho, aprovada pelo Decreto-Lei no 
5.452, de 1o de maio de 1943, as Leis nos 
4.886, de 9 de dezembro de 1965, 8.212, de 
24 de julho de 1991, 8.213, de 24 de julho 
de 1991, 8.541, de 23 de dezembro de 
1992, e 10.666, de 8 de maio de 2003, para 
substituir o termo “auxílio-doença” por 
“auxílio-incapacidade”. 
O Congresso Nacional decreta: 
Art. 1º O inciso IV do art. 133 e o art. 476 da 
Consolidação das Leis do Trabalho, aprovada pelo Decreto-Lei no 5.452, de 1o 
de maio de 1943, passam ",1.0
97,1,AUXÍLIO DOENÇA A CARGO DA EMPRESA,PL 711/2015,"Cria a Subseção XIII, da Seção V, do Capítulo II, do Título III, da Lei nº 8.213, de 24 de julho de 1991, altera os arts. 18, 25, 29, 39, 40 e 124 da Lei nº 8.213, de 24 de julho de 1991, e acrescenta o inciso X ao art. 473 da Consolidação das Leis do Trabalho - CLT, para assegurar o direito do segurado ao auxílio-doença de dependente menor, concedido pelo Regime Geral de Previdência","PROJETO DE LEI Nº      , DE 2014 
(Do Sr. Alan Rick) 
Cria a Subseção XIII, da Seção V, do 
Capítulo II, do Título III, da Lei nº 8.213, de 24 
de julho de 1991, altera os arts. 18, 25, 29, 39, 
40 e 124 da Lei nº 8.213, de 24 de julho de 
1991, e acrescenta o inciso X ao art. 473 da 
Consolidação das Leis do Trabalho – CLT, 
para assegurar o direito do segurado ao 
auxílio-doença de dependente menor, 
concedido pelo Regime Geral de Previdência 
Social. 
O Congresso Nacional decreta: 
Art. 1º Fica criada a Subseção XIII, da Seção V, do Capítulo 
II, do Título III, da Lei nº 8.213, de 24 de jul",0.5
97,1,AUXÍLIO DOENÇA A CARGO DA EMPRESA,PL 7216/2014,"Altera a Lei nº 8.212, de 24 de julho de 1991, que Dispõe sobre a organização da Seguridade Social, institui Plano de Custeio, e dá outras providências, e a Lei nº 8.213, de 24 de julho de 1991, que Dispõe sobre os Planos de Benefícios da Previdência Social e dá outras providências, para atribuir ao auxílio-doença a nomenclatura de auxílio por incapacidade laborativa.","Ofício nº 284 (SF)                                   Brasília, em 27 de fevereiro de 2014. 
 
 
 
A Sua Excelência o Senhor 
Deputado Marcio Bittar 
Primeiro-Secretário da Câmara dos Deputados 
 
 
 
Assunto: Projeto de Lei do Senado à revisão. 
 
 
 
Senhor Primeiro-Secretário, 
 
 
Encaminho a Vossa Excelência, a fim de ser submetido à revisão da Câmara 
dos Deputados, nos termos do art. 65 da Constituição Federal, o Projeto de Lei do Senado  
nº 411, de 2013, de autoria da Senadora Ana Amélia, constante dos autógrafos em anexo, 
que “Altera a Lei nº 8.212, de 24 de julho de 1991, que ‘Dispõ",0.5
97,1,AUXÍLIO DOENÇA A CARGO DA EMPRESA,PL 295/2021,"Altera o Art. 118 da Lei nº 8.213, de 24 de julho de 1991, que dispõe sobre os Planos de Benefícios da Previdência Social e dá outras providências.","PROJETO DE LEI Nº          DE 2021
(Do Sr. Dep. Fábio Abreu)
Altera o Art. 118 da Lei nº 8.213, de 24
de julho de 1991, que dispõe sobre os
Planos  de  Benefícios  da  Previdência
Social e dá outras providências.
O Congresso Nacional decreta:
Art. 1º Esta lei Altera o Art. 118 da Lei nº 8.213, de 24 de julho de 1991,
que regula dispõe sobre  os  Planos de Benefícios  da Previdência Social  e  dá outras
providências.
Art.  2º O Art.  118 da Lei  nº 8.213, de 24 de julho de 1991, passa a
vigorar com a seguinte redação:
“Art. 
118 ..................................................................",0.5
97,1,AUXÍLIO DOENÇA A CARGO DA EMPRESA,PL 2175/2020,"Altera as Lei nº 8.212, de 24 de julho de 1991, e Lei nº 8.213, de 24 de julho de 1991, para dispor sobre o abono anual do segurado do Regime Geral de Previdência Social; para estabelecer o pagamento do auxílio-doença pela empresa até cento e vinte dias de afastamento, com compensação quando do recolhimento das contribuições previdenciárias; altera a Lei nº 9.796, de 5 de junho de 1999, para dispor que apenas os regimes instituidores que não sejam devedores de contribuições previdenciárias ao RGPS possam receber os valores decorrentes da compensação financeira de que trata essa lei; altera a L","PROJETO DE LEI Nº          , DE 2020
(Do Sr. FERNANDO RODOLFO)
Altera as Lei nº 8.212, de 24 de julho de
1991, e Lei nº 8.213, de 24 de julho de 1991, para
dispor  sobre  o  abono  anual  do  segurado  do
Regime  Geral  de  Previdência  Social;  para
estabelecer  o  pagamento  do  auxílio-doença  pela
empresa  até  cento  e  vinte  dias  de  afastamento,
com  compensação  quando  do  recolhimento  das
contribuições previdenciárias; altera a Lei nº 9.796,
de 5 de junho de 1999, para dispor que apenas os
regimes instituidores que não sejam devedores de
contribuições  previdenciárias  ao  RGPS  p",1.0
97,1,AUXÍLIO DOENÇA A CARGO DA EMPRESA,PL 7209/2010,"Acrescenta o art. 59-A à Lei nº 8.213, de 24 de julho de 1991, para dispor sobre o direito à informação do segurado do Regime Geral de Previdência Social, quanto a resultados de exames médico-periciais para concessão de auxílio-doença.","PROJETO DE LEI Nº  , DE 2010
(Dos Srs. Ricardo Berzoini, Pepe Vargas, Jô Moraes, Paulo Pereira da
Silva e Roberto Santiago
Acrescenta o art. 59-A à Lei nº 8.213,
de 24 de julho de 1991, para dispor sobre o
direito à informação do segurado do Regime
Geral de Previdência Social, quanto a
resultados de exames médico-periciais para
concessão de auxílio-doença.
O Congresso Nacional decreta:
Art. 1º Acrescente-se o art. 59-A à Lei nº 8.213, de 24 de
julho de 1991:
“Art.59-A A concessão do auxílio-doença dependerá da
verificação da condição de incapacidade mediante exame
médico-pericial a cargo da Pr",0.5
97,1,AUXÍLIO DOENÇA A CARGO DA EMPRESA,INC 5153/2018,Sugere a revisão dos procedimentos relacionados ao Programa de Revisão de Benefícios por Incapacidade a cargo do Instituto Nacional do Seguro Social - INSS.,"REQUERIMENTO 
(Da Sra. Mara Gabrilli) 
Requer o envio de Indicação ao 
Ministério do Desenvolvimento Social, 
sugerindo que a revisão dos procedimentos 
relacionados ao Programa de Revisão dos 
Benefícios por Incapacidade a cargo do 
Instituto Nacional do Seguro Social – INSS.  
Senhor Presidente: 
Nos termos do art. 113, inciso I e § 1º, do Regimento Interno da 
Câmara dos Deputados, requeiro a V. Exª. seja encaminhada ao Ministério do 
Desenvolvimento Social – MDS a Indicação anexa, sugerindo que o Instituto 
Nacional do Seguro Social revise os procedimentos relacionados à revisão 
pericial ",0.5
97,1,AUXÍLIO DOENÇA A CARGO DA EMPRESA,PL 94/2022,"Dispõe sobre a concessão do benefício previdenciário de auxílio por incapacidade temporária, no Regime Geral de Previdência Social, na falta de realização de perícia médica oficial.","PROJETO DE LEI Nº          , DE 2022
(Do Sr. Rubens Bueno)
Dispõe sobre a concessão do benefício
previdenciário  de  auxílio  por  incapacidade
temporária, no Regime Geral de Previdência
Social,  na  falta  de  realização  de  perícia
médica oficial.
O Congresso Nacional decreta:
Art.  1º  Fica  o  Instituto  Nacional  do  Seguro  Social  (INSS)
autorizado a conceder o benefício de auxílio por incapacidade temporária de
que  trata  o  art.  59  da  Lei  nº  8.213,  de  24  de  julho  de  1991, mediante
apresentação  pelo  requerente  de  atestado  médico  e  de  documentos
complementares que c",0.5
98,1,PENSÃO ESPECIAL ÓRFÃOS COVID,PL 2544/2021,Dispõe sobre Pensão Especial aos Órfãos da Covid-19,"CÂMARA DOS DEPUTADOS
PROJETO DE LEI Nº ____, DE 2021
(Do Sr. Geninho Zuliani)
Dispõe sobre pensão especial aos órfãos
da Covid-19 
O Congresso Nacional decreta: 
Art.  1º  Fica  instituída  a  pensão  especial  destinada  a  crianças  e
adolescentes cuja causa da morte do pai, mãe ou responsável legal seja confirmada
em declaração  de  óbito  como  Covid-19  ou  como  Síndrome  Respiratória  Aguda
Grave (ou Síndrome da Angústia Respiratória Aguda ou Insuficiência Respiratória)
ocorridas entre 3 de fevereiro de 20201 até a revogação da Declaração Emergência
em Saúde Pública de importância Nacio",1.0
98,1,PENSÃO ESPECIAL ÓRFÃOS COVID,PL 979/2021,"Altera a Lei nº 8.213, de 24 de julho de 1991 que dispõe sobre os Planos de Benefícios da Previdência Social, para dispor sobre a pensão especial  à criança ou adolescente cujo o detentor da guarda falecer em virtude do coronavírus - COVID-19 e não for filiado ao Regime Geral de Previdência Social e dá outras providências.","PROJETO DE LEI Nº                      , DE 2021
(Da Sra. REJANE DIAS)
Altera a Lei nº 8.213, de 24 de julho
de 1991 que dispõe sobre os Planos
de Benefícios  da  Previdência  Social,
para dispor  sobre a pensão especial
à  criança  ou  adolescente  cujo  o
detentor da guarda falecer em virtude
do coronavírus – COVID-19 e não for
filiado  ao  Regime  Geral  de
Previdência  Social  e  dá  outras
providências.
O Congresso Nacional decreta:
Art. 1º Esta lei altera a Lei nº 8.213, de 24 de julho de
1991  que  dispõe sobre  os  Planos  de  Benefícios  da  Previdência
Social, para dispor sobre a con",1.0
98,1,PENSÃO ESPECIAL ÓRFÃOS COVID,PL 2932/2021,Institui pensão especial destinada as crianças e adolescentes órfãos em virtude da pandemia de Covid-19.,"PROJETO DE LEI Nº _____, DE 2021
(Da Sra. Maria do Rosário)
Institui pensão especial destinada
as crianças e adolescentes órfãos
em virtude da pandemia de Covid-
19.
O Congresso Nacional decreta:
Art. 1º  Considerando o Art. 227 da Constituição Federal de 1988, que roga
absoluta prioridade à criança e ao adolescente nas políticas públicas do Estado
Brasileiro, e o Art. 1º da Lei nº 8.069, de 13 de julho de 1990, o Estatuto da
Criança e do Adolescente, que dispõe sobre a proteção integral da infância em
nosso país, e a condição de orfandade de crianças e adolescentes em que os
pais foram vítima",1.0
98,1,PENSÃO ESPECIAL ÓRFÃOS COVID,PL 1305/2021,"Altera o Decreto nº 10.579, de 18 de dezembro de 2020, ao modificar a redação do “caput” do art. 1º e seu correspondente § 1º, do art. 3º, e alterar o art. 4º, que passa a ser disposto como art. 5º.","PROJETO DE LEI Nº      , DE 2021
(Do Sr. Flávio Nogueira)
Altera  o  Decreto  nº  10.579,  de  18  de
dezembro de 2020, ao modificar a redação do
“caput” do art. 1º e seu correspondente § 1º, do
art.  3º,  e  alterar  o  art.  4º,  que  passa  a  ser
disposto como art. 5º.
O Congresso Nacional decreta:
Art. 1º Esta Lei altera o Decreto nº 10.579, de 18 de dezembro de 2020, modifica
a redação do caput do art. 1º e seu correspondente § 1º, do art. 3º, e altera o art. 4º,
que passa a ser disposto como art. 5º.
Art. 2º O Decreto nº 10.579, de 18 de dezembro de 2020 passa a vigorar com a
seguinte r",0.0
98,1,PENSÃO ESPECIAL ÓRFÃOS COVID,PL 600/2022,Institui pensão especial às crianças que perderam seus pais em decorrência da Covid-19.,"PROJETO DE LEI Nº          , DE 2021
(Do Sr. JOSÉ NELTO)
Institui pensão especial às crianças que 
perderam seus pais em decorrência da Covid-19. 
O Congresso Nacional decreta:
Art. 1º Fica instituída a pensão especial às crianças que perderam 
seus pais em decorrência da Covid-19 e que tenham renda familiar per capita de até
2 (dois) salários mínimos.
Parágrafo único:  O valor da pensão concedida nos termos desta Lei
não integrará a base de cálculo para determinação da renda familiar.
Art. 2º A pensão especial de que trata esta Lei:
I – terá valor de 1 (um) salário mínimo e será paga mensalme",1.0
98,1,PENSÃO ESPECIAL ÓRFÃOS COVID,PL 1783/2021,"Dispõe sobre pensão por morte para os dependentes dos trabalhadores que vierem em decorrência da COVID-19, e dá outras providências.","CÂMARA DOS DEPUTADOS
Deputado Pastor Gil (PL/MA)
PROJETO DE LEI Nº          , DE 2021
(Do Sr. Pastor Gil)
Dispõe  sobre  pensão  por  morte
para  os  dependentes  dos  trabalhadores
que vierem em decorrência da COVID-
19, e dá outras providências. 
O Congresso Nacional decreta:
Art.  1º  Esta  lei  dispõe  sobre  a  concessão  de  pensão  por  morte  aos
dependentes de trabalhadores que falecerem devido ao contágio da COVID-19, ou por
complicações decorrentes desta.
§1º Para efeito desta lei, serão considerados os trabalhadores de atividades
essenciais - àquelas elencadas no art. 10º da lei 7.",0.5
98,1,PENSÃO ESPECIAL ÓRFÃOS COVID,PL 2183/2021,"Institui pensão especial destinada a
crianças, cujos pais ou mães
faleceram vítimas do coronavírus
(Covid-19).","CÂMARA DOS DEPUTADOS
Dep. Darci de Matos
PROJETO DE LEI Nº               , DE 2021
(Do Sr. Darci de Matos)
Institui  pensão  especial  destinada  a
crianças  órfãs  de  pais  vítimas  do
coronavírus (Covid-19). 
O Congresso Nacional decreta:
Art. 1º Esta Lei institui a pensão especial destinada a crianças ou
ao adolescentes órfãos de pais e mães que tiverem falecido em função do
coronavírus (Covid-19).
§ 1º A pensão especial será mensal, intransferível e terá o valor
de um salário mínimo.
§ 2º O pagamento ocorre até que os beneficiários de que trata o
caput  complete  18  (dezoito)  anos,  sen",1.0
98,1,PENSÃO ESPECIAL ÓRFÃOS COVID,PL 1292/2022,"Institui a pensão especial a ser concedida a dependentes com idade de até 21 (vinte e um) anos, órfãos em razão do crime de feminicídio tipificado no art. 121, § 2º, inciso VI, do Código Penal (Decreto-Lei nº 2.848, de 7 de dezembro de 1940).","PROJETO DE LEI Nº          , DE 2022
(Do Sr. LUIS MIRANDA)
Institui  a  pensão  especial  a  ser
concedida a dependentes com idade de até
21 (vinte e um) anos,  órfãos em razão do
crime de feminicídio tipificado no art. 121, §
2º, inciso VI, do Código Penal (Decreto-Lei
nº 2.848, de 7 de dezembro de 1940).
O Congresso Nacional decreta:
Art.  1º  Fica  instituída  a  pensão  especial  a  ser  concedida  a
dependentes com idade de até 21 (vinte e um) anos, órfãos em razão do crime
de feminicídio tipificado no art. 121, § 2º, inciso VI, do Código Penal (Decreto-
Lei nº 2.848, de 7 de dezembro de ",0.0
98,1,PENSÃO ESPECIAL ÓRFÃOS COVID,PL 6196/2019,Estabelece que os condenados por cometimento de homicídio doloso são responsáveis pelo pagamento de pensão alimentícia aos filhos órfãos da vítima.,"PROJETO DE LEI Nº          , DE 2019 
(Do Sr. CAPITÃO WAGNER) 
Estabelece que os condenados por 
cometimento de homicídio doloso são 
responsáveis pelo pagamento de pensão 
alimentícia aos filhos órfãos da vítima. 
O Congresso Nacional decreta: 
Art. 1º Esta lei estabelece que os condenados por cometimento 
de homicídio doloso são responsáveis pelo pagamento de pensão alimentícia 
aos filhos órfãos da vítima.  
Art. 2º A simples condenação por cometimento de homicídio 
doloso já torna o condenado responsável pelo pagamento de pensão 
alimentícia aos filhos órfãos da vítima, cujas ações de alim",0.0
98,1,PENSÃO ESPECIAL ÓRFÃOS COVID,PL 976/2022,Institui pensão especial destinada às crianças e adolescentes filhas(os) de mães vítimas de feminicídio.,"PROJETO DE LEI Nº _____, DE 2022
(Da Sra. Maria do Rosário)
Institui pensão especial destinada
às  crianças  e  adolescentes
filhas(os)  de  mães  vítimas  de
feminicídio.
O Congresso Nacional decreta:
Art.  1º  Fica  instituída  a  pensão  especial  destinada  às  crianças  e
adolescentes órfãos em razão da mãe ter sido vítima de feminicídio nos termos
da  Lei  nº  13.104  de  2015,  passando  a  ser  beneficiárias  do  Benefício  de
Prestação Continuada (BPC) de que trata o Art. 20 da Lei nº 8.742, de 7 de
dezembro de 1993.
Parágrafo único. A pensão especial será mensal, intransferível e
ter",0.0
99,1,O Deputado Gustavo Binenbojm solicita estudo sobre candidaturas avulsas no direito comparado.,INC 684/2015,"Sugere ao Ministério da Educação a inserção da disciplina ""Direito Constitucional"" no currículo escolar do ensino médio.","REQUERIMENTO 
(Do Sr. Deputado Kaio Maniçoba) 
Requer o envio de Indicação ao 
Poder Executivo sugerindo a inserção da 
disciplina “Direito Constitucional” no 
currículo escolar do ensino médio. 
Senhor Presidente, 
Nos termos do art. 113, inciso I e § 1o, do Regimento 
Interno da Câmara dos Deputados, requeiro a V. Exª. seja encaminhada ao 
Poder Executivo a Indicação em anexo, sugerindo que promova, por meio do 
seu órgão ministerial – o MEC – a inserção da disciplina “Direito Constitucional” 
no currículo escolar do ensino médio. 
Sala das Sessões, em 09 de julho de 2015. 
Deputado KAIO MAN",0.0
99,1,O Deputado Gustavo Binenbojm solicita estudo sobre candidaturas avulsas no direito comparado.,INC 61/2019,"Solicita ao Ministério da Justiça e Segurança Pública instalação de procedimento investigativo urgente para apurar o suposto esquema de candidaturas ""laranja"" do Partido Social Liberal (PSL) e a responsabilidade do sr. Gustavo Bebianno no repasse de recursos a essas candidaturas.","CÂMARA DOS DEPUTADOS 
 
 
INDICAÇÃO N°             , DE 2019 
(Do Sr. Rogério Correia) 
 
Solicita ao Ministério da Justiça e Segurança 
Pública instalação de procedimento 
investigativo urgente para apurar o suposto 
esquema de candidaturas “laranja” do Partido 
Social Liberal (PSL) e a responsabilidade do 
sr. Gustavo Bebianno no repasse de recursos a 
essas candidaturas. 
 
Excelentíssimo Sr. Ministro de Justiça e Segurança Pública: 
A crise política instalada no governo federal com as denúncias de candidaturas 
“laranja” do Partido Social Liberal (PSL) nas eleições de 2018 e o possível env",0.0
99,1,O Deputado Gustavo Binenbojm solicita estudo sobre candidaturas avulsas no direito comparado.,PRC 160/2016,Veda candidaturas avulsas nas eleições para composição das mesas das comissões da Câmara dos Deputados.,"Câmara dos Deputados 
 
 
PROJETO DE RESOLUÇÃO Nº       DE 2016 
(DO SR. VINÍCIUS GURGEL) 
 
 
 
Veda candidaturas avulsas nas 
eleições para composição das 
mesas das comissões da Câmara 
dos Deputados. 
 
 
 
A Câmara dos Deputados resolve: 
Art. 1º Os artigos 8º e 39 do Regimento Interno da Câmara dos 
Deputados, aprovado pela Resolução nº 17, de 21 de setembro de 1989, passa 
a vigorar com a seguinte redação: 
 
“Art. 8º Na composição da Mesa será assegurada, tanto quanto 
possível, a representação proporcional dos Partidos ou Blocos 
Parlamentares que participem da Câmara, os quais escolh",0.5
99,1,O Deputado Gustavo Binenbojm solicita estudo sobre candidaturas avulsas no direito comparado.,PRC 157/2009,Altera dispositivos do Regimento Interno da Câmara dos Deputados para extinguir a possibilidade de candidatura avulsa a cargos da Mesa Diretora.,"B r as í l i a  –  C âm a r a  d os  D e pu t ad o s  : :  A n e xo  IV  : :  G a b i n e t e  3 30  : :  ( 61 )  32 1 5 . 5 3 3 0
S ã o  P a u l o  –  R u a  D o u t o r  C ân d i d o  E s p i n h e i ra ,  3 9 6  : :  c j .  2 1  e  2 2  : :  P e r d i ze s  : :  ( 1 1 )  3 8 6 2 . 5 53 4
d ep . a r n a l d om ad e i r a@ c am a r a .g o v . b r  : :  d e p . a r n a l d om a d e i r a@ u o l . c om . b r
CÂMARA DOS DEPUTADOS
Deputado ARN ALDO M ADEIR A
PROJETO DE RESOLUÇÃO Nº           , DE 2009
(Do Sr. Arnaldo Madeira)
Altera dispositivos do Regimento
Interno da Câmara dos Deputados para
e",0.0
99,1,O Deputado Gustavo Binenbojm solicita estudo sobre candidaturas avulsas no direito comparado.,INC 1211/2020,Sugere a implantação do conteúdo de Noções Básicas de Direito no currículo da educação básica.,"INDICAÇÃO Nº      , DE 2020
(Do Sr. GURGEL)
Sugere a implantação do conteúdo de
Noções Básicas  de  Direito  no  currículo  da
educação básica.
Excelentíssimo Senhor Ministro de Estado da Educação,
É  medida  de  cidadania  a  divulgação  do  Direito  junto  aos
educandos da educação básica, mormente em face do neoconstitucionalismo
contemporâneo, no qual “as leis fundamentais passam a imiscuir-se em novas
áreas,  não só instituindo direitos de caráter prestacional  [...],  como também
disciplinando assuntos  sobre  os  quais  elas  antes  silenciavam,  como ordem
econômica, relações familiare",0.0
99,1,O Deputado Gustavo Binenbojm solicita estudo sobre candidaturas avulsas no direito comparado.,PRC 266/2005,Acrescenta parágrafo único ao art. 7º do Regimento Interno.,"PROJETO DE RESOLUÇÃO Nº ....., DE 2005
(Do Sr. Mauro Passos)
Acrescenta parágrafo único ao art. 7º do
Regimento Interno.
A Câmara dos Deputados resolve:
Art. 1º – O Art. 7º do Regimento Interno da Câmara dos Deputados 
passa a vigorar com a adoção de um Parágrafo Único com a seguinte 
redação:
Art. 7º -  ................................................................................................
...............................................................................................................
Parágrafo Único – O registro individual à Mesa , de candidaturas ao 
cargo de Preside",0.0
99,1,O Deputado Gustavo Binenbojm solicita estudo sobre candidaturas avulsas no direito comparado.,PRC 114/2015,Dá nova redação ao § 2º do artigo 218 do Regimento Interno da Câmara dos Deputados.,"PROJETO DE RESOLUÇÃO Nº              /2015 
 
Dá nova redação ao § 2º do artigo 218 do 
Regimento Interno da Câmara dos 
Deputados. 
 
Art. 1° - O parágrafo 2° do artigo 218 do Regimento Interno da Câmara dos Deputados 
passa a vigorar coma seguinte redação: 
 
Art. 218 . .................................................................................................................... 
 
§ 2º. Recebida a denúncia pelo Presidente, verificada a existência dos requisitos de 
que trata o parágrafo anterior, será lida no expediente da sessão seguinte e 
despachada à Comissão especial eleita, da q",0.0
99,1,O Deputado Gustavo Binenbojm solicita estudo sobre candidaturas avulsas no direito comparado.,PLP 127/2004,"Altera os artigos 19 e 22 da Lei Complementar nº 64, de 18 de maio de 1990  - Lei de Inelegibilidade.","PROJETO DE LEI COMPLEMENTAR NO           ,  DE 2004
(Do Sr. Gustavo Fruet)
Altera os artigos 19 e 22 da Lei
Complementar nº 64, de 18 de maio de 1990
(Lei de Inelegibilidade)
O Congresso Nacional decreta:
Art. 1o  Esta Lei Complementar altera os artigos 19 e 22 da
Lei Complementar nº 64, de 18 de maio de 1990.
Art. 2º Os artigos adiante enumerados da Lei
Complementar nº 64/90 passam a vigorar com a seguinte redação:
“Art. 19. As transgressões pertinentes a origem de
valores pecuniários, abuso de poder econômico, ou político,
em detrimento da liberdade do voto, inclusive nas
convenções partidár",0.0
99,1,O Deputado Gustavo Binenbojm solicita estudo sobre candidaturas avulsas no direito comparado.,PEC 229/2008,"Altera o inciso V do § 3º do art. 14 da Constituição Federal para permitir a candidatura de pessoas sem filiação partidária, mediante apoio de um número mínimo de eleitores.","PROPOSTA DE EMENDA À CONSTITUIÇÃO Nº     , DE 2008 
 
 
Altera o inciso V do § 3º do art. 14 da 
Constituição Federal para permitir a 
candidatura de pessoas sem filiação 
partidária, mediante apoio de um 
número mínimo de eleitores. 
 
 
 
As mesas da Câmara dos Deputados e do Senado 
Federal, nos termos do § 3º do art. 60 da Constituição Federal, 
promulgam a seguinte emenda ao texto constitucional: 
 
Art. 1º. O inciso V do § 3º do art. 14 da Constituição 
Federal passa a vigorar com a seguinte redação: 
 
""Art.14. 
...........................................................................",0.5
99,1,O Deputado Gustavo Binenbojm solicita estudo sobre candidaturas avulsas no direito comparado.,PEC 378/2017,"Altera o art. 14 da Constituição Federal, para permitir a apresentação de candidaturas a cargo eletivo independentemente de filiação partidária, desde que haja o apoio de, no mínimo, um por cento dos eleitores da respectiva circunscrição eleitoral.","PROPOSTA DE EMENDA À CONSTITUIÇÃO No         , DE 2017 
(Da Sra. RENATA ABREU e outros) 
Altera o art. 14 da Constituição Federal, 
para permitir a apresentação de 
candidaturas a cargo eletivo 
independentemente de filiação partidária, 
desde que haja o apoio de, no mínimo, um 
por cento dos eleitores da respectiva 
circunscrição eleitoral. 
As Mesas da Câmara dos Deputados e do Senado Federal, 
nos termos do § 3º do art. 60 da Constituição Federal, promulgam a seguinte 
emenda ao texto constitucional:  
Art. 1º O art. 14 da Constituição Federal passa a vigorar com a 
seguinte redação: 
“Art.",0.5
